X,Y,FID,STOPID,DIRECCION,COMPLEMENT,DESCRIP,T_PARADA,CORREDOR,BARRIO,SECTOR,ZONA,FOTO_1,FOTO_2,FUENTE,LATITUD,LONGITUD
1058655.2082,874196.9704,1,519182,Av 15 Oe entre Cl 7 Oe y 8 Oe,Bajo Aguacatal, ,PARADA EXTERNA, ,Aguacatal,Comuna 01,Zona 0 - CENTRO, , ,Metro Cali S.A. 22 de agosto de 2023,3.4584507969,-76.5497608288
1058437.9871,874388.3745,2,519183,Av 15 Oe con Cl 9 Oe_1, , ,PARADA EXTERNA, ,Aguacatal,Comuna 01,Zona 0 - CENTRO, , ,Metro Cali S.A. 22 de agosto de 2023,3.4601813993,-76.5517154457
1058277.8175,874394.7797,3,519184,Av 15 Oe entre Cl 9 Oe y 10 Oe, , ,PARADA EXTERNA, ,Aguacatal,Comuna 01,Zona 0 - CENTRO, , ,Metro Cali S.A. 22 de agosto de 2023,3.4602392663,-76.5531566599
1058018.1817,874328.3883,4,519185,Av 15 Oe entre Cl 10 Oe y 11 Oe,Urbanización Senderos Aguacatal, ,PARADA EXTERNA, ,Aguacatal,Comuna 01,Zona 0 - CENTRO, , ,Metro Cali S.A. 22 de agosto de 2023,3.4596388762,-76.555492851
1057628.2134,874577.5152,5,519186,Cl 11 Oe con Av 15 Oe_1,Colegio la Presentacion del Aguacatal, ,PARADA EXTERNA, ,Aguacatal,Comuna 01,Zona 0 - CENTRO, , ,Metro Cali S.A. 22 de agosto de 2023,3.4618913312,-76.5590018897
1057539.7646,874524.9276,6,519187,Av 15 Oe con Cl 11A Oe_1,Unidad residencial Claro de Luna, ,PARADA EXTERNA, ,Aguacatal,Comuna 01,Zona 0 - CENTRO, , ,Metro Cali S.A. 22 de agosto de 2023,3.4614158047,-76.5597977372
1057368.7099,874310.27,7,519188,Cl 15 Oe_M1,Conjunto residencial Murano, ,PARADA EXTERNA, ,Aguacatal,Comuna 01,Zona 0 - CENTRO, , ,Metro Cali S.A. 22 de agosto de 2023,3.4594748187,-76.5613368131
1057162.079,874088.9867,8,519189,Cl 15 Oe_SM1,Urbanización Santa Marta de los Caballeros, ,PARADA EXTERNA, ,Aguacatal,Comuna 01,Zona 0 - CENTRO, , ,Metro Cali S.A. 22 de agosto de 2023,3.4574739067,-76.5631959951
1056975.8797,873910.0752,9,519190,Av 9 Oe entre Cl 22A Oe y 23 Oe, , ,PARADA EXTERNA, ,Aguacatal,Comuna 01,Zona 0 - CENTRO, , ,Metro Cali S.A. 22 de agosto de 2023,3.4558561229,-76.5648713438
1056842.8485,873931.5579,10,519191,Av 9 Oe entre Cl 23 Oe y 23C Oe,Cantera, ,PARADA EXTERNA, ,Aguacatal,Comuna 01,Zona 0 - CENTRO, , ,Metro Cali S.A. 22 de agosto de 2023,3.4560503116,-76.5660683675
1056829.2249,873922.7033,11,519192,Av 9 Oe entre Cl 23C Oe y 23 Oe,Inicio de ruta, ,PARADA EXTERNA, ,Aguacatal,Comuna 01,Zona 0 - CENTRO, , ,Metro Cali S.A. 22 de agosto de 2023,3.4559702429,-76.5661909489
1057022.8901,873887.836,12,519193,Av 9 Oe entre Cl 23 Oe y 22A Oe, , ,PARADA EXTERNA, ,Aguacatal,Comuna 01,Zona 0 - CENTRO, , ,Metro Cali S.A. 22 de agosto de 2023,3.455655057,-76.5644483351
1057172.4394,874100.1319,13,519194,Cl 15 Oe_SM2,Urbanización Santa Marta de los Caballeros, ,PARADA EXTERNA, ,Aguacatal,Comuna 01,Zona 0 - CENTRO, , ,Metro Cali S.A. 22 de agosto de 2023,3.4575746851,-76.5631027766
1057389.1379,874315.4469,14,519195,Cl 15 Oe_M2,Conjunto residencial Murano, ,PARADA EXTERNA, ,Aguacatal,Comuna 01,Zona 0 - CENTRO, , ,Metro Cali S.A. 22 de agosto de 2023,3.4595216361,-76.5611530034
1057526.0295,874462.2609,15,519196,Av 15 Oe con Cl 11A Oe_2,Unidad residencial Claro de Luna, ,PARADA EXTERNA, ,Aguacatal,Comuna 01,Zona 0 - CENTRO, , ,Metro Cali S.A. 22 de agosto de 2023,3.4608491711,-76.559921303
1057626.4234,874546.2239,16,519197,Cl 11 Oe con Av 15 Oe_2,Colegio la Presentacion del Aguacatal, ,PARADA EXTERNA, ,Aguacatal,Comuna 01,Zona 0 - CENTRO, , ,Metro Cali S.A. 22 de agosto de 2023,3.4616083965,-76.5590179848
1058029.4088,874323.7179,17,519198,Av 15 Oe entre Cl 12 Oe y 10 Oe,Puente Río Aguacatal, ,PARADA EXTERNA, ,Aguacatal,Comuna 01,Zona 0 - CENTRO, , ,Metro Cali S.A. 22 de agosto de 2023,3.4595966504,-76.5553918277
1058273.3411,874383.261,18,519199,Av 15 Oe entre Cl 10 Oe y 9 Oe, , ,PARADA EXTERNA, ,Aguacatal,Comuna 01,Zona 0 - CENTRO, , ,Metro Cali S.A. 22 de agosto de 2023,3.4601351135,-76.5531969352
1058489.1274,874341.8139,19,519200,Av 15 Oe con Cl 9 Oe_2, , ,PARADA EXTERNA, ,Aguacatal,Comuna 01,Zona 0 - CENTRO, , ,Metro Cali S.A. 22 de agosto de 2023,3.4597604161,-76.5512552697
1058656.2112,874181.8737,20,519201,Av 15 Oe entre Cl 8 Oe y 7 Oe,Bajo Aguacatal, ,PARADA EXTERNA, ,Aguacatal,Comuna 01,Zona 0 - CENTRO, , ,Metro Cali S.A. 22 de agosto de 2023,3.4583142937,-76.5497517996
1058838.2984,873838.6688,21,519202,Av 15 con Av 4 Oe, , ,PARADA EXTERNA, ,Aguacatal,Comuna 01,Zona 0 - CENTRO, , ,Metro Cali S.A. 22 de agosto de 2023,3.4552111045,-76.5481132857
1057816.1159,874471.6566,22,519204,Cl 11 Oe entre Av 15 Oe y Cl 11A Oe, , ,PARADA EXTERNA, ,Aguacatal,Comuna 01,Zona 0 - CENTRO, , ,Metro Cali S.A. 22 de agosto de 2023,3.460934231,-76.5573110958
1057755.8946,874490.4132,23,519207,Cl 11 Oe entre Cl 11A Oe y Av 15 Oe, , ,PARADA EXTERNA, ,Aguacatal,Comuna 01,Zona 0 - CENTRO, , ,Metro Cali S.A. 22 de agosto de 2023,3.4611038059,-76.5578529764
1058727.8604,873730.8812,24,519039,Av 4 Oe entre Cl 6 Oe y Av 5 Oe,Edificio Rio Aguacatal,Parada ubicada sobre avenida 4N entre calle 6 y 7 Oeste. estaión de bombeo agua potable Terron 1. En sentido Oriente - Occidente.,PARADA EXTERNA, ,Terrón Colorado,Comuna 01,Zona 0 - CENTRO,http://geoportal.metrocali.gov.co/fotos_paradas/519039_20191212124652.jpg,http://geoportal.metrocali.gov.co/fotos_paradas/519039_20191212124917.jpg,Metro Cali S.A. 22 de agosto de 2023,3.4542364661,-76.5491069768
1058531.0487,873382.5367,25,519077,Kr 2 entre Cl 11 Oe y 10 Oe,Liceo Benalcazar,Parada ubicada sobre carrera 2 entre calle 11 y 10 Oeste. Edificio el Retiro de Santa Teresita. En sentido Occidente - Oriente.,PARADA EXTERNA, ,Arboledas,Comuna 02,Zona 0 - CENTRO,http://geoportal.metrocali.gov.co/fotos_paradas/519077_20191219131655.jpg,http://geoportal.metrocali.gov.co/fotos_paradas/519077_20191219131723.jpg,Metro Cali S.A. 22 de agosto de 2023,3.4510867011,-76.5508777851
1058759.7816,873468.949,26,519078,Kr 2 entre Cl 9 Oe y 7 Oe,Edificion Alianza, ,PARADA EXTERNA, ,Arboledas,Comuna 02,Zona 0 - CENTRO, , ,Metro Cali S.A. 22 de agosto de 2023,3.4518680994,-76.5488196803
1058963.2975,872932.8936,27,519099,Kr 4 con 7 Oe, , ,PARADA EXTERNA, ,Arboledas,Comuna 02,Zona 0 - CENTRO, , ,Metro Cali S.A. 22 de agosto de 2023,3.4470211712,-76.5469883185
1059508.5157,873468.6212,28,513002,Av 4 Oe con Av 4A Oe, , ,PARADA EXTERNA, ,Normandía,Comuna 02,Zona 0 - CENTRO, , ,Metro Cali S.A. 22 de agosto de 2023,3.451865312,-76.5420826005
1059054.0815,873706.7955,29,519038,Av 4 Oe entre Cl 4 Oe y Av 4A Oe, ,Parada ubicada sobre avenida 4N entre calle 4 Oeste y carrera 1. a 20m del puente de carrera 1. En sentido Sur - Norte.,PARADA EXTERNA, ,Normandía,Comuna 02,Zona 0 - CENTRO,http://geoportal.metrocali.gov.co/fotos_paradas/519038_20191212123344.jpg,http://geoportal.metrocali.gov.co/fotos_paradas/519038_20191212123406.jpg,Metro Cali S.A. 22 de agosto de 2023,3.4540187683,-76.5461716391
1059254.5241,873433.0659,30,519161,Av 4N entre Cl 3 Oe y 4 Oe,El Gato de Tejada,Parada ubicada sobre avenida 4N entre calle 3 y 4 Oeste. frente al parque de Los Gatos. En sentido Oriente - Occidente.,PARADA EXTERNA, ,Normandía,Comuna 02,Zona 0 - CENTRO,http://geoportal.metrocali.gov.co/fotos_paradas/519161_20191212122141.jpg,http://geoportal.metrocali.gov.co/fotos_paradas/519161_20191212122159.jpg,Metro Cali S.A. 22 de agosto de 2023,3.4515437686,-76.5443679989
1058810.7826,873894.144,31,519181,Av 15 Oe con Cl 5D Oe, , ,PARADA EXTERNA, ,Normandía,Comuna 02,Zona 0 - CENTRO, , ,Metro Cali S.A. 22 de agosto de 2023,3.4557127007,-76.5483608872
1058710.4325,873605.0146,32,519041,Cl 7 Oe con Av 1 Oe,La Portada al Mar,Parada ubicada sobre calle 7 Oeste con Avenida 1 Oeste. gobernacion del Valle del Cauca. en la plazoleta de la Gobernación. En sentido Sur - Norte.,PARADA EXTERNA, ,Santa Rita,Comuna 02,Zona 0 - CENTRO,http://geoportal.metrocali.gov.co/fotos_paradas/519041_20191212125635.jpg,http://geoportal.metrocali.gov.co/fotos_paradas/519041_20191212125707.jpg,Metro Cali S.A. 22 de agosto de 2023,3.4530983831,-76.5492637585
1058559.7616,873494.1949,33,519040,Kr 1 entre Cl 9 Oe y 10 Oe,Capricho Moda,Parada ubicada sobre carrera 1 entre calle 9 y 10 Oeste. En sentido Oriente - Occidente.,PARADA EXTERNA, ,Santa Teresita,Comuna 02,Zona 0 - CENTRO,http://geoportal.metrocali.gov.co/fotos_paradas/519040_20191219112202.jpg,http://geoportal.metrocali.gov.co/fotos_paradas/519040_20191219112233.jpg,Metro Cali S.A. 22 de agosto de 2023,3.452096316,-76.5506194595
1059187.3664,873330.0952,34,519043,Kr 1 con Cl 5 Oe,Museo La Tertulia,Parada ubicada sobre carrera 1 con calle 5 Oeste. Museo La Tertulia. En sentido Occidente - Oriente.,PARADA EXTERNA, ,Santa Teresita,Comuna 02,Zona 0 - CENTRO,http://geoportal.metrocali.gov.co/fotos_paradas/519043_20191219134742.jpg,http://geoportal.metrocali.gov.co/fotos_paradas/519043_20191219134821.jpg,Metro Cali S.A. 22 de agosto de 2023,3.4506126983,-76.5449722572
1058268.7049,873353.6708,35,519074,Kr 1 entre Cl 11 Oe y 12 Oe,Frente al Edificio Santa Teresita,Parada ubicada sobre carrera 1 entre calle 11 y 12 Oeste. frente a Edificio Santa Teresita. En sentido Oriente - Occidente.,PARADA EXTERNA, ,Santa Teresita,Comuna 02,Zona 0 - CENTRO,http://geoportal.metrocali.gov.co/fotos_paradas/519074_20191219113109.jpg,http://geoportal.metrocali.gov.co/fotos_paradas/519074_20191219113151.jpg,Metro Cali S.A. 22 de agosto de 2023,3.450825619,-76.5532383334
1058223.5882,873235.6771,36,519076,Kr 2 entre Cl 13 Oe y 12 Oe, ,Parada ubicada sobre carrera 2  entre calle 13 y 12 Oeste. En sentido  Occidente - Oriente.,PARADA EXTERNA, ,Santa Teresita,Comuna 02,Zona 0 - CENTRO,http://geoportal.metrocali.gov.co/fotos_paradas/519076_20191219130518.jpg,http://geoportal.metrocali.gov.co/fotos_paradas/519076_20191219130541.jpg,Metro Cali S.A. 22 de agosto de 2023,3.449758713,-76.5536442544
1057906.7062,873031.4926,37,519127,Kr 1 entre Kr 2B y 2A,Zoológico de Cali,Parada ubicada sobre carrera 1  Oeste entre carrera 2A y 2B. entrada principal Zoologico de Cali. En sentido  Norte - Sur.,PARADA EXTERNA, ,Santa Teresita,Comuna 02,Zona 0 - CENTRO,http://geoportal.metrocali.gov.co/fotos_paradas/519075_20191219124814.jpg,http://geoportal.metrocali.gov.co/fotos_paradas/519075_20191219124835.jpg,Metro Cali S.A. 22 de agosto de 2023,3.4479123853,-76.5564954704
1058848.7899,873657.8136,38,519162,Kr 1 entre Cl 7 Oe y Kr 1A,Super A,Parada ubicada sobre carrera 1 entre calle 11 Oeste y carrera 1A. Calima Motors. En sentido Sur - Norte.,PARADA EXTERNA, ,Santa Teresita,Comuna 02,Zona 0 - CENTRO,http://geoportal.metrocali.gov.co/fotos_paradas/519162_20191219132557.jpg,http://geoportal.metrocali.gov.co/fotos_paradas/519162_20191219132658.jpg,Metro Cali S.A. 22 de agosto de 2023,3.4535758253,-76.5480188362
1059050.4776,873414.5624,39,519289,Kr 1 entre Kr 1C y Cl 5 Oe,Edificio Alcazar del Rio,Parada ubicada sobre carrera 1 entre carrera 1C y calle 5 Oeste. Edificio Alcazar del Río. En sentido Norte - Sur.,PARADA EXTERNA, ,Santa Teresita,Comuna 02,Zona 0 - CENTRO,http://geoportal.metrocali.gov.co/fotos_paradas/519289_20191219133543.jpg,http://geoportal.metrocali.gov.co/fotos_paradas/519289_20191219133553.jpg,Metro Cali S.A. 22 de agosto de 2023,3.4513764132,-76.5462039961
1060832.3823,873112.5475,40,500850,CENTRO A1, , ,ESTACIÓN,CENTRO,El Calvario,Comuna 03,Zona 0 - CENTRO, , ,Metro Cali S.A. 22 de agosto de 2023,3.4486459101,-76.530170469
1060847.7564,873057.8957,41,500851,CENTRO A2, , ,ESTACIÓN,CENTRO,El Calvario,Comuna 03,Zona 0 - CENTRO, , ,Metro Cali S.A. 22 de agosto de 2023,3.4481517532,-76.5300321291
1060817.6855,872984.4897,42,519120,Kr 10 con Cl 13,Conexión con la estación Centro, ,PARADA EXTERNA, ,El Calvario,Comuna 03,Zona 0 - CENTRO, , ,Metro Cali S.A. 22 de agosto de 2023,3.4474880178,-76.530302698
1060827.6241,874034.1864,43,500600,TORRE DE CALI A1, , ,ESTACIÓN,CENTRO,El Hoyo,Comuna 03,Zona 0 - CENTRO, , ,Metro Cali S.A. 22 de agosto de 2023,3.4569793135,-76.5302133671
1060816.9466,873999.646,44,500601,TORRE DE CALI B1, , ,ESTACIÓN,CENTRO,El Hoyo,Comuna 03,Zona 0 - CENTRO, , ,Metro Cali S.A. 22 de agosto de 2023,3.4566670003,-76.5303094402
1060797.464,873993.1403,45,500602,TORRE DE CALI A2, , ,ESTACIÓN,CENTRO,El Hoyo,Comuna 03,Zona 0 - CENTRO, , ,Metro Cali S.A. 22 de agosto de 2023,3.4566081743,-76.5304847441
1060847.2936,874040.7877,46,500603,TORRE DE CALI B2, , ,ESTACIÓN,CENTRO,El Hoyo,Comuna 03,Zona 0 - CENTRO, , ,Metro Cali S.A. 22 de agosto de 2023,3.4570390039,-76.5300363814
1059140.357,872619.0228,47,519089,Kr 14 entre Cl 6 Oe y 5 Oe,Teatro al aire libre Los Cristales, ,PARADA EXTERNA, ,El Nacional,Comuna 03,Zona 0 - CENTRO, , ,Metro Cali S.A. 22 de agosto de 2023,3.4441832132,-76.5453950786
1059466.7574,872537.5715,48,519090,Kr 14 entre Cl 3 Oe y 2 Oe, , ,PARADA EXTERNA, ,El Nacional,Comuna 03,Zona 0 - CENTRO, , ,Metro Cali S.A. 22 de agosto de 2023,3.4434468076,-76.5424581475
1059983.8856,873232.4735,49,519071,Kr 4 entre Cl 5 y 4,CAMACOL,Parada ubicada sobre carrera 4 entre calle 5 y 4. Edificio Guillermo Naranjo Martínez. En sentido Oriente - Occidente.,PARADA EXTERNA, ,El Peñon,Comuna 03,Zona 0 - CENTRO,http://geoportal.metrocali.gov.co/fotos_paradas/519071_20191212113756.jpg,http://geoportal.metrocali.gov.co/fotos_paradas/519071_20191212113820.jpg,Metro Cali S.A. 22 de agosto de 2023,3.4497301659,-76.5378052025
1059584.2625,873234.6833,50,519072,Kr 3 entre Cl 1 Oe y 2 Oe,Centro de atención Emcali,Parada ubicada sobre carrera 3 entre calle 1 y 2 Oeste. Centro de atención especializado. Emcali. En sentido Oriente - Occidente.,PARADA EXTERNA, ,El Peñon,Comuna 03,Zona 0 - CENTRO,http://geoportal.metrocali.gov.co/fotos_paradas/519072_20191212120004.jpg,http://geoportal.metrocali.gov.co/fotos_paradas/519072_20191212120025.jpg,Metro Cali S.A. 22 de agosto de 2023,3.4497500747,-76.5414009877
1059508.2725,873350.5036,51,519073,Kr 2 entre Cl 2 Oe y 3 Oe, ,Parada ubicada sobre carrera 2 entre calle 2 y 3 Oeste. Edificio Peñon de Antaño. En sentido Oriente - Occidente.,PARADA EXTERNA, ,El Peñon,Comuna 03,Zona 0 - CENTRO,http://geoportal.metrocali.gov.co/fotos_paradas/519073_20191212121129.jpg,http://geoportal.metrocali.gov.co/fotos_paradas/519073_20191212121152.jpg,Metro Cali S.A. 22 de agosto de 2023,3.4507972997,-76.5420847648
1059746.5854,873307.3299,52,519079,Kr 1 con Cl 2A,Hotel Intercontinental Cali, ,PARADA EXTERNA, ,El Peñon,Comuna 03,Zona 0 - CENTRO, , ,Metro Cali S.A. 22 de agosto de 2023,3.4504069718,-76.5399404293
1059504.2983,873393.5956,53,519112,Kr 1 entre Kr 2 y Cl 2 Oe,El Peñon del Rio Cali, ,PARADA EXTERNA, ,El Peñon,Comuna 03,Zona 0 - CENTRO, , ,Metro Cali S.A. 22 de agosto de 2023,3.4511869341,-76.5421205332
1061376.8523,874418.5069,54,500500,RÍO CALI A1, , ,ESTACIÓN,CARRERA 1,El Piloto,Comuna 03,Zona 0 - CENTRO, , ,Metro Cali S.A. 22 de agosto de 2023,3.4604543539,-76.5252714242
1061689.3751,874378.7872,55,500650,PILOTO B1, , ,ESTACIÓN,CENTRO,El Piloto,Comuna 03,Zona 0 - CENTRO, , ,Metro Cali S.A. 22 de agosto de 2023,3.4600952205,-76.5224593305
1061330.07,874208.2078,56,500700,SAN NICOLÁS B1, , ,ESTACIÓN,CARRERA 1,El Piloto,Comuna 03,Zona 0 - CENTRO, , ,Metro Cali S.A. 22 de agosto de 2023,3.4585528398,-76.5256923631
1060248.7168,873401.7771,57,515001,Cl 8 entre Kr 3 y 4,Cámara de Comercio de Cali, ,PARADA EXTERNA, ,La Merced,Comuna 03,Zona 0 - CENTRO, , ,Metro Cali S.A. 22 de agosto de 2023,3.4512610392,-76.535422291
1060288.2285,873380.0209,58,519070,Kr 4 entre Cl 9 y 8,Cámara de Comercio de Cali, ,PARADA EXTERNA, ,La Merced,Comuna 03,Zona 0 - CENTRO, , ,Metro Cali S.A. 22 de agosto de 2023,3.4510643264,-76.5350667635
1060335.5612,873123.9726,59,519176,Cl 8 entre Kr 6 y 8,Centro Cultural Comfandi, ,PARADA EXTERNA, ,La Merced,Comuna 03,Zona 0 - CENTRO, , ,Metro Cali S.A. 22 de agosto de 2023,3.4487491594,-76.5346408321
1060101.1164,873030.121,60,519266,Cl 5 entre Kr 9 y 6,Comfenalco Valle, ,PARADA EXTERNA, ,La Merced,Comuna 03,Zona 0 - CENTRO, , ,Metro Cali S.A. 22 de agosto de 2023,3.4479005252,-76.5367503358
1060035.5218,872097.8511,61,501602,SANTA LIBRADA A2, , ,ESTACIÓN,CALLE 5,Los Libertadores,Comuna 03,Zona 0 - CENTRO, , ,Metro Cali S.A. 22 de agosto de 2023,3.4394709863,-76.5373404035
1060100.9284,872448.6596,62,519081,Cl 5 con Kr 16,Parque Artesanal Loma de la Cruz, ,PARADA EXTERNA, ,Los Libertadores,Comuna 03,Zona 0 - CENTRO, , ,Metro Cali S.A. 22 de agosto de 2023,3.442642986,-76.5367519386
1060053.3753,872209.0151,63,519082,Cl 5 entre Kr 19 y 22,Conexión con la estación Santa Librada, ,PARADA EXTERNA, ,Los Libertadores,Comuna 03,Zona 0 - CENTRO, , ,Metro Cali S.A. 22 de agosto de 2023,3.4404761273,-76.5371797779
1059938.0067,872058.5769,64,519083,Kr 23 entre Cl 5 y 3A, , ,PARADA EXTERNA, ,Los Libertadores,Comuna 03,Zona 0 - CENTRO, , ,Metro Cali S.A. 22 de agosto de 2023,3.4391158554,-76.5382178226
1060005.8604,872102.6699,65,519117,Cl 5 entre Kr 22 y 23,Conexión con la estación Santa Librada, ,PARADA EXTERNA, ,Los Libertadores,Comuna 03,Zona 0 - CENTRO, , ,Metro Cali S.A. 22 de agosto de 2023,3.4395145528,-76.5376072929
1058859.1526,872474.2666,66,519087,Kr 24C entre Cl 6 Oe y 10 Oe,Unidad residencial Andalucia, ,PARADA EXTERNA, ,Navarro - La Chanca,Comuna 03,Zona 0 - CENTRO, , ,Metro Cali S.A. 22 de agosto de 2023,3.4428742667,-76.547925287
1058813.4327,872499.635,67,519097,Cl 10 Oe entre Kr 24C y Cl 9 Oe,Puente Peatonal Mortiñal, ,PARADA EXTERNA, ,Navarro - La Chanca,Comuna 03,Zona 0 - CENTRO, , ,Metro Cali S.A. 22 de agosto de 2023,3.4431036343,-76.5483366756
1058858.3149,872558.7328,68,519294,Cl 9 Oe entre Kr 22A y 18, , ,PARADA EXTERNA, ,Navarro - La Chanca,Comuna 03,Zona 0 - CENTRO, , ,Metro Cali S.A. 22 de agosto de 2023,3.4436380048,-76.5479328463
1060040.4512,873125.7466,69,519069,Cl 5 entre Kr 5 y 6,Frente a Comfenalco, ,PARADA EXTERNA, ,San Antonio,Comuna 03,Zona 0 - CENTRO, , ,Metro Cali S.A. 22 de agosto de 2023,3.4487651567,-76.5372962118
1058858.207,872640.9669,70,519088,Kr 14 entre Cl 9 Oe y 8 Oe,Unidad Recreativa Los Cristales, ,PARADA EXTERNA, ,San Antonio,Comuna 03,Zona 0 - CENTRO, , ,Metro Cali S.A. 22 de agosto de 2023,3.4443815606,-76.5479338384
1058977.8573,872763.835,71,519098,Kr 5 con Cl 10 Oe,Los Cristales, ,PARADA EXTERNA, ,San Antonio,Comuna 03,Zona 0 - CENTRO, , ,Metro Cali S.A. 22 de agosto de 2023,3.4454925571,-76.5468572687
1060075.4516,872986.2955,72,519135,Cl 5 entre Kr 6 y 9,Comfenalco Valle, ,PARADA EXTERNA, ,San Antonio,Comuna 03,Zona 0 - CENTRO, , ,Metro Cali S.A. 22 de agosto de 2023,3.4475042537,-76.5369812589
1059900.9924,872574.3124,73,519092,Kr 14 entre Cl 3 y 4, , ,PARADA EXTERNA, ,San Cayetano,Comuna 03,Zona 0 - CENTRO, , ,Metro Cali S.A. 22 de agosto de 2023,3.4437790987,-76.5385509588
1059606.2605,872637.8191,74,519111,Cl 1 entre Kr 13A y 13,San Cayetano, ,PARADA EXTERNA, ,San Cayetano,Comuna 03,Zona 0 - CENTRO, , ,Metro Cali S.A. 22 de agosto de 2023,3.4443532686,-76.5412029347
1060100.1783,872628.2662,75,519136,Cl 5 entre Kr 13 y 14,Barrio San Cayetano, ,PARADA EXTERNA, ,San Cayetano,Comuna 03,Zona 0 - CENTRO, , ,Metro Cali S.A. 22 de agosto de 2023,3.444266978,-76.5367587154
1059707.6648,872540.8128,76,519160,Kr 14 entre Cl 2 y 2A, , ,PARADA EXTERNA, ,San Cayetano,Comuna 03,Zona 0 - CENTRO, , ,Metro Cali S.A. 22 de agosto de 2023,3.4434761628,-76.540290492
1060585.2752,872415.3853,77,501000,SAN BOSCO A1, , ,ESTACIÓN,CENTRO,San Juan Bosco,Comuna 03,Zona 0 - CENTRO, , ,Metro Cali S.A. 22 de agosto de 2023,3.442342186,-76.5323938436
1060557.138,872402.6097,78,501001,SAN BOSCO B1, , ,ESTACIÓN,CENTRO,San Juan Bosco,Comuna 03,Zona 0 - CENTRO, , ,Metro Cali S.A. 22 de agosto de 2023,3.4422266666,-76.532647017
1060536.2241,872400.6629,79,501002,SAN BOSCO A2, , ,ESTACIÓN,CENTRO,San Juan Bosco,Comuna 03,Zona 0 - CENTRO, , ,Metro Cali S.A. 22 de agosto de 2023,3.4422090614,-76.5328351973
1060603.2046,872416.1988,80,501003,SAN BOSCO B2, , ,ESTACIÓN,CENTRO,San Juan Bosco,Comuna 03,Zona 0 - CENTRO, , ,Metro Cali S.A. 22 de agosto de 2023,3.4423495436,-76.5322325172
1060088.406,872161.3875,81,501600,SANTA LIBRADA A1, , ,ESTACIÓN,CALLE 5,San Juan Bosco,Comuna 03,Zona 0 - CENTRO, , ,Metro Cali S.A. 22 de agosto de 2023,3.4400454869,-76.5368645694
1060053.1481,872111.8408,82,501601,SANTA LIBRADA B1, , ,ESTACIÓN,CALLE 5,San Juan Bosco,Comuna 03,Zona 0 - CENTRO, , ,Metro Cali S.A. 22 de agosto de 2023,3.4395974831,-76.537181807
1060104.4832,872173.8671,83,501603,SANTA LIBRADA B2, , ,ESTACIÓN,CALLE 5,San Juan Bosco,Comuna 03,Zona 0 - CENTRO, , ,Metro Cali S.A. 22 de agosto de 2023,3.4401583291,-76.5367199111
1060372.6048,872443.4858,84,518001,Cl 8 entre Kr 14 y 14A,Colegio San Juan Bosco, ,PARADA EXTERNA, ,San Juan Bosco,Comuna 03,Zona 0 - CENTRO, , ,Metro Cali S.A. 22 de agosto de 2023,3.4425962433,-76.534307428
1060124.8368,872629.5805,85,519138,Cl 5 entre Kr 14 y 13,Barrio San Juan Bosco, ,PARADA EXTERNA, ,San Juan Bosco,Comuna 03,Zona 0 - CENTRO, , ,Metro Cali S.A. 22 de agosto de 2023,3.4442788656,-76.5365368411
1060149.946,872332.1546,86,519270,Cl 5 entre Kr 15 y Cl 6,Colegio Santa Librada, ,PARADA EXTERNA, ,San Juan Bosco,Comuna 03,Zona 0 - CENTRO, , ,Metro Cali S.A. 22 de agosto de 2023,3.4415895621,-76.5363108671
1060261.149,872278.5483,87,519288,Kr 15 entre Cl 7 y 5,Colegio Santa Librada, ,PARADA EXTERNA, ,San Juan Bosco,Comuna 03,Zona 0 - CENTRO, , ,Metro Cali S.A. 22 de agosto de 2023,3.4411048732,-76.5353102702
1061869.1686,874219.0722,88,519013,Cl 25 entre Kr 3 y 4,Estación de servicio, ,PARADA EXTERNA, ,San Nicolás,Comuna 03,Zona 0 - CENTRO, , ,Metro Cali S.A. 22 de agosto de 2023,3.4586510889,-76.5208415413
1061494.8442,873838.8913,89,519034,Kr 5 entre Cl 21 y 22, , ,PARADA EXTERNA, ,San Nicolás,Comuna 03,Zona 0 - CENTRO, , ,Metro Cali S.A. 22 de agosto de 2023,3.4552135089,-76.5242097082
1061874.914,874000.4509,90,519035,Kr 5 entre Cl 24 y 25,Antes de la Cl 25, ,PARADA EXTERNA, ,San Nicolás,Comuna 03,Zona 0 - CENTRO, , ,Metro Cali S.A. 22 de agosto de 2023,3.4566743281,-76.5207898436
1062004.268,873571.3532,91,519045,Kr 8 entre Cl 25 y 24, , ,PARADA EXTERNA, ,San Nicolás,Comuna 03,Zona 0 - CENTRO, , ,Metro Cali S.A. 22 de agosto de 2023,3.4527944519,-76.5196259194
1061084.9737,873295.9844,92,519047,Kr 8 entre Cl 16 y 15, , ,PARADA EXTERNA, ,San Nicolás,Comuna 03,Zona 0 - CENTRO, , ,Metro Cali S.A. 22 de agosto de 2023,3.4503045558,-76.527897682
1060971.9654,873600.79,93,519048,Kr 5 entre Cl 15 y 16,Centro Comercial El Diamante, ,PARADA EXTERNA, ,San Nicolás,Comuna 03,Zona 0 - CENTRO, , ,Metro Cali S.A. 22 de agosto de 2023,3.4530605815,-76.5289145486
1061321.8255,873754.3741,94,519049,Kr 5 entre Cl 19 y 20,Parque San Nicolas, ,PARADA EXTERNA, ,San Nicolás,Comuna 03,Zona 0 - CENTRO, , ,Metro Cali S.A. 22 de agosto de 2023,3.4544493022,-76.5257665249
1061460.4986,873418.2462,95,519054,Kr 8 entre Cl 20 y 19, , ,PARADA EXTERNA, ,San Nicolás,Comuna 03,Zona 0 - CENTRO, , ,Metro Cali S.A. 22 de agosto de 2023,3.4514100598,-76.5245187339
1061557.9135,873587.9607,96,519174,Cl 21 entre Kr 7 y 7A,Comfandi San Nicolas, ,PARADA EXTERNA, ,San Nicolás,Comuna 03,Zona 0 - CENTRO, , ,Metro Cali S.A. 22 de agosto de 2023,3.4529446114,-76.5236422039
1061441.3433,873860.8062,97,519175,Cl 21 entre Kr 4 y 5, , ,PARADA EXTERNA, ,San Nicolás,Comuna 03,Zona 0 - CENTRO, , ,Metro Cali S.A. 22 de agosto de 2023,3.4554116602,-76.5246911097
1060966.7806,872606.9542,98,500950,FRAY DAMIÁN A1, , ,ESTACIÓN,CENTRO,San Pascual,Comuna 03,Zona 0 - CENTRO, , ,Metro Cali S.A. 22 de agosto de 2023,3.4440743771,-76.5289611224
1060979.805,872554.9544,99,500951,FRAY DAMIÁN A2, , ,ESTACIÓN,CENTRO,San Pascual,Comuna 03,Zona 0 - CENTRO, , ,Metro Cali S.A. 22 de agosto de 2023,3.4436041991,-76.5288439263
1061130.8073,872457.7457,100,501402,SAN PASCUAL A2, , ,ESTACIÓN,CENTRO,San Pascual,Comuna 03,Zona 0 - CENTRO, , ,Metro Cali S.A. 22 de agosto de 2023,3.4427252547,-76.527485219
1060667.977,873669.1078,101,500750,LA ERMITA A1, , ,ESTACIÓN,CENTRO,San Pedro,Comuna 03,Zona 0 - CENTRO, , ,Metro Cali S.A. 22 de agosto de 2023,3.4536782789,-76.5316498348
1060680.0554,873618.6907,102,500751,LA ERMITA A2, , ,ESTACIÓN,CENTRO,San Pedro,Comuna 03,Zona 0 - CENTRO, , ,Metro Cali S.A. 22 de agosto de 2023,3.4532224118,-76.5315411483
1060705.3838,873530.8522,103,500800,PLAZA DE CAYCEDO A1, , ,ESTACIÓN,CENTRO,San Pedro,Comuna 03,Zona 0 - CENTRO, , ,Metro Cali S.A. 22 de agosto de 2023,3.4524281839,-76.5313132352
1060865.425,873708.0651,104,501550,SAN PEDRO B1, , ,ESTACIÓN,CENTRO,San Pedro,Comuna 03,Zona 0 - CENTRO, , ,Metro Cali S.A. 22 de agosto de 2023,3.4540305476,-76.5298732055
1060844.7996,873751.4234,105,501551,SAN PEDRO B2, , ,ESTACIÓN,CENTRO,San Pedro,Comuna 03,Zona 0 - CENTRO, , ,Metro Cali S.A. 22 de agosto de 2023,3.4544225889,-76.5300587964
1060822.8096,873797.4201,106,501552,SAN PEDRO B3, , ,ESTACIÓN,CENTRO,San Pedro,Comuna 03,Zona 0 - CENTRO, , ,Metro Cali S.A. 22 de agosto de 2023,3.4548384863,-76.5302566663
1060831.8842,873651.6707,107,519055,Kr 4 entre Cl 15 y 14,Conexión con la estación San Pedro, ,PARADA EXTERNA, ,San Pedro,Comuna 03,Zona 0 - CENTRO, , ,Metro Cali S.A. 22 de agosto de 2023,3.45352063,-76.530175
1060549.4856,873519.512,108,519057,Kr 4 entre Cl 12 y 11,Plaza de Cayzedo, ,PARADA EXTERNA, ,San Pedro,Comuna 03,Zona 0 - CENTRO, , ,Metro Cali S.A. 22 de agosto de 2023,3.4523256298,-76.5327160001
1060395.4825,872847.7469,109,517002,Cl 8 entre Kr 10 y 12,Punto GANE, ,PARADA EXTERNA, ,Santa Rosa,Comuna 03,Zona 0 - CENTRO, , ,Metro Cali S.A. 22 de agosto de 2023,3.446251551,-76.534101629
1060341.5129,872884.2521,110,519080,Kr 10 entre Cl 7 y 8, , ,PARADA EXTERNA, ,Santa Rosa,Comuna 03,Zona 0 - CENTRO, , ,Metro Cali S.A. 22 de agosto de 2023,3.4465816218,-76.5345872473
1060602.9188,872923.8244,111,519119,Kr 10 entre Cl 10 y 11,Parque Santa Rosa, ,PARADA EXTERNA, ,Santa Rosa,Comuna 03,Zona 0 - CENTRO, , ,Metro Cali S.A. 22 de agosto de 2023,3.446939464,-76.5322351447
1060328.0077,871582.6149,112,519030,Cl 9 entre Kr 23D y 23C,Galería Alameda, ,PARADA EXTERNA, ,Alameda,Comuna 09,Zona 0 - CENTRO, , ,Metro Cali S.A. 22 de agosto de 2023,3.4348122942,-76.5347085924
1059998.445,872008.672,113,519173,Cl 5 con Kr 23, , ,PARADA EXTERNA, ,Alameda,Comuna 09,Zona 0 - CENTRO, , ,Metro Cali S.A. 22 de agosto de 2023,3.4386646285,-76.5376740003
1061607.7827,871619.8631,114,516017,Dg 23 entre Cl 18 y 17, , ,PARADA EXTERNA, ,Aranjuez,Comuna 09,Zona 0 - CENTRO, , ,Metro Cali S.A. 22 de agosto de 2023,3.4351491919,-76.5231934334
1061827.9615,871678.6267,115,516047,Kr 23 entre Cl 19B y 19A, , ,PARADA EXTERNA, ,Aranjuez,Comuna 09,Zona 0 - CENTRO, , ,Metro Cali S.A. 22 de agosto de 2023,3.4356805323,-76.5212123082
1061876.4977,872616.9557,116,501350,BELALCÁZAR A1, , ,ESTACIÓN,CARRERA 15,Barrio Obrero,Comuna 09,Zona 0 - CENTRO, , ,Metro Cali S.A. 22 de agosto de 2023,3.4441648472,-76.5207755907
1061900.105,873226.9603,117,519141,Kr 10 entre Cl 22A y 23,Parque Barrio Obrero, ,PARADA EXTERNA, ,Barrio Obrero,Comuna 09,Zona 0 - CENTRO, , ,Metro Cali S.A. 22 de agosto de 2023,3.4496804724,-76.5205631748
1061895.454,872613.9013,118,501351,BELALCÁZAR B1, , ,ESTACIÓN,CARRERA 15,Benalcázar,Comuna 09,Zona 0 - CENTRO, , ,Metro Cali S.A. 22 de agosto de 2023,3.4441372295,-76.520605024
1061657.6893,872135.9278,119,502950,CIEN PALOS B1, , ,ESTACIÓN,AGUABLANCA,Benalcázar,Comuna 09,Zona 0 - CENTRO, , ,Metro Cali S.A. 22 de agosto de 2023,3.4398154192,-76.5227443943
1061646.5015,872153.2004,120,502951,CIEN PALOS A1, , ,ESTACIÓN,AGUABLANCA,Benalcázar,Comuna 09,Zona 0 - CENTRO, , ,Metro Cali S.A. 22 de agosto de 2023,3.4399715968,-76.5228450607
1060465.0524,872031.9232,121,519031,Cl 9 entre Kr 19 y 17,Antes de Estacion de Servicio, ,PARADA EXTERNA, ,Bretaña,Comuna 09,Zona 0 - CENTRO, , ,Metro Cali S.A. 22 de agosto de 2023,3.4388749305,-76.5334755461
1060681.1751,872043.4621,122,519059,Cl 10 entre Kr 19 y 20, , ,PARADA EXTERNA, ,Bretaña,Comuna 09,Zona 0 - CENTRO, , ,Metro Cali S.A. 22 de agosto de 2023,3.438979289,-76.5315309102
1060712.9325,871773.6533,123,519062,Cl 10 entre Kr 22 y 23, , ,PARADA EXTERNA, ,Bretaña,Comuna 09,Zona 0 - CENTRO, , ,Metro Cali S.A. 22 de agosto de 2023,3.4365396972,-76.5312451351
1061096.787,872447.5908,124,501401,SAN PASCUAL B1, , ,ESTACIÓN,CENTRO,Guayaquil,Comuna 09,Zona 0 - CENTRO, , ,Metro Cali S.A. 22 de agosto de 2023,3.4426334324,-76.5277913287
1061147.0505,872444.741,125,501403,SAN PASCUAL B2, , ,ESTACIÓN,CENTRO,Guayaquil,Comuna 09,Zona 0 - CENTRO, , ,Metro Cali S.A. 22 de agosto de 2023,3.442607668,-76.5273390639
1061196.9973,872441.8099,126,501405,SAN PASCUAL B3, , ,ESTACIÓN,CENTRO,Guayaquil,Comuna 09,Zona 0 - CENTRO, , ,Metro Cali S.A. 22 de agosto de 2023,3.4425811683,-76.5268896487
1061022.5689,871965.4042,127,519025,Cl 13 entre Kr 20 y 21, , ,PARADA EXTERNA, ,Guayaquil,Comuna 09,Zona 0 - CENTRO, , ,Metro Cali S.A. 22 de agosto de 2023,3.4382735247,-76.5284590979
1061054.1375,871980.217,128,519026,Cl 13 entre Kr 21 y 20, , ,PARADA EXTERNA, ,Guayaquil,Comuna 09,Zona 0 - CENTRO, , ,Metro Cali S.A. 22 de agosto de 2023,3.4384074634,-76.5281750499
1061169.0896,871327.3199,129,516043,Dg 23 entre Cl 13B y 13,La Luna, ,PARADA EXTERNA, ,Junín,Comuna 09,Zona 0 - CENTRO, , ,Metro Cali S.A. 22 de agosto de 2023,3.4325040146,-76.5271406896
1061314.0502,871428.2857,130,516270,Dg 23 entre Cl 15 y Kr 23D, , ,PARADA EXTERNA, ,Junín,Comuna 09,Zona 0 - CENTRO, , ,Metro Cali S.A. 22 de agosto de 2023,3.4334169495,-76.5258363712
1061055.8216,871388.6284,131,519021,Cl 13 entre Kr 23D y 24, , ,PARADA EXTERNA, ,Junín,Comuna 09,Zona 0 - CENTRO, , ,Metro Cali S.A. 22 de agosto de 2023,3.4330583548,-76.5281598544
1061088.9986,871369.4665,132,519022,Cl 13 entre Dg 23 y Kr 23D,La Luna, ,PARADA EXTERNA, ,Junín,Comuna 09,Zona 0 - CENTRO, , ,Metro Cali S.A. 22 de agosto de 2023,3.4328850964,-76.5278613336
1061038.3488,871653.8881,133,519142,Cl 13 entre Kr 23 y 23A, , ,PARADA EXTERNA, ,Junín,Comuna 09,Zona 0 - CENTRO, , ,Metro Cali S.A. 22 de agosto de 2023,3.4354568159,-76.5283170902
1061069.3285,871669.8992,134,519290,Cl 13 entre Kr 23A y 23, , ,PARADA EXTERNA, ,Junín,Comuna 09,Zona 0 - CENTRO, , ,Metro Cali S.A. 22 de agosto de 2023,3.4356015895,-76.528038342
1060877.2384,871698.9358,135,519292,Kr 23 entre Cl 11A y 12, , ,PARADA EXTERNA, ,Junín,Comuna 09,Zona 0 - CENTRO, , ,Metro Cali S.A. 22 de agosto de 2023,3.4358641215,-76.5297667343
1061274.8465,872540.6613,136,501450,SUCRE B1, , ,ESTACIÓN,CENTRO,Sucre,Comuna 09,Zona 0 - CENTRO, , ,Metro Cali S.A. 22 de agosto de 2023,3.4434749812,-76.5261891767
1061257.8203,872589.1594,137,501451,SUCRE B2, , ,ESTACIÓN,CENTRO,Sucre,Comuna 09,Zona 0 - CENTRO, , ,Metro Cali S.A. 22 de agosto de 2023,3.4439134972,-76.5263423791
1061102.9645,873112.2156,138,501500,PETECUY B1, , ,ESTACIÓN,CENTRO,Sucre,Comuna 09,Zona 0 - CENTRO, , ,Metro Cali S.A. 22 de agosto de 2023,3.4486429306,-76.5277357893
1061086.8503,873160.4569,139,501501,PETECUY B2, , ,ESTACIÓN,CENTRO,Sucre,Comuna 09,Zona 0 - CENTRO, , ,Metro Cali S.A. 22 de agosto de 2023,3.4490791244,-76.5278807871
1061069.6592,873211.8688,140,501502,PETECUY B3, , ,ESTACIÓN,CENTRO,Sucre,Comuna 09,Zona 0 - CENTRO, , ,Metro Cali S.A. 22 de agosto de 2023,3.4495439865,-76.5280354751
1061639.7425,873258.6683,141,519121,Cl 21 entre Kr 9 y 10, , ,PARADA EXTERNA, ,Sucre,Comuna 09,Zona 0 - CENTRO, , ,Metro Cali S.A. 22 de agosto de 2023,3.4499671713,-76.5229059016
1061187.8658,873042.6621,142,519139, Kr 10 entre Cl 15 y 16, , ,PARADA EXTERNA, ,Sucre,Comuna 09,Zona 0 - CENTRO, , ,Metro Cali S.A. 22 de agosto de 2023,3.4480140374,-76.5269718491
1061557.0884,873141.6103,143,519140,Kr 10 entre Cl 19 y 20, , ,PARADA EXTERNA, ,Sucre,Comuna 09,Zona 0 - CENTRO, , ,Metro Cali S.A. 22 de agosto de 2023,3.4489087378,-76.5236496151
1061724.1186,872982.5349,144,519284,Cl 21 entre Kr 11B y 11D, , ,PARADA EXTERNA, ,Sucre,Comuna 09,Zona 0 - CENTRO, , ,Metro Cali S.A. 22 de agosto de 2023,3.4474703912,-76.5221466862
1059872.4508,871656.6302,145,517109,Cl 6 entre Kr 24A y 25,Museo Biblioteca Departamental, ,PARADA EXTERNA, ,3 de Julio,Comuna 19,Zona 0 - CENTRO, , ,Metro Cali S.A. 22 de agosto de 2023,3.4354814662,-76.5388076151
1059864.5675,871459.6582,146,517110,Cl 6 entre Kr 26 y 27, , ,PARADA EXTERNA, ,3 de Julio,Comuna 19,Zona 0 - CENTRO, , ,Metro Cali S.A. 22 de agosto de 2023,3.4337004558,-76.5388785135
1059853.6739,871221.082,147,517111,Cl 6 entre Kr 29 y 30,Iglesia La Milagrosa, ,PARADA EXTERNA, ,3 de Julio,Comuna 19,Zona 0 - CENTRO, , ,Metro Cali S.A. 22 de agosto de 2023,3.4315432621,-76.5389764905
1058784.531,872924.2833,148,519100,Kr 4 con Cl 8 Oe,Panadería, ,PARADA EXTERNA, ,Bellavista,Comuna 19,Zona 0 - CENTRO, , ,Metro Cali S.A. 22 de agosto de 2023,3.4469432713,-76.5485968419
1058571.9262,872847.6006,149,519101,Kr 4B entre Kr 4 y Cl 12 Oe,Antiguo ISS sede Bellavista, ,PARADA EXTERNA, ,Bellavista,Comuna 19,Zona 0 - CENTRO, , ,Metro Cali S.A. 22 de agosto de 2023,3.4462498525,-76.55050982
1058581.375,872845.9763,150,519103,Kr 4B entre Cl 12 Oe y 11 Oe,Antiguo ISS sede Bellavista, ,PARADA EXTERNA, ,Bellavista,Comuna 19,Zona 0 - CENTRO, , ,Metro Cali S.A. 22 de agosto de 2023,3.4462351683,-76.5504248001
1058776.3054,872917.215,151,519104,Kr 4 entre Cl 11 Oe y 8 Oe, , ,PARADA EXTERNA, ,Bellavista,Comuna 19,Zona 0 - CENTRO, , ,Metro Cali S.A. 22 de agosto de 2023,3.4468793579,-76.5486708533
1058923.2054,872919.1811,152,519105,Kr 4 entre Cl 8 Oe y 7 Oe, , ,PARADA EXTERNA, ,Bellavista,Comuna 19,Zona 0 - CENTRO, , ,Metro Cali S.A. 22 de agosto de 2023,3.4468971735,-76.5473490603
1058881.2181,872764.5117,153,519106,Kr 5 con Cl 10 Oe Retorno,Los Cristales, ,PARADA EXTERNA, ,Bellavista,Comuna 19,Zona 0 - CENTRO, , ,Metro Cali S.A. 22 de agosto de 2023,3.4454986513,-76.5477268188
1058335.3881,872746.2406,154,519128,Kr 4B entre Cl 12 Oe y 13 Oe, , ,PARADA EXTERNA, ,Bellavista,Comuna 19,Zona 0 - CENTRO, , ,Metro Cali S.A. 22 de agosto de 2023,3.4453332919,-76.5526381372
1058188.5245,872495.6749,155,519129,Cl 14 Oe con Cl 13 Oe_1,Conjunto residencial Mont Bre, ,PARADA EXTERNA, ,Bellavista,Comuna 19,Zona 0 - CENTRO, , ,Metro Cali S.A. 22 de agosto de 2023,3.4430676463,-76.5539595221
1058411.1672,872308.4615,156,519130,Cl 14 Oe entre Cl 13 Oe y Kr 24G,Unidad Montelugano, ,PARADA EXTERNA, ,Bellavista,Comuna 19,Zona 0 - CENTRO, , ,Metro Cali S.A. 22 de agosto de 2023,3.4413749422,-76.5519561549
1058337.6095,872396.039,157,519131,Cl 14 Oe con Cl 13 Bis Oe_2,Unidad residencial, ,PARADA EXTERNA, ,Bellavista,Comuna 19,Zona 0 - CENTRO, , ,Metro Cali S.A. 22 de agosto de 2023,3.4421667906,-76.5526180434
1058195.2275,872539.1434,158,519132,Cl 14 Oe con Cl 13 Oe_2,Conjunto residencial Mont Bre, ,PARADA EXTERNA, ,Bellavista,Comuna 19,Zona 0 - CENTRO, , ,Metro Cali S.A. 22 de agosto de 2023,3.443460688,-76.553899223
1058321.6408,872735.1596,159,519133,Kr 4B entre Cl 13 Oe y 12 Oe, , ,PARADA EXTERNA, ,Bellavista,Comuna 19,Zona 0 - CENTRO, , ,Metro Cali S.A. 22 de agosto de 2023,3.445233094,-76.5527618307
1058298.9526,872396.3646,160,519144,Cl 14 Oe con Cl 13 Bis Oe_1,Unidad residencial, ,PARADA EXTERNA, ,Bellavista,Comuna 19,Zona 0 - CENTRO, , ,Metro Cali S.A. 22 de agosto de 2023,3.4421697229,-76.5529658732
1060021.5532,870095.6267,161,517011,Kr 39 entre Cl 9A y 9, , ,PARADA EXTERNA, ,Champagnat,Comuna 19,Zona 0 - CENTRO, , ,Metro Cali S.A. 22 de agosto de 2023,3.4213669906,-76.5374657727
1059940.1284,870202.1791,162,517107,Cl 9 entre Kr 39 y 38,Villa Olimpica, ,PARADA EXTERNA, ,Champagnat,Comuna 19,Zona 0 - CENTRO, , ,Metro Cali S.A. 22 de agosto de 2023,3.4223304177,-76.5381984242
1060003.2545,870557.0377,163,517108,Cl 9 entre Kr 37 y 36,Canchas Panamericanas, ,PARADA EXTERNA, ,Champagnat,Comuna 19,Zona 0 - CENTRO, , ,Metro Cali S.A. 22 de agosto de 2023,3.4255390384,-76.5376304923
1060326.3998,870304.8026,164,517125,Cl 10 entre Kr 33 y 39,Canchas Panamericanas, ,PARADA EXTERNA, ,Champagnat,Comuna 19,Zona 0 - CENTRO, , ,Metro Cali S.A. 22 de agosto de 2023,3.4232583915,-76.53472289
1060434.7429,870640.3759,165,519015,Cl 10 entre Kr 32A y 33, , ,PARADA EXTERNA, ,Champagnat,Comuna 19,Zona 0 - CENTRO, , ,Metro Cali S.A. 22 de agosto de 2023,3.4262926392,-76.5337480936
1060080.7637,870767.7481,166,519027,Cl 9 entre Kr 32A y 32, , ,PARADA EXTERNA, ,Champagnat,Comuna 19,Zona 0 - CENTRO, , ,Metro Cali S.A. 22 de agosto de 2023,3.4274442815,-76.5369331191
1060154.9619,871011.0378,167,519028,Cl 9 entre Kr 31 y 30, , ,PARADA EXTERNA, ,Champagnat,Comuna 19,Zona 0 - CENTRO, , ,Metro Cali S.A. 22 de agosto de 2023,3.4296441037,-76.5362655395
1060246.3891,871309.5893,168,519029,Cl 9 entre Kr 28 y 27,Galería Alameda, ,PARADA EXTERNA, ,Champagnat,Comuna 19,Zona 0 - CENTRO, , ,Metro Cali S.A. 22 de agosto de 2023,3.4323436018,-76.535442942
1058795.8022,872517.2772,169,519107,Cl 10 Oe con Cl 9 Oe,El Mortinal, ,PARADA EXTERNA, ,El Mortiñal,Comuna 19,Zona 0 - CENTRO, , ,Metro Cali S.A. 22 de agosto de 2023,3.4432631494,-76.5484953174
1058773.6591,872427.8441,170,519115,Cl 11 Oe con Kr 24D, , ,PARADA EXTERNA, ,El Mortiñal,Comuna 19,Zona 0 - CENTRO, , ,Metro Cali S.A. 22 de agosto de 2023,3.4424544948,-76.5486945346
1058438.9389,872252.6721,171,519293,Cl 14 Oe entre Kr 24G y Cl 13 Oe,Retorno, ,PARADA EXTERNA, ,El Mortiñal,Comuna 19,Zona 0 - CENTRO, , ,Metro Cali S.A. 22 de agosto de 2023,3.440870506,-76.5517062526
1059666.1386,872237.6146,172,519084,Kr 23 entre Cl 2 y 1A, , ,PARADA EXTERNA, ,Miraflores,Comuna 19,Zona 0 - CENTRO, , ,Metro Cali S.A. 22 de agosto de 2023,3.4407346549,-76.5406640823
1059637.4233,871608.5311,173,501650,MANZANA DEL SABER A1, , ,ESTACIÓN,CALLE 5,San Fernando Viejo,Comuna 19,Zona 0 - CENTRO, , ,Metro Cali S.A. 22 de agosto de 2023,3.435046514,-76.5409223378
1059620.7607,871579.6684,174,501651,MANZANA DEL SABER B1, , ,ESTACIÓN,CALLE 5,San Fernando Viejo,Comuna 19,Zona 0 - CENTRO, , ,Metro Cali S.A. 22 de agosto de 2023,3.434785536,-76.541072259
1059605.5363,871567.7234,175,501652,MANZANA DEL SABER A2, , ,ESTACIÓN,CALLE 5,San Fernando Viejo,Comuna 19,Zona 0 - CENTRO, , ,Metro Cali S.A. 22 de agosto de 2023,3.434677527,-76.5412092428
1059651.9223,871620.4592,176,501653,MANZANA DEL SABER B2, , ,ESTACIÓN,CALLE 5,San Fernando Viejo,Comuna 19,Zona 0 - CENTRO, , ,Metro Cali S.A. 22 de agosto de 2023,3.43515437,-76.540791881
1059022.0454,871186.7654,177,517067,Cl 4B entre Kr 36B y 36,Universidad del Valle sede San Fernando, ,PARADA EXTERNA, ,San Fernando Viejo,Comuna 19,Zona 0 - CENTRO, , ,Metro Cali S.A. 22 de agosto de 2023,3.4312327989,-76.5464592839
1059291.7656,871194.7872,178,517068,Kr 36 entre Cl 4D y 5,Conexión con la estación Estadio, ,PARADA EXTERNA, ,San Fernando Viejo,Comuna 19,Zona 0 - CENTRO, , ,Metro Cali S.A. 22 de agosto de 2023,3.4313053946,-76.5440324062
1059387.2368,871281.2845,179,517258,Cl 5 entre Kr 34A y 35,Conexión con la estación Estadio, ,PARADA EXTERNA, ,San Fernando Viejo,Comuna 19,Zona 0 - CENTRO, , ,Metro Cali S.A. 22 de agosto de 2023,3.4320875189,-76.5431733969
1059248.1262,871024.2847,180,517259,Cl 5 entre Kr 36 y 37A,Hospital Universitario Evaristo Garcia, ,PARADA EXTERNA, ,San Fernando Viejo,Comuna 19,Zona 0 - CENTRO, , ,Metro Cali S.A. 22 de agosto de 2023,3.4297637114,-76.5444250252
1059518.4502,871498.0181,181,519093,Cl 4B entre Kr 27 y 34,Conexión con la estación Manzana del Saber, ,PARADA EXTERNA, ,San Fernando Viejo,Comuna 19,Zona 0 - CENTRO, , ,Metro Cali S.A. 22 de agosto de 2023,3.4340472385,-76.541992812
1059231.2702,871568.0532,182,519094,Kr 34 entre Cl 4 y 3, , ,PARADA EXTERNA, ,San Fernando Viejo,Comuna 19,Zona 0 - CENTRO, , ,Metro Cali S.A. 22 de agosto de 2023,3.4346804299,-76.544576814
1059144.5181,871791.9952,183,519095,Cl 3 Oe entre Kr 34 y 27,Parque del Perro, ,PARADA EXTERNA, ,San Fernando Viejo,Comuna 19,Zona 0 - CENTRO, , ,Metro Cali S.A. 22 de agosto de 2023,3.43670528,-76.5453574443
1058987.0814,872132.2424,184,519096,Kr 27 entre Cl 5 Oe y Kr 25,Olimpica, ,PARADA EXTERNA, ,San Fernando Viejo,Comuna 19,Zona 0 - CENTRO, , ,Metro Cali S.A. 22 de agosto de 2023,3.4397817368,-76.546774115
1059181.2218,871806.0019,185,519109,Kr 27 entre Cl 3 Oe y 2 Oe, , ,PARADA EXTERNA, ,San Fernando Viejo,Comuna 19,Zona 0 - CENTRO, , ,Metro Cali S.A. 22 de agosto de 2023,3.4368319363,-76.5450271943
1059338.4783,871660.1349,186,519110,Kr 27 entre Cl 3 y 4, , ,PARADA EXTERNA, ,San Fernando Viejo,Comuna 19,Zona 0 - CENTRO, , ,Metro Cali S.A. 22 de agosto de 2023,3.435513051,-76.5436121971
1059280.6989,872271.7031,187,519113,Kr 24C entre Kr 22A y Cl 6 Oe, , ,PARADA EXTERNA, ,San Fernando Viejo,Comuna 19,Zona 0 - CENTRO, , ,Metro Cali S.A. 22 de agosto de 2023,3.4410428014,-76.5441322207
1059098.8658,871964.8704,188,519263,Kr 27 entre Cl 4 Oe y 5 Oe, , ,PARADA EXTERNA, ,San Fernando Viejo,Comuna 19,Zona 0 - CENTRO, , ,Metro Cali S.A. 22 de agosto de 2023,3.4382683964,-76.5457682564
1059521.0308,871463.1697,189,519282,Cl 5 entre Kr 27 y 34,Conexión con la estación Manzana del Saber, ,PARADA EXTERNA, ,San Fernando Viejo,Comuna 19,Zona 0 - CENTRO, , ,Metro Cali S.A. 22 de agosto de 2023,3.4337321419,-76.5419695853
1059061.0805,872385.8018,190,519086,Kr 24C con Cl 6 Oe, , ,PARADA EXTERNA, ,Santa Bárbara,Comuna 19,Zona 0 - CENTRO, , ,Metro Cali S.A. 22 de agosto de 2023,3.4420744239,-76.5461083435
1058916.2516,872196.1906,191,519108,Kr 27 Oe entre Cl 10 Oe y 5 Oe,Tejares de San Fernando, ,PARADA EXTERNA, ,Tejares - Cristales,Comuna 19,Zona 0 - CENTRO, , ,Metro Cali S.A. 22 de agosto de 2023,3.4403599348,-76.5474114469
1059088.7594,871968.9202,192,519264,Kr 27 entre Cl 5 Oe y 4 Oe, , ,PARADA EXTERNA, ,Tejares - Cristales,Comuna 19,Zona 0 - CENTRO, , ,Metro Cali S.A. 22 de agosto de 2023,3.4383050121,-76.545859193
1061054.4914,871243.5015,193,516041,Dg 23 entre Cl 13 y 12A,La Luna, ,PARADA EXTERNA, ,Urbanización Colseguros,Comuna 19,Zona 0 - CENTRO, , ,Metro Cali S.A. 22 de agosto de 2023,3.4317461259,-76.5281718129
1060479.2064,870606.5159,194,519016,Cl 10 entre Kr 33 y 32A, , ,PARADA EXTERNA, ,Urbanización Colseguros,Comuna 19,Zona 0 - CENTRO, , ,Metro Cali S.A. 22 de agosto de 2023,3.4259864846,-76.5333480194
1060540.5885,870861.8877,195,519017,Cl 10 entre Kr 30 y 32,Colseguros, ,PARADA EXTERNA, ,Urbanización Colseguros,Comuna 19,Zona 0 - CENTRO, , ,Metro Cali S.A. 22 de agosto de 2023,3.4282955484,-76.5327957499
1060628.1826,870878.1489,196,519018,Dg 23 entre Kr 31 y Cl 10B,Puente peatonal Colseguros, ,PARADA EXTERNA, ,Urbanización Colseguros,Comuna 19,Zona 0 - CENTRO, , ,Metro Cali S.A. 22 de agosto de 2023,3.4284425911,-76.5320076028
1060834.6394,871092.9078,197,519019,Dg 23 entre Cl 11 y 10B, , ,PARADA EXTERNA, ,Urbanización Colseguros,Comuna 19,Zona 0 - CENTRO, , ,Metro Cali S.A. 22 de agosto de 2023,3.4303844488,-76.5301499774
1060905.8527,871075.9709,198,519020,Dg 23 entre Cl 10B y 12B, , ,PARADA EXTERNA, ,Urbanización Colseguros,Comuna 19,Zona 0 - CENTRO, , ,Metro Cali S.A. 22 de agosto de 2023,3.4302313126,-76.5295092158
1062575.3957,863125.0434,199,511153,Kr 109 entre Cl 49 y 50,Centro de formación juvenil Valle del Lili,Parada ubicada sobre carrera 109 con calle 44 en sentido Occidente -  Oriente.,PARADA EXTERNA, ,Andalucía,Área de expansión urbana,Zona 1 - SUR,http://geoportal.metrocali.gov.co/fotos_paradas/511153_20190802131250.jpg,http://geoportal.metrocali.gov.co/fotos_paradas/511153_20190802131313.jpg,Metro Cali S.A. 22 de agosto de 2023,3.3583395239,-76.514487522
1062982.6033,863105.3979,200,511154,Kr 109 entre Cl 50 y 53,Colegio Philadelphia,Parada ubicada sobre carrera 109 con calle 50. En sentido Occidente -  Oriente. Frente a Colegio Philadelphia.,PARADA EXTERNA, ,Andalucía,Área de expansión urbana,Zona 1 - SUR,http://geoportal.metrocali.gov.co/fotos_paradas/511154_20190802131946.jpg,http://geoportal.metrocali.gov.co/fotos_paradas/511154_20190802131959.jpg,Metro Cali S.A. 22 de agosto de 2023,3.35816186,-76.5108238394
1063428.2715,863028.6015,201,511356,Kr 109 con Kr 118_1, ,Parada ubicada sobre intersección de carrera 118 y 109. sentido Oriente - Occidente.,PARADA EXTERNA, ,Andalucía,Área de expansión urbana,Zona 1 - SUR,http://geoportal.metrocali.gov.co/fotos_paradas/511356_20190802140521.jpg,http://geoportal.metrocali.gov.co/fotos_paradas/511356_20190802140534.jpg,Metro Cali S.A. 22 de agosto de 2023,3.3574674219,-76.5068141319
1062528.0687,863097.9873,202,511411,Cl 49 entre Kr 109 y 111, ,Parada ubicada sobre calle 49 entre carrera  109 y 111. en la zona posterior de la Unidad residencial Manantial de la Bocha. Parque 4. En sentido Norte - Sur.,PARADA EXTERNA, ,Andalucía,Área de expansión urbana,Zona 1 - SUR,http://geoportal.metrocali.gov.co/fotos_paradas/511411_20191107120333.jpg,http://geoportal.metrocali.gov.co/fotos_paradas/511411_20191107120357.jpg,Metro Cali S.A. 22 de agosto de 2023,3.3580948869,-76.5149133288
1062519.5397,862899.8814,203,511503,Cl 49 entre Kr 111 y 112, ,Parada ubicada sobre calle 49 entre carrera  111 y 112. frente a parqueadero del Conjunto Residencial Ciprés. En sentido Norte - Sur.,PARADA EXTERNA, ,Andalucía,Área de expansión urbana,Zona 1 - SUR,http://geoportal.metrocali.gov.co/fotos_paradas/511503_20191107121015.jpg,http://geoportal.metrocali.gov.co/fotos_paradas/511503_20191107121035.jpg,Metro Cali S.A. 22 de agosto de 2023,3.3563036256,-76.5149900752
1062420.8242,862993.1894,204,511504,Cl 48 entre Kr 111 y 109, ,Parada ubicada sobre calle 48 entre carrera  111 y 109. a un costado de Unidad residencial Manantial de la Bocha. Parque 4. En sentido Sur - Norte.,PARADA EXTERNA, ,Andalucía,Área de expansión urbana,Zona 1 - SUR,http://geoportal.metrocali.gov.co/fotos_paradas/511504_20191107121708.jpg,http://geoportal.metrocali.gov.co/fotos_paradas/511504_20191107121727.jpg,Metro Cali S.A. 22 de agosto de 2023,3.3571473158,-76.5158782218
1063581.6735,862750.8186,205,511570,Cl 60 entre Kr 119 y 119A, , ,PARADA EXTERNA, ,Andalucía,Área de expansión urbana,Zona 1 - SUR, , ,Metro Cali S.A. 22 de agosto de 2023,3.3549557048,-76.5054339998
1063502.867,862954.7556,206,511590,Cl 60 entre Kr 118 y 118A, , ,PARADA EXTERNA, ,Andalucía,Área de expansión urbana,Zona 1 - SUR, , ,Metro Cali S.A. 22 de agosto de 2023,3.3567997018,-76.5061429998
1061816.2802,861227.9238,207,511110,Vía Cali - Puerto Tejada P1,Fundación Universitaria San Martín,Parada ubicada sobre la vía Cali - Puerto Tejada. En sentido Norte - sur. Frente a la Universidad San Martín.,PARADA EXTERNA, ,Área de expansión urbana,Área de expansión urbana,Zona 1 - SUR,http://geoportal.metrocali.gov.co/fotos_paradas/511110_20190802094118.jpg,http://geoportal.metrocali.gov.co/fotos_paradas/511110_20190802094133.jpg,Metro Cali S.A. 22 de agosto de 2023,3.341185901,-76.5213173411
1061664.711,859918.967,208,511132,Cl 36 entre Kr 128 y 129,La Mazorca Tierna,"Parada ubicada sobre la calle 36 sentido Norte-Sur. en frente al restaurante ""La Fritanga de la Negra""",PARADA EXTERNA, ,Área de expansión urbana,Área de expansión urbana,Zona 1 - SUR,http://geoportal.metrocali.gov.co/fotos_paradas/511132_20190320111439.jpg,http://geoportal.metrocali.gov.co/fotos_paradas/511132_20190320111513.jpg,Metro Cali S.A. 22 de agosto de 2023,3.3293503897,-76.5226809741
1061695.4879,859698.4923,209,511133,Cl 36 entre Kr 129 y 134,Frente a Zonamerica,Parada ubicada sobre Calle 36. En sentido  Norte - Sur. Frente a Zonamerica.,PARADA EXTERNA, ,Área de expansión urbana,Área de expansión urbana,Zona 1 - SUR,http://geoportal.metrocali.gov.co/fotos_paradas/511133_20190802123744.jpg,http://geoportal.metrocali.gov.co/fotos_paradas/511133_20190802123800.jpg,Metro Cali S.A. 22 de agosto de 2023,3.3273568712,-76.5224040759
1061660.2459,860056.3573,210,511136,Cl 36 entre Kr 129 y 128,La Mazorca Especial,"Parada ubicada sobre la calle 36 sentido Sur-Norte junto a acceso vehicular del restaurante ""La Mazorca Especial""",PARADA EXTERNA, ,Área de expansión urbana,Área de expansión urbana,Zona 1 - SUR,http://geoportal.metrocali.gov.co/fotos_paradas/511136_20190320110743.jpg,http://geoportal.metrocali.gov.co/fotos_paradas/511136_20190320110759.jpg,Metro Cali S.A. 22 de agosto de 2023,3.3305926645,-76.5227211486
1060478.6926,859597.2649,211,511181,Cl 18 entre Kr 137 y 130, ,Parada ubicada sobre la calle 18 sentido Sur-Norte entre las carreras 137 y 130 frente al colegio Mayor San Francisco de Asís,PARADA EXTERNA, ,Área de expansión urbana,Área de expansión urbana,Zona 1 - SUR,http://geoportal.metrocali.gov.co/fotos_paradas/511181_20190404104401.jpg,http://geoportal.metrocali.gov.co/fotos_paradas/511181_20190404104415.jpg,Metro Cali S.A. 22 de agosto de 2023,3.3264414948,-76.5333513403
1060397.2096,859370.6746,212,511209,Cl 18 con Kr 137_2, ,Parada ubicada sobre la calle 18 sentido Sur-Norte antes del cruce con la carrera 137 frente a las canchas del Boca Junior - La Candela,PARADA EXTERNA, ,Área de expansión urbana,Área de expansión urbana,Zona 1 - SUR,http://geoportal.metrocali.gov.co/fotos_paradas/511209_20190404102631.jpg,http://geoportal.metrocali.gov.co/fotos_paradas/511209_20190404102652.jpg,Metro Cali S.A. 22 de agosto de 2023,3.3243926687,-76.5340843988
1060542.0605,859883.1916,213,511210,Cl 18 entre Kr 130 y 127C_1,Colegio Coomeva,Parada ubicada sobre la calle 18 sentido Sur-Norte entre las carreras 130 y 127C. a un costado del Colegio Coomeva,PARADA EXTERNA, ,Área de expansión urbana,Área de expansión urbana,Zona 1 - SUR,http://geoportal.metrocali.gov.co/fotos_paradas/511210_20190404105510.jpg,http://geoportal.metrocali.gov.co/fotos_paradas/511210_20190404105525.jpg,Metro Cali S.A. 22 de agosto de 2023,3.3290268344,-76.5327812637
1060566.017,860268.6345,214,511212,Cl 18 entre Kr 127C y 127,Frente a Super Inter La Maria,Parada ubicada sobre la calle 18 sentido Sur-Norte entre las carreras 127C y 127 frente a Súper Inter,PARADA EXTERNA, ,Área de expansión urbana,Área de expansión urbana,Zona 1 - SUR,http://geoportal.metrocali.gov.co/fotos_paradas/511212_20190404112023.jpg,http://geoportal.metrocali.gov.co/fotos_paradas/511212_20190404112054.jpg,Metro Cali S.A. 22 de agosto de 2023,3.3325119889,-76.5325657735
1061567.7695,860363.8431,215,511334,Cl 36 entre Kr 127 y 128,Institución Universitaria Antonio José Camacho,Parada en cobertizo ubicada sobre la calle 36 sentido Norte-Sur. frente a la Institución Universitaria Antonio José Camacho y junto al puente peatonal,PARADA EXTERNA, ,Área de expansión urbana,Área de expansión urbana,Zona 1 - SUR,http://geoportal.metrocali.gov.co/fotos_paradas/511334_20190320112942.jpg,http://geoportal.metrocali.gov.co/fotos_paradas/511334_20190320112957.jpg,Metro Cali S.A. 22 de agosto de 2023,3.3333729305,-76.5235531523
1061691.6192,859213.9745,216,511335,Cl 36 entre Kr 134 y 139, ,Parada ubicada en la berma sobre la calle 36 sentido Norte-Sur. frente a lote Abandonado. aproximadamente a 2 metros del poste eléctrico,PARADA EXTERNA, ,Área de expansión urbana,Área de expansión urbana,Zona 1 - SUR,http://geoportal.metrocali.gov.co/fotos_paradas/511335_20190320105827.jpg,http://geoportal.metrocali.gov.co/fotos_paradas/511335_20190320105846.jpg,Metro Cali S.A. 22 de agosto de 2023,3.3229758902,-76.5224388736
1061590.3713,860350.3048,217,511344,Cl 36 entre Kr 128 y 127,Institución Universitaria Antonio José Camacho,Parada en cobertizo ubicada sobre la calle 36 sentido Sur-Norte. junto al puente peatonal y la Entrada estación de servicio,PARADA EXTERNA, ,Área de expansión urbana,Área de expansión urbana,Zona 1 - SUR,http://geoportal.metrocali.gov.co/fotos_paradas/511344_20190320113420.jpg,http://geoportal.metrocali.gov.co/fotos_paradas/511344_20190320113435.jpg,Metro Cali S.A. 22 de agosto de 2023,3.3332505186,-76.5233498066
1063810.0851,862542.3498,218,511573,Kr 119B entre Cl 60B y y 60, , ,PARADA EXTERNA, ,Cachipay,Área de expansión urbana,Zona 1 - SUR, , ,Metro Cali S.A. 22 de agosto de 2023,3.3530707073,-76.5033789997
1060556.438,860109.1252,219,511360,Cl 18 entre Kr 130 y 127C_2,Colegio Luis Horacio Gomez,Parada ubicada sobre la calle 18 sentido Sur-Norte antes de la intersección con la carrera 127C. a un costado del Colegio Luis Horacio Gómez,PARADA EXTERNA, ,Área de expansión urbana,Área de expansión urbana,Zona 1 - SUR,http://geoportal.metrocali.gov.co/fotos_paradas/511360_20190404110654.jpg,http://geoportal.metrocali.gov.co/fotos_paradas/511360_20190404110701.jpg,Metro Cali S.A. 22 de agosto de 2023,3.3310697142,-76.5326519368
1061484.9823,861035.8018,220,511565,Cl 25 entre Kr 126 y Tv 131, , ,PARADA EXTERNA, ,Área de expansión urbana,Área de expansión urbana,Zona 1 - SUR, , ,Metro Cali S.A. 22 de agosto de 2023,3.3394487381,-76.524298
1061498.9881,861300.5674,221,511566,Cl 25 con Tv 131, , ,PARADA EXTERNA, ,Área de expansión urbana,Área de expansión urbana,Zona 1 - SUR, , ,Metro Cali S.A. 22 de agosto de 2023,3.3418427331,-76.524172
1061755.7349,863182.1897,222,511152,Kr 109 entre Cl 25 y 42, ,Parada ubicada sobre carrera 109 entre calle 25 y 42. a 30m del Supermercado Bochalema. En sentido Occidente - Oriente.,PARADA EXTERNA, ,Bochalema,Área de expansión urbana,Zona 1 - SUR,http://geoportal.metrocali.gov.co/fotos_paradas/511152_20191107112922.jpg,http://geoportal.metrocali.gov.co/fotos_paradas/511152_20191107112932.jpg,Metro Cali S.A. 22 de agosto de 2023,3.3588562559,-76.5218620866
1061905.1598,863124.274,223,511188,Cl 42 entre Kr 109 y 111,Frente a Urbanización Porto Alegre,Parada ubicada sobre calle 42 entre carrera  109 y 111. En sentido Norte - Sur.,PARADA EXTERNA, ,Bochalema,Área de expansión urbana,Zona 1 - SUR,http://geoportal.metrocali.gov.co/fotos_paradas/511188_20191107124113.jpg,http://geoportal.metrocali.gov.co/fotos_paradas/511188_20191107124133.jpg,Metro Cali S.A. 22 de agosto de 2023,3.3583325865,-76.5205176963
1061927.2686,863137.5357,224,511386,Cl 42 entre Kr 111 y 109,Urbanización Porto Alegre,Parada ubicada sobre la calle 42 entre las calles 110 y 109 sentido Sur-Norte aproximadamente a 30 metros de la intersección con la carrera 109,PARADA EXTERNA, ,Bochalema,Área de expansión urbana,Zona 1 - SUR,http://geoportal.metrocali.gov.co/fotos_paradas/511386_20190410124803.jpg,http://geoportal.metrocali.gov.co/fotos_paradas/511386_20190410124827.jpg,Metro Cali S.A. 22 de agosto de 2023,3.3584524979,-76.5203187813
1061927.3445,862971.9346,225,511387,Cl 42 entre Kr 112 y 111, ,Parada ubicada sobre la calle 42 entre las calles 112 y 111 sentido Sur-Norte aproximadamente a 15 metros de la intersección con la carrera 111,PARADA EXTERNA, ,Bochalema,Área de expansión urbana,Zona 1 - SUR,http://geoportal.metrocali.gov.co/fotos_paradas/511387_20190410124201.jpg,http://geoportal.metrocali.gov.co/fotos_paradas/511387_20190410124225.jpg,Metro Cali S.A. 22 de agosto de 2023,3.3569551427,-76.5203180988
1062131.8648,863158.0566,226,511409,Kr 109 entre Cl 43 y 44,Manantial de la bocha,Parada ubicada sobre carrera 109 entre calle 43 y 44 en sentido Occidente -  Oriente.,PARADA EXTERNA, ,Bochalema,Área de expansión urbana,Zona 1 - SUR,http://geoportal.metrocali.gov.co/fotos_paradas/511409_20190802130434.jpg,http://geoportal.metrocali.gov.co/fotos_paradas/511409_20190802130446.jpg,Metro Cali S.A. 22 de agosto de 2023,3.3586380444,-76.5184780098
1062288.9843,863148.5452,227,511410,Kr 109 entre Cl 46 y 48, ,Parada ubicada sobre carrera 109 entre calle 46 y 48. En sentido Occidente - Oriente.,PARADA EXTERNA, ,Bochalema,Área de expansión urbana,Zona 1 - SUR,http://geoportal.metrocali.gov.co/fotos_paradas/511410_20191107115849.jpg,http://geoportal.metrocali.gov.co/fotos_paradas/511410_20191107115914.jpg,Metro Cali S.A. 22 de agosto de 2023,3.3585520388,-76.5170643911
1061905.1647,862974.7927,228,511413,Cl 42 entre Kr 111 y 112, ,Parada ubicada sobre la calle 42 entre las calles 111 y 112 sentido Norte-Sur aproximadamente 70 metros de la intersección con la carrera 112,PARADA EXTERNA, ,Bochalema,Área de expansión urbana,Zona 1 - SUR,http://geoportal.metrocali.gov.co/fotos_paradas/511413_20190410124416.jpg,http://geoportal.metrocali.gov.co/fotos_paradas/511413_20190410124443.jpg,Metro Cali S.A. 22 de agosto de 2023,3.3569809855,-76.5205176523
1061905.001,862720.2362,229,511414,Cl 42 entre Kr 113 y 115,Valparaiso,Parada ubicada sobre la calle 42 entre las calles 113 y 115 sentido Norte-Sur aproximadamente 30 metros antes de la intersección con la carrera 115,PARADA EXTERNA, ,Bochalema,Área de expansión urbana,Zona 1 - SUR,http://geoportal.metrocali.gov.co/fotos_paradas/511414_20190410123530.jpg,http://geoportal.metrocali.gov.co/fotos_paradas/511414_20190410123547.jpg,Metro Cali S.A. 22 de agosto de 2023,3.3546793008,-76.5205191252
1062364.0491,863000.9686,230,511505,Cl 48 entre Kr 109 y 111, ,Parada ubicada sobre calle 48 entre carrera  109 y 111. Parque principal Bochalema. En sentido Norte - Sur.,PARADA EXTERNA, ,Bochalema,Área de expansión urbana,Zona 1 - SUR,http://geoportal.metrocali.gov.co/fotos_paradas/511505_20191107122213.jpg,http://geoportal.metrocali.gov.co/fotos_paradas/511505_20191107122242.jpg,Metro Cali S.A. 22 de agosto de 2023,3.3572176572,-76.5163890317
1062231.2148,862885.9224,231,511506,Kr 112 entre Cl 46 y 44, ,Parada ubicada sobre carrera 112 entre calle 46 y 44. Condominio Unidad Palmeras de la Bocha. En sentido  Oriente - Occidente.,PARADA EXTERNA, ,Bochalema,Área de expansión urbana,Zona 1 - SUR,http://geoportal.metrocali.gov.co/fotos_paradas/511506_20191107122936.jpg,http://geoportal.metrocali.gov.co/fotos_paradas/511506_20191107122959.jpg,Metro Cali S.A. 22 de agosto de 2023,3.3561774209,-76.5175841559
1062060.7706,862896.089,232,511507,Kr 112 entre Cl 44 y 43, ,Parada ubicada sobre carrera 112 entre calle 44 y 43. Unidad Residencial Entreverdes. En sentido  Oriente - Occidente.,PARADA EXTERNA, ,Bochalema,Área de expansión urbana,Zona 1 - SUR,http://geoportal.metrocali.gov.co/fotos_paradas/511507_20191107123340.jpg,http://geoportal.metrocali.gov.co/fotos_paradas/511507_20191107123357.jpg,Metro Cali S.A. 22 de agosto de 2023,3.3562693502,-76.5191176546
1061567.3497,862961.6012,233,511568,Cl 25 ente Kr 112 y 111, , ,PARADA EXTERNA, ,Bochalema,Área de expansión urbana,Zona 1 - SUR, , ,Metro Cali S.A. 22 de agosto de 2023,3.3568617043,-76.523557
1063847.4573,863228.8003,234,511155,Kr 109 - Comfenalco_1,Valle del Lili,Parada ubicada sobre carrera 109. En sentido Occidente -Oriente. Frente a Comfenalco Valle del Lili.,PARADA EXTERNA, ,Cachipay,Área de expansión urbana,Zona 1 - SUR,http://geoportal.metrocali.gov.co/fotos_paradas/511155_20190802133018.jpg,http://geoportal.metrocali.gov.co/fotos_paradas/511155_20190802133047.jpg,Metro Cali S.A. 22 de agosto de 2023,3.3592775454,-76.5030426497
1063780.9634,863196.0714,235,511159,Kr 109 - Comfenalco_2,Valle del Lili,Parada ubicada sobre carrera 109. En sentido Oriente - Occidente. Frente a Comfenalco Valle del Lili.,PARADA EXTERNA, ,Cachipay,Área de expansión urbana,Zona 1 - SUR,http://geoportal.metrocali.gov.co/fotos_paradas/511159_20190802133518.jpg,http://geoportal.metrocali.gov.co/fotos_paradas/511159_20190802133530.jpg,Metro Cali S.A. 22 de agosto de 2023,3.3589816235,-76.5036409071
1063735.393,862593.5543,236,511571,Kr 119A entre Cl 60 y y 60B, , ,PARADA EXTERNA, ,Cachipay,Área de expansión urbana,Zona 1 - SUR, , ,Metro Cali S.A. 22 de agosto de 2023,3.3535337067,-76.5040509998
1063915.0069,862627.6209,237,511572,Cl 60B entre Kr 119A y 119B, , ,PARADA EXTERNA, ,Cachipay,Área de expansión urbana,Zona 1 - SUR, , ,Metro Cali S.A. 22 de agosto de 2023,3.3538417054,-76.5024349997
1063689.0453,862542.3478,238,511574,Cl 60 entre Kr 119B y 119A, , ,PARADA EXTERNA, ,Cachipay,Área de expansión urbana,Zona 1 - SUR, , ,Metro Cali S.A. 22 de agosto de 2023,3.3530707078,-76.5044679998
1063630.4683,862681.9184,239,511575,Cl 60 entre Kr 119A y 119, , ,PARADA EXTERNA, ,Cachipay,Área de expansión urbana,Zona 1 - SUR, , ,Metro Cali S.A. 22 de agosto de 2023,3.3543327057,-76.5049949998
1063507.4237,862977.096,240,511591,Cl 60 con Kr 118, , ,PARADA EXTERNA, ,Cachipay,Área de expansión urbana,Zona 1 - SUR, , ,Metro Cali S.A. 22 de agosto de 2023,3.3570017015,-76.5061019998
1062882.3203,864267.8492,241,511024,Cl 53 entre Kr 99 y 98C, , ,PARADA EXTERNA, ,Ciudad Meléndez,Área de expansión urbana,Zona 1 - SUR, , ,Metro Cali S.A. 22 de agosto de 2023,3.3686726841,-76.511726
1062828.4378,864239.34,242,511483,Kr 99 con Cl 53, ,Parada ubicada sobre carrera 99 entre calle 53 y 50 en sentido Oriente-Occidente,PARADA EXTERNA, ,Ciudad Meléndez,Área de expansión urbana,Zona 1 - SUR,http://geoportal.metrocali.gov.co/fotos_paradas/511483_20190502102002.jpg,http://geoportal.metrocali.gov.co/fotos_paradas/511483_20190502102020.jpg,Metro Cali S.A. 22 de agosto de 2023,3.3684149099,-76.5122107932
1062900.3439,864218.2778,243,511494,Kr 99 entre Cl 53 y 54, ,Parada ubicada sobre carrera 99 con Calle 53 en sentido Occidente- Oriente,PARADA EXTERNA, ,Ciudad Meléndez,Área de expansión urbana,Zona 1 - SUR,http://geoportal.metrocali.gov.co/fotos_paradas/511494_20190502101550.jpg,http://geoportal.metrocali.gov.co/fotos_paradas/511494_20190502101603.jpg,Metro Cali S.A. 22 de agosto de 2023,3.3682244608,-76.5115638425
1062640.521,864217.0743,244,511502,Kr 99 con Cl 50, ,Parada ubicada sobre carrera 99 entre calle 50 y 53 en sentido Oriente-Occidente frente a las oficinas de constructora Meléndez,PARADA EXTERNA, ,Ciudad Meléndez,Área de expansión urbana,Zona 1 - SUR,http://geoportal.metrocali.gov.co/fotos_paradas/511502_20190502101137.jpg,http://geoportal.metrocali.gov.co/fotos_paradas/511502_20190502101153.jpg,Metro Cali S.A. 22 de agosto de 2023,3.3682135981,-76.5139015167
1062979.3499,864338.9631,245,511552,Kr 98C entre Cl 53 y 55, , ,PARADA EXTERNA, ,Ciudad Meléndez,Área de expansión urbana,Zona 1 - SUR, , ,Metro Cali S.A. 22 de agosto de 2023,3.3693156829,-76.510853
1063170.7409,864511.2731,246,511553,Cl 55 con Kr 98, , ,PARADA EXTERNA, ,Ciudad Meléndez,Área de expansión urbana,Zona 1 - SUR, , ,Metro Cali S.A. 22 de agosto de 2023,3.3708736802,-76.5091309999
1062873.5368,864604.8338,247,511555,Cl 53 entre Kr 96 y 98, , ,PARADA EXTERNA, ,Ciudad Meléndez,Área de expansión urbana,Zona 1 - SUR, , ,Metro Cali S.A. 22 de agosto de 2023,3.3717196795,-76.511805
1062873.2047,864453.5391,248,511556,Cl 53 entre Kr 98 y 98B, , ,PARADA EXTERNA, ,Ciudad Meléndez,Área de expansión urbana,Zona 1 - SUR, , ,Metro Cali S.A. 22 de agosto de 2023,3.3703516816,-76.511808
1062873.7617,864308.6589,249,511557,Cl 53 entre Kr 98C y 99, , ,PARADA EXTERNA, ,Ciudad Meléndez,Área de expansión urbana,Zona 1 - SUR, , ,Metro Cali S.A. 22 de agosto de 2023,3.3690416835,-76.511803
1063285.1152,864083.3802,250,511540,Cl 60 entre Kr 98F y 98E, , ,PARADA EXTERNA, ,Ciudad Meléndez 2,Área de expansión urbana,Zona 1 - SUR, , ,Metro Cali S.A. 22 de agosto de 2023,3.3670046857,-76.5081019999
1063450.1654,864203.268,251,511541,Cl 60 entre Kr 98D y 98C, , ,PARADA EXTERNA, ,Ciudad Meléndez 2,Área de expansión urbana,Zona 1 - SUR, , ,Metro Cali S.A. 22 de agosto de 2023,3.3680886836,-76.5066169999
1063531.523,864286.5477,252,511542,Cl 60 entre Kr 98C y 98B, , ,PARADA EXTERNA, ,Ciudad Meléndez 2,Área de expansión urbana,Zona 1 - SUR, , ,Metro Cali S.A. 22 de agosto de 2023,3.3688416823,-76.5058849998
1063569.0865,864527.8678,253,511543,Cl 60 entre Kr 98 y 97Bis, , ,PARADA EXTERNA, ,Ciudad Meléndez 2,Área de expansión urbana,Zona 1 - SUR, , ,Metro Cali S.A. 22 de agosto de 2023,3.3710236789,-76.5055469998
1063479.9455,864680.3778,254,511544,Cl 59 con Kr 96, , ,PARADA EXTERNA, ,Ciudad Meléndez 2,Área de expansión urbana,Zona 1 - SUR, , ,Metro Cali S.A. 22 de agosto de 2023,3.3724026772,-76.5063489999
1063512.0628,864934.9692,255,511545,Cl 59 entre Kr 95 y Cl 58, , ,PARADA EXTERNA, ,Ciudad Meléndez 2,Área de expansión urbana,Zona 1 - SUR, , ,Metro Cali S.A. 22 de agosto de 2023,3.3747046739,-76.5060599998
1063553.8518,865034.8377,256,511546,Cl 61 entre Cl 58 y Kr 95, , ,PARADA EXTERNA, ,Ciudad Meléndez 2,Área de expansión urbana,Zona 1 - SUR, , ,Metro Cali S.A. 22 de agosto de 2023,3.3756076726,-76.5056839998
1063622.9878,864799.7126,257,511547,Cl 61 con Kr 95, , ,PARADA EXTERNA, ,Ciudad Meléndez 2,Área de expansión urbana,Zona 1 - SUR, , ,Metro Cali S.A. 22 de agosto de 2023,3.3734816753,-76.5050619998
1063546.1916,864458.8558,258,511548,Cl 60 entre Kr 97Bis y 98, , ,PARADA EXTERNA, ,Ciudad Meléndez 2,Área de expansión urbana,Zona 1 - SUR, , ,Metro Cali S.A. 22 de agosto de 2023,3.3703996799,-76.5057529998
1063525.5206,864319.6157,259,511549,Cl 60 entre Kr 98B y 98C, , ,PARADA EXTERNA, ,Ciudad Meléndez 2,Área de expansión urbana,Zona 1 - SUR, , ,Metro Cali S.A. 22 de agosto de 2023,3.3691406818,-76.5059389998
1063420.6007,864192.8716,260,511550,Cl 60 con Kr 98D, , ,PARADA EXTERNA, ,Ciudad Meléndez 2,Área de expansión urbana,Zona 1 - SUR, , ,Metro Cali S.A. 22 de agosto de 2023,3.3679946839,-76.5068829999
1063256.4397,864072.6521,261,511551,Cl 60 con Kr 98F, , ,PARADA EXTERNA, ,Ciudad Meléndez 2,Área de expansión urbana,Zona 1 - SUR, , ,Metro Cali S.A. 22 de agosto de 2023,3.366907686,-76.5083599999
1061768.2368,861286.81,262,511493,Vía Puerto Tejada con Kr 122,Fundación Universitaria San Martín,Parada ubicada en vía al Hormiguero frente a la universidad San martín: Sentido Sur - Norte.,PARADA EXTERNA, ,El Capricho,Área de expansión urbana,Zona 1 - SUR,http://geoportal.metrocali.gov.co/fotos_paradas/511493_20190802093521.jpg,http://geoportal.metrocali.gov.co/fotos_paradas/511493_20190802093636.jpg,Metro Cali S.A. 22 de agosto de 2023,3.341718346,-76.5217495851
1063547.2129,863071.8769,263,511592,Kr 109 entre Cl 60 y 60 Bis, , ,PARADA EXTERNA, ,El Guayabal,Área de expansión urbana,Zona 1 - SUR, , ,Metro Cali S.A. 22 de agosto de 2023,3.3578586998,-76.5057439998
1063755.5005,863192.8718,264,511593,Kr 109 entre Cl 60 Bis y 60A, , ,PARADA EXTERNA, ,El Guayabal,Área de expansión urbana,Zona 1 - SUR, , ,Metro Cali S.A. 22 de agosto de 2023,3.3589526972,-76.5038699998
1063939.4452,863382.9889,265,511594,Cl 60B entre Kr 109 y 108, , ,PARADA EXTERNA, ,El Guayabal,Área de expansión urbana,Zona 1 - SUR, , ,Metro Cali S.A. 22 de agosto de 2023,3.3606716936,-76.5022149997
1063725.4909,863191.5442,266,511596,Kr 109 entre Cl 60A y 60 Bis, , ,PARADA EXTERNA, ,El Guayabal,Área de expansión urbana,Zona 1 - SUR, , ,Metro Cali S.A. 22 de agosto de 2023,3.3589406974,-76.5041399998
1063522.5383,863068.6693,267,511597,Kr 109 entre Cl 60 Bis y 60, , ,PARADA EXTERNA, ,El Guayabal,Área de expansión urbana,Zona 1 - SUR, , ,Metro Cali S.A. 22 de agosto de 2023,3.3578297,-76.5059659998
1063820.8513,863398.4701,268,511598,Kr 108 entre Cl 60B y 60A, , ,PARADA EXTERNA, ,El Guayabal,Área de expansión urbana,Zona 1 - SUR, , ,Metro Cali S.A. 22 de agosto de 2023,3.3608116939,-76.5032819997
1060005.888,865540.3741,269,511011,Calle 13 con Kr 86, , ,PARADA EXTERNA, ,Ciudad Universitaria,Comuna 17,Zona 1 - SUR, , ,Metro Cali S.A. 22 de agosto de 2023,3.380178666,-76.5376060003
1062967.5718,863114.4947,270,511160,Kr 109 entre Cl 53 y 48_1,Patio GIT Masivo,Parada ubicada sobre carrera 109 con calle 50. En sentido  Oriente - Occidente. A 65m de entrada Patios GIT Masivo.,PARADA EXTERNA, ,El Guayabal 2,Área de expansión urbana,Zona 1 - SUR,http://geoportal.metrocali.gov.co/fotos_paradas/511160_20190802132320.jpg,http://geoportal.metrocali.gov.co/fotos_paradas/511160_20190802132333.jpg,Metro Cali S.A. 22 de agosto de 2023,3.3582441141,-76.5109590784
1062625.2346,863140.7804,271,511161,Kr 109 entre Cl 53 y 48_2,Centro de formación juvenil Valle del Lili,Parada ubicada sobre carrera 109 con calle 50. En sentido Oriente - Occidente. Frente a reformatorio Valle del Lili.,PARADA EXTERNA, ,El Guayabal 2,Área de expansión urbana,Zona 1 - SUR,http://geoportal.metrocali.gov.co/fotos_paradas/511161_20190802131451.jpg,http://geoportal.metrocali.gov.co/fotos_paradas/511161_20190802131504.jpg,Metro Cali S.A. 22 de agosto de 2023,3.3584818139,-76.5140391159
1063394.1967,863039.3136,272,511357,Kr 109 con Kr 118_2, ,Parada ubicada sobre intersección de carrera 118 y 109. sentido Occidente - Oriente.,PARADA EXTERNA, ,El Guayabal 2,Área de expansión urbana,Zona 1 - SUR,http://geoportal.metrocali.gov.co/fotos_paradas/511357_20190802140002.jpg,http://geoportal.metrocali.gov.co/fotos_paradas/511357_20190802140008.jpg,Metro Cali S.A. 22 de agosto de 2023,3.3575642845,-76.5071207045
1061579.5887,863207.6797,273,511162,Kr 109 entre Cl 26 y 25,Salida Kr 109,Parada ubicada sobre la carrera 109 aproximadamente a 45 metros de la intersección con la calle 25,PARADA EXTERNA, ,El Verdal - Gonchelandia,Área de expansión urbana,Zona 1 - SUR,http://geoportal.metrocali.gov.co/fotos_paradas/511162_20190410125415.jpg,http://geoportal.metrocali.gov.co/fotos_paradas/511162_20190410125428.jpg,Metro Cali S.A. 22 de agosto de 2023,3.3590867314,-76.5234468917
1062160.7446,863172.1828,274,511412,Kr 109 con Cl 44,Manantial de la bocha,Parada ubicada sobre carrera 109 con calle 44 en sentido Oriente - Occidente. Frente a sala de ventas Jaramillo Mora.,PARADA EXTERNA, ,El Verdal - Gonchelandia,Área de expansión urbana,Zona 1 - SUR,http://geoportal.metrocali.gov.co/fotos_paradas/511412_20190802130733.jpg,http://geoportal.metrocali.gov.co/fotos_paradas/511412_20190802130753.jpg,Metro Cali S.A. 22 de agosto de 2023,3.3587657721,-76.5182181752
1063132.0487,865706.4791,275,511000,Kr 84 entre Cl 54 y 55, , ,PARADA EXTERNA, ,Las Vegas,Área de expansión urbana,Zona 1 - SUR, , ,Metro Cali S.A. 22 de agosto de 2023,3.3816806657,-76.5094789999
1063275.6473,865697.9649,276,511001,Kr 84 entre Cl 55 y 56, , ,PARADA EXTERNA, ,Las Vegas,Área de expansión urbana,Zona 1 - SUR, , ,Metro Cali S.A. 22 de agosto de 2023,3.3816036655,-76.5081869999
1063127.1624,865427.7812,277,511473,Kr 85D entre Cl 55 y 54,Caseta de vigilancia,Parada ubicada sobre carrera 85D y calle 55 y 54 en sentido Oriente - Occidente,PARADA EXTERNA, ,Las Vegas,Área de expansión urbana,Zona 1 - SUR,http://geoportal.metrocali.gov.co/fotos_paradas/511473_20190509100201.jpg,http://geoportal.metrocali.gov.co/fotos_paradas/511473_20190509100221.jpg,Metro Cali S.A. 22 de agosto de 2023,3.3791606968,-76.5095229915
1062995.1269,865467.7953,278,511474,Cl 54 entre Kr 85D y 85C, ,Parada ubicada sobre calle 54 y carrera 85D y 85C en sentido Sur - Norte,PARADA EXTERNA, ,Las Vegas,Área de expansión urbana,Zona 1 - SUR,http://geoportal.metrocali.gov.co/fotos_paradas/511474_20190509100622.jpg,http://geoportal.metrocali.gov.co/fotos_paradas/511474_20190509100649.jpg,Metro Cali S.A. 22 de agosto de 2023,3.3795225149,-76.5107109487
1063004.5207,865652.106,279,511475,Cl 54 entre Kr 84 y 85C,Unidad residencial,Parada ubicada sobre la calle 54 entre carrera  84 y 85C en sentido Norte - Sur.,PARADA EXTERNA, ,Las Vegas,Área de expansión urbana,Zona 1 - SUR,http://geoportal.metrocali.gov.co/fotos_paradas/511475_20190509094019.jpg,http://geoportal.metrocali.gov.co/fotos_paradas/511475_20190509094040.jpg,Metro Cali S.A. 22 de agosto de 2023,3.3811890404,-76.510626413
1062896.8651,865930.7645,280,511476,Cl 53 entre Kr 83E y 83C, , ,PARADA EXTERNA, ,Las Vegas,Área de expansión urbana,Zona 1 - SUR, , ,Metro Cali S.A. 22 de agosto de 2023,3.3837086636,-76.511595
1063296.338,865456.6704,281,511492,Cl 56 entre Kr 85C y 85D, ,Parada ubicada sobre calle 56 entre carrera 85C y 85D en sentido Norte - Sur-,PARADA EXTERNA, ,Las Vegas,Área de expansión urbana,Zona 1 - SUR,http://geoportal.metrocali.gov.co/fotos_paradas/511492_20190509095227.jpg,http://geoportal.metrocali.gov.co/fotos_paradas/511492_20190509095244.jpg,Metro Cali S.A. 22 de agosto de 2023,3.3794218923,-76.5080008674
1062891.754,865767.3042,282,511532,Cl 53 con Kr 84, , ,PARADA EXTERNA, ,Las Vegas,Área de expansión urbana,Zona 1 - SUR, , ,Metro Cali S.A. 22 de agosto de 2023,3.3822306654,-76.511641
1063001.1219,865572.657,283,511534,Cl 54 con Kr 85C, , ,PARADA EXTERNA, ,Las Vegas,Área de expansión urbana,Zona 1 - SUR, , ,Metro Cali S.A. 22 de agosto de 2023,3.3804706674,-76.5106569999
1063299.5453,865547.9976,284,511535,Cl 56 con Kr 85C, , ,PARADA EXTERNA, ,Las Vegas,Área de expansión urbana,Zona 1 - SUR, , ,Metro Cali S.A. 22 de agosto de 2023,3.3802476671,-76.5079719999
1062657.0758,865953.7702,285,516283,Kr 83C con Cl 50, , ,PARADA EXTERNA, ,Las Vegas,Área de expansión urbana,Zona 1 - SUR, , ,Metro Cali S.A. 22 de agosto de 2023,3.3839166976,-76.5137524608
1062918.3304,866035.3502,286,516285,Kr 83C entre Cl 53 y 53A, , ,PARADA EXTERNA, ,Las Vegas,Área de expansión urbana,Zona 1 - SUR, , ,Metro Cali S.A. 22 de agosto de 2023,3.3846543194,-76.5114018607
1063091.4245,865977.5997,287,516286,Cl 54 entre Kr 83E y 83C, , ,PARADA EXTERNA, ,Las Vegas,Área de expansión urbana,Zona 1 - SUR, , ,Metro Cali S.A. 22 de agosto de 2023,3.3841321265,-76.509844481
1063085.5251,865842.8463,288,516287,Cl 54 entre Kr 83E y 84, , ,PARADA EXTERNA, ,Las Vegas,Área de expansión urbana,Zona 1 - SUR, , ,Metro Cali S.A. 22 de agosto de 2023,3.3829136949,-76.5098975731
1063057.3708,864661.1288,289,511554,Kr 96 entre Cl 55 y 53, , ,PARADA EXTERNA, ,Las Vegas del Lili,Área de expansión urbana,Zona 1 - SUR, , ,Metro Cali S.A. 22 de agosto de 2023,3.3722286785,-76.5101509999
1063220.1159,860083.6295,290,511131,Vía Cali - Puerto Tejada P2,Urbanización Maranon,Parada ubicada sobre la vía Cali - Puerto Tejada. En sentido Norte - sur. Frente a la urbanización Marañon.,PARADA EXTERNA, ,Mara,Área de expansión urbana,Zona 1 - SUR,http://geoportal.metrocali.gov.co/fotos_paradas/511131_20190802094737.jpg,http://geoportal.metrocali.gov.co/fotos_paradas/511131_20190802094747.jpg,Metro Cali S.A. 22 de agosto de 2023,3.3308391863,-76.5086872458
1061574.7458,861431.8294,291,511111,Vía Puerto Tejada entre Cl 25 y Kr 122,Vivero, ,PARADA EXTERNA, ,Piedrachiquita,Área de expansión urbana,Zona 1 - SUR, , ,Metro Cali S.A. 22 de agosto de 2023,3.343029599,-76.523490416
1061529.1112,861814.0622,292,511257,Cl 25 entre Kr 121 y 120,Ciudad Pacífica,Parada ubicada sobre la calle 25 sentido Sur-Norte en el sector Ciudad Pacifico. después del la intersección con la vía a Puerto Tejada,PARADA EXTERNA, ,Piedrachiquita,Área de expansión urbana,Zona 1 - SUR,http://geoportal.metrocali.gov.co/fotos_paradas/511257_20190320121414.jpg,http://geoportal.metrocali.gov.co/fotos_paradas/511257_20190320121428.jpg,Metro Cali S.A. 22 de agosto de 2023,3.3464857237,-76.523901
1061892.1857,861528.7548,293,511513,Cl 42 entre Kr 122 y 121A,Ciudad Pacífica,Parada ubicada sobre calle 42 entre carrera 122 y 121A.. En sentido Sur - Norte.,PARADA EXTERNA, ,Piedrachiquita,Área de expansión urbana,Zona 1 - SUR,http://geoportal.metrocali.gov.co/fotos_paradas/511513_20191107103902.jpg,http://geoportal.metrocali.gov.co/fotos_paradas/511513_20191107103929.jpg,Metro Cali S.A. 22 de agosto de 2023,3.3439059972,-76.5206344244
1062157.7106,861673.8322,294,511514,Kr 121A entre Cl 45 y 47, ,Parada ubicada sobre carrera 121A entre calle 45 y 47. En sentido Occidente - Oriente.,PARADA EXTERNA, ,Piedrachiquita,Área de expansión urbana,Zona 1 - SUR,http://geoportal.metrocali.gov.co/fotos_paradas/511514_20191107104533.jpg,http://geoportal.metrocali.gov.co/fotos_paradas/511514_20191107104602.jpg,Metro Cali S.A. 22 de agosto de 2023,3.3452177755,-76.5182455043
1062342.2651,861696.4135,295,511515,Kr 121A entre Cl 47 y 47A,Unidad residencial Acuarela II,Parada ubicada sobre carrera 121A entre calle 47 y 47A. a un costado de la portería de Unidad Residencial Acuarela II. En sentido Occidente - Oriente.,PARADA EXTERNA, ,Piedrachiquita,Área de expansión urbana,Zona 1 - SUR,http://geoportal.metrocali.gov.co/fotos_paradas/511515_20191107105347.jpg,http://geoportal.metrocali.gov.co/fotos_paradas/511515_20191107105423.jpg,Metro Cali S.A. 22 de agosto de 2023,3.3454219488,-76.5165850717
1062564.1116,861666.3389,296,511516,Cl 48 entre Kr 121A y 122, ,Parada ubicada sobre calle 48 entre carrera 121A y  122. En sentido Norte - Sur.,PARADA EXTERNA, ,Piedrachiquita,Área de expansión urbana,Zona 1 - SUR,http://geoportal.metrocali.gov.co/fotos_paradas/511516_20191107105848.jpg,http://geoportal.metrocali.gov.co/fotos_paradas/511516_20191107105924.jpg,Metro Cali S.A. 22 de agosto de 2023,3.3451500056,-76.5145891261
1062362.1338,861565.6414,297,511517,Kr 122 entre Cl 47A y 47, ,Parada ubicada sobre carrera 122 entre calle 47A y 47. En sentido Oriente - Occidente.,PARADA EXTERNA, ,Piedrachiquita,Área de expansión urbana,Zona 1 - SUR,http://geoportal.metrocali.gov.co/fotos_paradas/511517_20191107110417.jpg,http://geoportal.metrocali.gov.co/fotos_paradas/511517_20191107110435.jpg,Metro Cali S.A. 22 de agosto de 2023,3.3442395145,-76.5164063185
1062082.0191,861507.4861,298,511518,Kr 122 entre Cl 45 y 44, ,Parada ubicada sobre carrera 122 entre calle 45 y 44. En sentido Oriente - Occidente.,PARADA EXTERNA, ,Piedrachiquita,Área de expansión urbana,Zona 1 - SUR,http://geoportal.metrocali.gov.co/fotos_paradas/511518_20191107110916.jpg,http://geoportal.metrocali.gov.co/fotos_paradas/511518_20191107110938.jpg,Metro Cali S.A. 22 de agosto de 2023,3.3437136855,-76.5189265011
1061840.9649,861424.187,299,511519,Kr 122 entre Cl 42 y 30, ,Parada ubicada sobre carrera 122 entre calle 42 y 30. En sentido Oriente - Occidente.,PARADA EXTERNA, ,Piedrachiquita,Área de expansión urbana,Zona 1 - SUR,http://geoportal.metrocali.gov.co/fotos_paradas/511519_20191107111733.jpg,http://geoportal.metrocali.gov.co/fotos_paradas/511519_20191107111752.jpg,Metro Cali S.A. 22 de agosto de 2023,3.3429605012,-76.5210952554
1061525.8872,861612.4466,300,511567,Cl 25 entre Cl 30 y Kr 121, , ,PARADA EXTERNA, ,Piedrachiquita,Área de expansión urbana,Zona 1 - SUR, , ,Metro Cali S.A. 22 de agosto de 2023,3.3446627274,-76.52393
1061608.1881,862597.0497,301,511021,Cl 25 entre Kr 117 y 115,Universidad Autónoma de Occidente,Parada ubicada sobre la calle 25 sentido Sur-Norte en bahía de parqueo frente a la Universidad Autónoma de Occidente,PARADA EXTERNA, ,PP1,Área de expansión urbana,Zona 1 - SUR,http://geoportal.metrocali.gov.co/fotos_paradas/511021_20190320122751.jpg,http://geoportal.metrocali.gov.co/fotos_paradas/511021_20190320122810.jpg,Metro Cali S.A. 22 de agosto de 2023,3.3535654522,-76.5231895653
1061904.2369,862563.8992,302,511528,Cl 42 entre Kr 115 y 116, , ,PARADA EXTERNA, ,PP1,Área de expansión urbana,Zona 1 - SUR, , ,Metro Cali S.A. 22 de agosto de 2023,3.3532657109,-76.520526
1062331.3437,858662.3987,303,511085,Kr 143 con Cl 42, ,Parada ubicada sobre Vía principal de Cascajal. En sentido Oriente - Occidente.,PARADA EXTERNA, ,Zonamerica,Área de expansión urbana,Zona 1 - SUR,http://geoportal.metrocali.gov.co/fotos_paradas/511085_20190802121812.jpg,http://geoportal.metrocali.gov.co/fotos_paradas/511085_20190802121827.jpg,Metro Cali S.A. 22 de agosto de 2023,3.3179885687,-76.5166834387
1062583.5498,858683.5629,304,511128,Kr 143 entre Cl 48 y 42,Colegio Santa Maria de Pance,Parada ubicada sobre Vía principal de Cascajal. En sentido Oriente - Occidente. A 11m del callejón Santa Ana.,PARADA EXTERNA, ,Zonamerica,Área de expansión urbana,Zona 1 - SUR,http://geoportal.metrocali.gov.co/fotos_paradas/511128_20190802121330.jpg,http://geoportal.metrocali.gov.co/fotos_paradas/511128_20190802121348.jpg,Metro Cali S.A. 22 de agosto de 2023,3.3181799221,-76.5144144085
1062122.4759,858644.6499,305,511129,Kr 143 entre Cl 42 y 36,Callejón Chaparral,Parada ubicada sobre Vía principal de Cascajal. En sentido Oriente - Occidente. Callejón Chaparral.,PARADA EXTERNA, ,Zonamerica,Área de expansión urbana,Zona 1 - SUR,http://geoportal.metrocali.gov.co/fotos_paradas/511129_20190802122153.jpg,http://geoportal.metrocali.gov.co/fotos_paradas/511129_20190802122206.jpg,Metro Cali S.A. 22 de agosto de 2023,3.3178280909,-76.5185625652
1061718.6705,859723.1861,306,511184,Cl 36 entre Kr 134 y 129,Zonamerica,Parada ubicada sobre Calle 36. En sentido Sur - Norte. Frente a Zonamerica.,PARADA EXTERNA, ,Zonamerica,Área de expansión urbana,Zona 1 - SUR,http://geoportal.metrocali.gov.co/fotos_paradas/511184_20190802123302.jpg,http://geoportal.metrocali.gov.co/fotos_paradas/511184_20190802123318.jpg,Metro Cali S.A. 22 de agosto de 2023,3.3275801515,-76.5221955069
1061710.9313,859252.2025,307,511343,Cl 36 entre Kr 139 y 134,Belleza Express,Parada ubicada sobre la calle 36 sentido Sur-Norte junto a acceso vehicular de Belleza Express,PARADA EXTERNA, ,Zonamerica,Área de expansión urbana,Zona 1 - SUR,http://geoportal.metrocali.gov.co/fotos_paradas/511343_20190320105303.jpg,http://geoportal.metrocali.gov.co/fotos_paradas/511343_20190320105321.jpg,Metro Cali S.A. 22 de agosto de 2023,3.3233215458,-76.5222651277
1061964.7242,866316.1596,308,511090,Cl 42 entre Kr 81A y 81, ,Parada ubicada sobre calle 42 entre  carrera 81A y 81 en sentido Sur - Norte,PARADA EXTERNA, ,Caney,Comuna 17,Zona 1 - SUR,http://geoportal.metrocali.gov.co/fotos_paradas/511090_20190523105239.jpg,http://geoportal.metrocali.gov.co/fotos_paradas/511090_20190523105257.jpg,Metro Cali S.A. 22 de agosto de 2023,3.3871934252,-76.5199817728
1061934.5236,865549.8764,309,511098,Cl 42 entre Kr 85E y 85D, ,Parada ubicada sobre calle 42 entre  carrera 85E  Y 85D en sentido Sur - Norte.,PARADA EXTERNA, ,Caney,Comuna 17,Zona 1 - SUR,http://geoportal.metrocali.gov.co/fotos_paradas/511098_20190523100256.jpg,http://geoportal.metrocali.gov.co/fotos_paradas/511098_20190523100317.jpg,Metro Cali S.A. 22 de agosto de 2023,3.3802647384,-76.5202535005
1061940.4808,865807.7199,310,511099,Cl 42 entre Kr 84 y 83E, ,Parada ubicada sobre calle 42 entre  carrera 84 Y 83E en sentido Sur - Norte.,PARADA EXTERNA, ,Caney,Comuna 17,Zona 1 - SUR,http://geoportal.metrocali.gov.co/fotos_paradas/511099_20190523101540.jpg,http://geoportal.metrocali.gov.co/fotos_paradas/511099_20190523101555.jpg,Metro Cali S.A. 22 de agosto de 2023,3.3825961439,-76.520199901
1058718.2505,864593.9272,311,511537,Cl 3 con Kr 98, , ,PARADA EXTERNA, ,Sector Meléndez,Comuna 18,Zona 1 - SUR, , ,Metro Cali S.A. 22 de agosto de 2023,3.3716206717,-76.5491910012
1062271.501,866456.0975,312,511106,Kr 80 entre Cl 46 y 48,Frente al parque,Parada ubicada sobre carrera 80 entre calle 45 y 46 sentido Occidente - Oriente.,PARADA EXTERNA, ,Caney,Comuna 17,Zona 1 - SUR,http://geoportal.metrocali.gov.co/fotos_paradas/511106_20190523111335.jpg,http://geoportal.metrocali.gov.co/fotos_paradas/511106_20190523111352.jpg,Metro Cali S.A. 22 de agosto de 2023,3.3884587296,-76.5172215879
1062387.5659,865517.5139,313,511267,Cl 48 entre Kr 86 y 85D, ,Parada ubicada sobre calle 48 entre carreras 86 y 85 en sentido sur-norte frente a zona de locales comerciales de la unidad residencial Colores de Santa Sofía,PARADA EXTERNA, ,Caney,Comuna 17,Zona 1 - SUR,http://geoportal.metrocali.gov.co/fotos_paradas/511267_20190502113246.jpg,http://geoportal.metrocali.gov.co/fotos_paradas/511267_20190502113316.jpg,Metro Cali S.A. 22 de agosto de 2023,3.3799721085,-76.5161773473
1062387.7097,865812.8101,314,511268,Cl 48 entre Kr 84 y 83E, ,Parada ubicada sobre calle 48 entre carreras 83E y 84 en sentido sur-norte frente supermercado Surtifamiliar,PARADA EXTERNA, ,Caney,Comuna 17,Zona 1 - SUR,http://geoportal.metrocali.gov.co/fotos_paradas/511268_20190502113842.jpg,http://geoportal.metrocali.gov.co/fotos_paradas/511268_20190502113900.jpg,Metro Cali S.A. 22 de agosto de 2023,3.3826421591,-76.5161760414
1062387.8973,866125.8587,315,511269,Cl 48 entre Kr 83A y 82A, ,Parada ubicada sobre calle 48 entre  carrera 83A y 82A en sentido Sur - Norte,PARADA EXTERNA, ,Caney,Comuna 17,Zona 1 - SUR,http://geoportal.metrocali.gov.co/fotos_paradas/511269_20190509103143.jpg,http://geoportal.metrocali.gov.co/fotos_paradas/511269_20190509103157.jpg,Metro Cali S.A. 22 de agosto de 2023,3.3854727258,-76.5161743408
1062391.9706,866359.5667,316,511270,Cl 48 entre Kr 81 y 80, ,Parada ubicada sobre calle 48 entre  carrera 81 y 80 en sentido Sur - Norte,PARADA EXTERNA, ,Caney,Comuna 17,Zona 1 - SUR,http://geoportal.metrocali.gov.co/fotos_paradas/511270_20190509103717.jpg,http://geoportal.metrocali.gov.co/fotos_paradas/511270_20190509103731.jpg,Metro Cali S.A. 22 de agosto de 2023,3.3875858995,-76.5161376824
1062211.315,866466.1773,317,511271,Kr 80 entre Cl 46 y 45, ,Parada ubicada sobre carrera 80 entre calle 45 y 46 sentido Oriente - Occidente. Parque el Caney.,PARADA EXTERNA, ,Caney,Comuna 17,Zona 1 - SUR,http://geoportal.metrocali.gov.co/fotos_paradas/511271_20190523110818.jpg,http://geoportal.metrocali.gov.co/fotos_paradas/511271_20190523110835.jpg,Metro Cali S.A. 22 de agosto de 2023,3.3885498723,-76.5177631033
1061912.471,865558.1172,318,511324,Cl 42 entre Kr 85C y 85E, ,Parada ubicada sobre calle 42 entre  carrera 85C  Y 85E en sentido Sur - Norte.,PARADA EXTERNA, ,Caney,Comuna 17,Zona 1 - SUR,http://geoportal.metrocali.gov.co/fotos_paradas/511324_20190523100917.jpg,http://geoportal.metrocali.gov.co/fotos_paradas/511324_20190523100936.jpg,Metro Cali S.A. 22 de agosto de 2023,3.3803392513,-76.5204519143
1061868.3446,865448.0625,319,511419,Kr 86 entre Cl 35 y 34,Altos del Caney,Parada ubicada sobre carrera 86 entre con calle 42 en sentido Occidente - Oriente. A treinta metros del cruce con calle 42.,PARADA EXTERNA, ,Caney,Comuna 17,Zona 1 - SUR,http://geoportal.metrocali.gov.co/fotos_paradas/511419_20190725090625.jpg,http://geoportal.metrocali.gov.co/fotos_paradas/511419_20190725090658.jpg,Metro Cali S.A. 22 de agosto de 2023,3.3793441432,-76.5208489322
1061605.7645,865541.8167,320,511420,Kr 85C entre Cl 33 y 28, ,Parada ubicada sobre carrera 85E entre calle 33 y 28 en sentido Oriente - occidente.,PARADA EXTERNA, ,Caney,Comuna 17,Zona 1 - SUR,http://geoportal.metrocali.gov.co/fotos_paradas/511420_20190725092413.jpg,http://geoportal.metrocali.gov.co/fotos_paradas/511420_20190725092430.jpg,Metro Cali S.A. 22 de agosto de 2023,3.3801918594,-76.5232114425
1062592.8428,865945.8901,321,511464,Kr 83C entre Cl 50 y 48A, ,Parada ubicada sobre carrera 83C entre calle 50 y 48 en sentido Oriente - Occidente,PARADA EXTERNA, ,Caney,Comuna 17,Zona 1 - SUR,http://geoportal.metrocali.gov.co/fotos_paradas/511464_20190509101427.jpg,http://geoportal.metrocali.gov.co/fotos_paradas/511464_20190509101442.jpg,Metro Cali S.A. 22 de agosto de 2023,3.3838454502,-76.5143303865
1062414.2002,865946.5466,322,511465,Kr 83C entre Cl 48A y 48, ,Parada ubicada sobre carrera 83C entre calle 50 y 48 en sentido Oriente-Occidente,PARADA EXTERNA, ,Caney,Comuna 17,Zona 1 - SUR,http://geoportal.metrocali.gov.co/fotos_paradas/511465_20190502114908.jpg,http://geoportal.metrocali.gov.co/fotos_paradas/511465_20190502114930.jpg,Metro Cali S.A. 22 de agosto de 2023,3.3838513954,-76.5159376923
1062474.8586,865924.3309,323,511467,Kr 83C con Cl 48A, ,Parada ubicada sobre carrera 83C entre calle 48Bis y 50 en sentido Occidente-Oriente,PARADA EXTERNA, ,Caney,Comuna 17,Zona 1 - SUR,http://geoportal.metrocali.gov.co/fotos_paradas/511467_20190502114416.jpg,http://geoportal.metrocali.gov.co/fotos_paradas/511467_20190502114434.jpg,Metro Cali S.A. 22 de agosto de 2023,3.3836505196,-76.51539193
1061945.894,866030.618,324,511468,Cl 42 entre Kr 83C y 83B,Senderos del Caney,Parada ubicada sobre calle 42 entre  carrera 83B y 83C  en sentido Sur - Norte,PARADA EXTERNA, ,Caney,Comuna 17,Zona 1 - SUR,http://geoportal.metrocali.gov.co/fotos_paradas/511468_20190523103934.jpg,http://geoportal.metrocali.gov.co/fotos_paradas/511468_20190523104011.jpg,Metro Cali S.A. 22 de agosto de 2023,3.3846115752,-76.5201511959
1062340.1012,866302.4777,325,511469,Cl 48 entre Kr 81 y 82, ,Parada ubicada sobre calle 48 entre  carrera 81 y 82 en sentido Norte - Sur,PARADA EXTERNA, ,Caney,Comuna 17,Zona 1 - SUR,http://geoportal.metrocali.gov.co/fotos_paradas/511469_20190509104432.jpg,http://geoportal.metrocali.gov.co/fotos_paradas/511469_20190509104444.jpg,Metro Cali S.A. 22 de agosto de 2023,3.3870697062,-76.5166043722
1062339.6423,866116.7666,326,511489,Cl 48 entre Kr 82 y 83A, ,Parada ubicada sobre calle 48 entre  carrera 82 y 83A en sentido Norte - Sur,PARADA EXTERNA, ,Caney,Comuna 17,Zona 1 - SUR,http://geoportal.metrocali.gov.co/fotos_paradas/511489_20190509104919.jpg,http://geoportal.metrocali.gov.co/fotos_paradas/511489_20190509104936.jpg,Metro Cali S.A. 22 de agosto de 2023,3.3853905175,-76.5166085079
1062339.6779,865772.2185,327,511490,Cl 48 entre Kr 83E y 85, ,Parada ubicada sobre calle 48 entre carrera 83E Y 85 en sentido Norte - Sur. Aproximadamente a 100 m. hacia el sur. del supermercado Mercar.,PARADA EXTERNA, ,Caney,Comuna 17,Zona 1 - SUR,http://geoportal.metrocali.gov.co/fotos_paradas/511490_20190509105358.jpg,http://geoportal.metrocali.gov.co/fotos_paradas/511490_20190509105409.jpg,Metro Cali S.A. 22 de agosto de 2023,3.3822751342,-76.5166082002
1062339.2785,865484.7338,328,511491,Cl 48 entre Kr 85E y 86, ,Parada ubicada sobre calle 48 entre  carrera 85E Y 86 en sentido Norte - Sur.,PARADA EXTERNA, ,Caney,Comuna 17,Zona 1 - SUR,http://geoportal.metrocali.gov.co/fotos_paradas/511491_20190509110013.jpg,http://geoportal.metrocali.gov.co/fotos_paradas/511491_20190509105955.jpg,Metro Cali S.A. 22 de agosto de 2023,3.3796757147,-76.5166118042
1060059.8797,864849.5062,329,511005,Cl 13 entre Kr 100 y 86,Universidad del Valle - Agora,"Parada ubicada sobre calle 13 en sentido Sur - Norte, junto al Agora de Univalle y frente a Unicentro.",PARADA EXTERNA, ,Ciudad Universitaria,Comuna 17,Zona 1 - SUR,http://geoportal.metrocali.gov.co/fotos_paradas/511005_20190725131054.jpg,http://geoportal.metrocali.gov.co/fotos_paradas/511005_20190725131124.jpg,Metro Cali S.A. 22 de agosto de 2023,3.3739318889,-76.5371201153
1060051.609,865022.1524,330,511234,Cl 13 entre Kr 100 y 86_2,Universidad del Valle - Entrada Unicentro,Parada ubicada sobre calle 13 con carrera 100 en sentido Sur - Norte. Entrada peatonal Univalle.,PARADA EXTERNA, ,Ciudad Universitaria,Comuna 17,Zona 1 - SUR,http://geoportal.metrocali.gov.co/fotos_paradas/511234_20190725131845.jpg,http://geoportal.metrocali.gov.co/fotos_paradas/511234_20190725131856.jpg,Metro Cali S.A. 22 de agosto de 2023,3.3754929439,-76.5371945549
1060565.8369,865496.9228,331,511305,Kr 86 entre Cl 14 y 16,Universidad del Valle - Entrada por El Ingenio,Parada ubicada sobre carrera 86 entre calle 14 y 16 en sentido Occidente - Oriente. Frente a entrada vehicular de la Univalle.,PARADA EXTERNA, ,Ciudad Universitaria,Comuna 17,Zona 1 - SUR,http://geoportal.metrocali.gov.co/fotos_paradas/511305_20190725121146.jpg,http://geoportal.metrocali.gov.co/fotos_paradas/511305_20190725121236.jpg,Metro Cali S.A. 22 de agosto de 2023,3.3797858593,-76.5325679708
1060297.3344,864453.3007,332,511509,Kr 100 entre Cl 16 y 13,Universidad del Valle - Entrada motos,Parada ubicada sobre la carrera 100. a 20m del parqueadero de motos de La Universidad del Valle. Sentido Sur -  Norte.,PARADA EXTERNA, ,Ciudad Universitaria,Comuna 17,Zona 1 - SUR,http://geoportal.metrocali.gov.co/fotos_paradas/511509_20190822101559.jpg,http://geoportal.metrocali.gov.co/fotos_paradas/511509_20190822101624.jpg,Metro Cali S.A. 22 de agosto de 2023,3.370349457,-76.5349836263
1060066.1892,864684.0661,333,511510,Cl 13 entre Kr 100 y 86_1,Universidad del Valle - Entrada peatonal,Parada ubicada sobre la calle 13. a 10m entrada peatonal de La Universidad del Valle. Sentido Sur -  Norte.,PARADA EXTERNA, ,Ciudad Universitaria,Comuna 17,Zona 1 - SUR,http://geoportal.metrocali.gov.co/fotos_paradas/511510_20190822102355.jpg,http://geoportal.metrocali.gov.co/fotos_paradas/511510_20190822102402.jpg,Metro Cali S.A. 22 de agosto de 2023,3.3724359901,-76.5370633216
1060885.9166,864373.9315,334,514442,Cl 16 entre Kr 98 y 100,Universidad del Valle,Parada ubicada sobre calle 19 entre carrera 98 y 100. frente al Centro Comercial Jardín Plaza. En sentido Norte - Sur.,PARADA EXTERNA, ,Ciudad Universitaria,Comuna 17,Zona 1 - SUR,http://geoportal.metrocali.gov.co/fotos_paradas/514442_20191025111350.jpg,http://geoportal.metrocali.gov.co/fotos_paradas/514442_20191025111453.jpg,Metro Cali S.A. 22 de agosto de 2023,3.3696318711,-76.5296880264
1061918.8508,865834.1074,335,511019,Cl 42 entre Kr 84 y 85, ,Parada ubicada sobre calle 42 entre  carrera 84 y 85 en sentido Norte - Sur.,PARADA EXTERNA, ,Ciudadela Comfandi,Comuna 17,Zona 1 - SUR,http://geoportal.metrocali.gov.co/fotos_paradas/511019_20190523101934.jpg,http://geoportal.metrocali.gov.co/fotos_paradas/511019_20190523101945.jpg,Metro Cali S.A. 22 de agosto de 2023,3.3828347381,-76.5203945129
1061951.2974,866407.746,336,511272,Cl 42 con Kr 80, ,Parada ubicada sobre calle 42 con  carrera 80. Frente al supermercado Olimpica.,PARADA EXTERNA, ,Ciudadela Comfandi,Comuna 17,Zona 1 - SUR,http://geoportal.metrocali.gov.co/fotos_paradas/511272_20190523110202.jpg,http://geoportal.metrocali.gov.co/fotos_paradas/511272_20190523110218.jpg,Metro Cali S.A. 22 de agosto de 2023,3.388021544,-76.5201025781
1061924.596,866098.7226,337,511273,Cl 42 entre Kr 81 y 84, ,Parada ubicada sobre calle 42 entre  carrera 81 y 84 en sentido Norte - Sur,PARADA EXTERNA, ,Ciudadela Comfandi,Comuna 17,Zona 1 - SUR,http://geoportal.metrocali.gov.co/fotos_paradas/511273_20190523104814.jpg,http://geoportal.metrocali.gov.co/fotos_paradas/511273_20190523104826.jpg,Metro Cali S.A. 22 de agosto de 2023,3.385227373,-76.520342821
1061769.5301,865952.7685,338,511274,Kr 83C entre Cl 38 y 34, , ,PARADA EXTERNA, ,Ciudadela Comfandi,Comuna 17,Zona 1 - SUR, , ,Metro Cali S.A. 22 de agosto de 2023,3.383907664,-76.521738
1061482.7998,866025.6382,339,511275,Cl 25 entre Kr 83C y 83, , ,PARADA EXTERNA, ,Ciudadela Comfandi,Comuna 17,Zona 1 - SUR, , ,Metro Cali S.A. 22 de agosto de 2023,3.3845665408,-76.5243178088
1061478.7702,865780.2613,340,511298,Cl 25 entre Kr 85 y 83C, ,Parada ubicada sobre calle 25 entre carrera 83C y 85. MEDVET medicina veterinaria. En sentido Sur - Norte.,PARADA EXTERNA, ,Ciudadela Comfandi,Comuna 17,Zona 1 - SUR,http://geoportal.metrocali.gov.co/fotos_paradas/511298_20191025113834.jpg,http://geoportal.metrocali.gov.co/fotos_paradas/511298_20191025113853.jpg,Metro Cali S.A. 22 de agosto de 2023,3.3823478574,-76.5243540558
1061699.0647,865929.7647,341,511485,Kr 83C entre Cl 30 y 34, , ,PARADA EXTERNA, ,Ciudadela Comfandi,Comuna 17,Zona 1 - SUR, , ,Metro Cali S.A. 22 de agosto de 2023,3.3836996643,-76.522372
1060160.9649,866301.4363,342,511243,Kr 80 entre Cl 13A1 y 13B, ,Parada ubicada sobre carrera 80 entre calle 13A1 y 13B en sentido Occidente - Oriente.,PARADA EXTERNA, ,Ciudadela Pasoancho,Comuna 17,Zona 1 - SUR,http://geoportal.metrocali.gov.co/fotos_paradas/511243_20190725124319.jpg,http://geoportal.metrocali.gov.co/fotos_paradas/511243_20190725124327.jpg,Metro Cali S.A. 22 de agosto de 2023,3.3870601692,-76.536210838
1059921.0953,866118.127,343,511580,Cl 13 entre Kr 81 y 80,Alkosto, ,PARADA EXTERNA, ,Ciudadela Pasoancho,Comuna 17,Zona 1 - SUR, , ,Metro Cali S.A. 22 de agosto de 2023,3.3854026595,-76.5383690003
1060911.822,866188.0319,344,511015,Kr 83 entre Cl 16 y 14 P1,Parque del Ingenio, ,PARADA EXTERNA, ,El Ingenio,Comuna 17,Zona 1 - SUR, , ,Metro Cali S.A. 22 de agosto de 2023,3.3860348608,-76.5294551
1060672.9733,866150.2881,345,511017,Kr 83 entre Cl 16 y 14 P2,Parque del Ingenio, ,PARADA EXTERNA, ,El Ingenio,Comuna 17,Zona 1 - SUR, , ,Metro Cali S.A. 22 de agosto de 2023,3.3856935608,-76.5316041001
1060477.9653,866004.6912,346,511104,Cl 14 entre Kr 83 y 84,El Ingenio,Parada ubicada sobre calle 14 entre carrera 83C y 83 en sentido  Norte -  Sur.,PARADA EXTERNA, ,El Ingenio,Comuna 17,Zona 1 - SUR,http://geoportal.metrocali.gov.co/fotos_paradas/511104_20190725122908.jpg,http://geoportal.metrocali.gov.co/fotos_paradas/511104_20190725122920.jpg,Metro Cali S.A. 22 de agosto de 2023,3.3843770605,-76.5333586372
1060486.7094,865787.8647,347,511105,Cl 14 entre Kr 85A y 85B, ,Parada ubicada sobre calle 14 entre carrera 85 y 85A en sentido Norte -  Sur.,PARADA EXTERNA, ,El Ingenio,Comuna 17,Zona 1 - SUR,http://geoportal.metrocali.gov.co/fotos_paradas/511105_20190725122051.jpg,http://geoportal.metrocali.gov.co/fotos_paradas/511105_20190725122104.jpg,Metro Cali S.A. 22 de agosto de 2023,3.3824165293,-76.5332799381
1061398.4054,866016.7592,348,511276,Cl 25 entre Kr 83A y 83B, ,Parada ubicada sobre calle 25 con carrera 83B. bajo puente peatonal de carrera 83B.En sentido Norte - Sur.,PARADA EXTERNA, ,El Ingenio,Comuna 17,Zona 1 - SUR,http://geoportal.metrocali.gov.co/fotos_paradas/511276_20191115125554.jpg,http://geoportal.metrocali.gov.co/fotos_paradas/511276_20191115125725.jpg,Metro Cali S.A. 22 de agosto de 2023,3.3844862541,-76.5250771329
1061367.7838,865528.4862,349,511278,Cl 25 entre Kr 85C y 86,Estación de servicio,Parada ubicada sobre calle 25 entre carrera 85C y 86. Estación de servicio Terpel. el Ingenio. En sentido Norte - Sur.,PARADA EXTERNA, ,El Ingenio,Comuna 17,Zona 1 - SUR,http://geoportal.metrocali.gov.co/fotos_paradas/511278_20191025101942.jpg,http://geoportal.metrocali.gov.co/fotos_paradas/511278_20191025102001.jpg,Metro Cali S.A. 22 de agosto de 2023,3.3800713175,-76.525352624
1059956.101,865865.1942,350,511348,Cl 13 entre Kr 83 y 81, , ,PARADA EXTERNA, ,El Ingenio,Comuna 17,Zona 1 - SUR, , ,Metro Cali S.A. 22 de agosto de 2023,3.3831156622,-76.5380540003
1061133.9106,865576.1118,351,511421,Kr 85C entre Cl 18 y 17, ,Parada ubicada sobre carrera 85C entre calle 18 y  17. En sentido Oriente - Occidente.,PARADA EXTERNA, ,El Ingenio,Comuna 17,Zona 1 - SUR,http://geoportal.metrocali.gov.co/fotos_paradas/511421_20191025102942.jpg,http://geoportal.metrocali.gov.co/fotos_paradas/511421_20191025103000.jpg,Metro Cali S.A. 22 de agosto de 2023,3.3805019323,-76.5274568525
1060999.6145,865680.5816,352,511422,Cl 16 entre Kr 85B y 85A, ,Parada ubicada sobre calle 16 entre carrera 85B y 85A en sentido Sur - Norte. Parada ubicada frente al edificio Euskady.,PARADA EXTERNA, ,El Ingenio,Comuna 17,Zona 1 - SUR,http://geoportal.metrocali.gov.co/fotos_paradas/511422_20190725114350.jpg,http://geoportal.metrocali.gov.co/fotos_paradas/511422_20190725114406.jpg,Metro Cali S.A. 22 de agosto de 2023,3.3814465325,-76.528665162
1061019.6525,865996.6147,353,511423,Cl 16 entre Kr 83C y 83B,El Ingenio,Parada ubicada sobre calle 16 entre carrera 85C y 85B en sentido Sur - Norte.,PARADA EXTERNA, ,El Ingenio,Comuna 17,Zona 1 - SUR,http://geoportal.metrocali.gov.co/fotos_paradas/511423_20190725114717.jpg,http://geoportal.metrocali.gov.co/fotos_paradas/511423_20190725114729.jpg,Metro Cali S.A. 22 de agosto de 2023,3.3843040864,-76.5284848973
1060988.9985,865993.8727,354,511425,Cl 16 entre Kr 83B y 83C,Parque El Ingenio,Parada ubicada sobre calle 16 entre carrera 83B y 83C en sentido Norte - Sur.,PARADA EXTERNA, ,El Ingenio,Comuna 17,Zona 1 - SUR,http://geoportal.metrocali.gov.co/fotos_paradas/511425_20190725115311.jpg,http://geoportal.metrocali.gov.co/fotos_paradas/511425_20190725115323.jpg,Metro Cali S.A. 22 de agosto de 2023,3.3842792911,-76.5287607012
1060973.5213,865744.1382,355,511426,Cl 16 entre Kr 85 y 85A,El Ingenio,Parada ubicada sobre calle 16 entre carrera 85 y 85A en sentido Norte - Sur.,PARADA EXTERNA, ,El Ingenio,Comuna 17,Zona 1 - SUR,http://geoportal.metrocali.gov.co/fotos_paradas/511426_20190725115715.jpg,http://geoportal.metrocali.gov.co/fotos_paradas/511426_20190725115743.jpg,Metro Cali S.A. 22 de agosto de 2023,3.3820212054,-76.5288999354
1061770.0834,863938.823,356,511022,Cl 34 con Kr 100, , ,PARADA EXTERNA, ,Lili,Comuna 17,Zona 1 - SUR, , ,Metro Cali S.A. 22 de agosto de 2023,3.3656976896,-76.521733
1061786.3106,863814.1818,357,511023,Cl 34 entre Kr 100 y 102, , ,PARADA EXTERNA, ,Lili,Comuna 17,Zona 1 - SUR, , ,Metro Cali S.A. 22 de agosto de 2023,3.3645706914,-76.521587
1061445.1011,864304.8002,358,511033,Cl 25 entre Kr 99 y 98B, ,Parada ubicada sobre calle 25 entre carrrera 98 y 98B sentido Sur - Norte. Almacen la 14 del Lili,PARADA EXTERNA, ,Lili,Comuna 17,Zona 1 - SUR,http://geoportal.metrocali.gov.co/fotos_paradas/511033_20190523115401.jpg,http://geoportal.metrocali.gov.co/fotos_paradas/511033_20190523115415.jpg,Metro Cali S.A. 22 de agosto de 2023,3.369006825,-76.5246569314
1061555.683,864119.2049,359,511034,Kr 99 entre Cl 25 y 34,La 14 - Valle de Lili,Parada ubicada sobre la carrera 99 entre las calles 25 y 30 sentido Occidente-Oriente. frente a la 14 del Valle del Lili,PARADA EXTERNA, ,Lili,Comuna 17,Zona 1 - SUR,http://geoportal.metrocali.gov.co/fotos_paradas/511034_20190502090555.jpg,http://geoportal.metrocali.gov.co/fotos_paradas/511034_20190502090617.jpg,Metro Cali S.A. 22 de agosto de 2023,3.3673286869,-76.523662
1061967.8073,864245.8086,360,511100,Kr 99 entre Cl 45 y 42, ,Parada ubicada sobre carrera 99 entre calle 45 y 42 en sentido Oriente-Occidente,PARADA EXTERNA, ,Lili,Comuna 17,Zona 1 - SUR,http://geoportal.metrocali.gov.co/fotos_paradas/511100_20190502105700.jpg,http://geoportal.metrocali.gov.co/fotos_paradas/511100_20190502105714.jpg,Metro Cali S.A. 22 de agosto de 2023,3.3684734351,-76.5199540447
1061997.1202,864215.2395,361,511107,Kr 99 entre Cl 42 y 45, , ,PARADA EXTERNA, ,Lili,Comuna 17,Zona 1 - SUR, , ,Metro Cali S.A. 22 de agosto de 2023,3.368197031,-76.5196903111
1061445.8071,864438.615,362,511222,Cl 25 entre Kr 98B y 98, , ,PARADA EXTERNA, ,Lili,Comuna 17,Zona 1 - SUR,http://geoportal.metrocali.gov.co/fotos_paradas/511222_.jpg,http://geoportal.metrocali.gov.co/fotos_paradas/511222_.jpg,Metro Cali S.A. 22 de agosto de 2023,3.3702167701,-76.5246505848
1061900.2244,864281.0843,363,511223,Cl 42 entre Kr 99 y 98A,Unidad residencial, ,PARADA EXTERNA, ,Lili,Comuna 17,Zona 1 - SUR,http://geoportal.metrocali.gov.co/fotos_paradas/511223_20190509114816.jpg,http://geoportal.metrocali.gov.co/fotos_paradas/511223_20190509114827.jpg,Metro Cali S.A. 22 de agosto de 2023,3.3687923961,-76.5205621005
1062090.8737,863924.9134,364,511224,Cl 45 entre Kr 103 y 102, ,Parada ubicada sobre la Calle 42 entre las carreras 103 y 102 en sentido Norte-Sur.,PARADA EXTERNA, ,Lili,Comuna 17,Zona 1 - SUR,http://geoportal.metrocali.gov.co/fotos_paradas/511224_20190502092923.jpg,http://geoportal.metrocali.gov.co/fotos_paradas/511224_20190502092939.jpg,Metro Cali S.A. 22 de agosto de 2023,3.3655719185,-76.5188467985
1062090.8787,864114.2391,365,511225,Cl 45 entre Kr 100 y 99, ,Parada ubicada sobre calle 45 entre carrera 100 y 99 en sentido Occidente-Oriente,PARADA EXTERNA, ,Lili,Comuna 17,Zona 1 - SUR,http://geoportal.metrocali.gov.co/fotos_paradas/511225_20190502093438.jpg,http://geoportal.metrocali.gov.co/fotos_paradas/511225_20190502093505.jpg,Metro Cali S.A. 22 de agosto de 2023,3.3672837902,-76.5188467506
1061576.8597,864152.0646,366,511226,Kr 99 entre Cl 34 y 25,La 14 - Valle de Lili,Parada ubicada sobre la carrera 99 entre las calles 25 y 33 sentido Oriente-Occidente. parte lateral de la 14 del Valle del Lili.,PARADA EXTERNA, ,Lili,Comuna 17,Zona 1 - SUR,http://geoportal.metrocali.gov.co/fotos_paradas/511226_20190502091001.jpg,http://geoportal.metrocali.gov.co/fotos_paradas/511226_20190502091024.jpg,Metro Cali S.A. 22 de agosto de 2023,3.3676258032,-76.5234714701
1062390.4555,865202.4398,367,511228,Cl 48 entre Kr 92 y 90, ,Parada ubicada sobre calle 48 entre carreras 92 y 90 en sentido sur-norte,PARADA EXTERNA, ,Lili,Comuna 17,Zona 1 - SUR,http://geoportal.metrocali.gov.co/fotos_paradas/511228_20190502112705.jpg,http://geoportal.metrocali.gov.co/fotos_paradas/511228_20190502112721.jpg,Metro Cali S.A. 22 de agosto de 2023,3.3771232272,-76.5161513615
1062340.097,865198.4949,368,511230,Cl 48 entre Kr 90 y 92, ,Parada ubicada sobre calle 48 entre  carrera 90 Y 92 en sentido Norte - Sur.,PARADA EXTERNA, ,Lili,Comuna 17,Zona 1 - SUR,http://geoportal.metrocali.gov.co/fotos_paradas/511230_20190509112437.jpg,http://geoportal.metrocali.gov.co/fotos_paradas/511230_20190509112444.jpg,Metro Cali S.A. 22 de agosto de 2023,3.3770875597,-76.5166044504
1061469.9579,865363.3273,369,511277,Cl 25 entre Kr 90 y 86, ,Parada ubicada sobre calle 25 entre carrera 90 y 86. detrás de la unidad residencial Manzanares del Lili. En sentido Sur - Norte.,PARADA EXTERNA, ,Lili,Comuna 17,Zona 1 - SUR,http://geoportal.metrocali.gov.co/fotos_paradas/511277_20191025112609.jpg,http://geoportal.metrocali.gov.co/fotos_paradas/511277_20191025112625.jpg,Metro Cali S.A. 22 de agosto de 2023,3.3785779647,-76.5244333279
1061460.7677,864951.6581,370,511283,Cl 25 entre Kr 96 y 94,Makro Valle de Lili, ,PARADA EXTERNA, ,Lili,Comuna 17,Zona 1 - SUR, , ,Metro Cali S.A. 22 de agosto de 2023,3.3748556757,-76.524516
1061860.5541,864589.035,371,511318,Cl 42 entre Kr 96 y 98, ,Parada ubicada sobre calle 42 entre carrrera 96 y 98 sentido Norte - Sur.,PARADA EXTERNA, ,Lili,Comuna 17,Zona 1 - SUR,http://geoportal.metrocali.gov.co/fotos_paradas/511318_20190523114116.jpg,http://geoportal.metrocali.gov.co/fotos_paradas/511318_20190523114129.jpg,Metro Cali S.A. 22 de agosto de 2023,3.3715768678,-76.5209190227
1061936.2412,864623.3361,372,511319,Cl 42 entre Kr 97A y 97, ,Parada ubicada sobre calle 42 entre  carrera 99 Y 98A a en sentido Sur -Norte,PARADA EXTERNA, ,Lili,Comuna 17,Zona 1 - SUR,http://geoportal.metrocali.gov.co/fotos_paradas/511319_20190509115401.jpg,http://geoportal.metrocali.gov.co/fotos_paradas/511319_20190509115421.jpg,Metro Cali S.A. 22 de agosto de 2023,3.3718870164,-76.5202380496
1061869.341,864898.0342,373,511320,Cl 42 entre Kr 94A y 95, ,Parada ubicada sobre calle 42 entre carrrera 94A y 95 sentido Norte - Sur.,PARADA EXTERNA, ,Lili,Comuna 17,Zona 1 - SUR,http://geoportal.metrocali.gov.co/fotos_paradas/511320_20190523113418.jpg,http://geoportal.metrocali.gov.co/fotos_paradas/511320_20190523113435.jpg,Metro Cali S.A. 22 de agosto de 2023,3.3743708202,-76.5208399659
1061943.7252,864890.9222,374,511321,Cl 42 entre Kr 95 y 94A, ,Parada ubicada sobre calle 42 entre  carrera 95 Y 94A a en sentido Sur -Norte,PARADA EXTERNA, ,Lili,Comuna 17,Zona 1 - SUR,http://geoportal.metrocali.gov.co/fotos_paradas/511321_20190509120048.jpg,http://geoportal.metrocali.gov.co/fotos_paradas/511321_20190509120102.jpg,Metro Cali S.A. 22 de agosto de 2023,3.3743065139,-76.5201707134
1061877.2027,865166.4189,375,511322,Cl 42 entre Kr 91 y 92, ,"Parada ubicada sobre calle 42 entre carrrera 91 y 92 sentido Norte - Sur. Jardín infantil ""Mentes psico dinámicas.",PARADA EXTERNA, ,Lili,Comuna 17,Zona 1 - SUR,http://geoportal.metrocali.gov.co/fotos_paradas/511322_20190523112941.jpg,http://geoportal.metrocali.gov.co/fotos_paradas/511322_20190523112953.jpg,Metro Cali S.A. 22 de agosto de 2023,3.3767975386,-76.5207692328
1061951.3992,865160.3825,376,511323,Cl 42 entre Kr 92 y 91, ,Parada ubicada sobre calle 42 entre  carrera 92 Y 91 a en sentido Sur -Norte,PARADA EXTERNA, ,Lili,Comuna 17,Zona 1 - SUR,http://geoportal.metrocali.gov.co/fotos_paradas/511323_20190509120730.jpg,http://geoportal.metrocali.gov.co/fotos_paradas/511323_20190509120744.jpg,Metro Cali S.A. 22 de agosto de 2023,3.3767429578,-76.5201016675
1061855.0686,864398.3587,377,511329,Cl 42 entre Kr 98 y 98B, ,Parada ubicada sobre calle 42 entre carrrera 98 y 98B sentido Norte - Sur.,PARADA EXTERNA, ,Lili,Comuna 17,Zona 1 - SUR,http://geoportal.metrocali.gov.co/fotos_paradas/511329_20190523114656.jpg,http://geoportal.metrocali.gov.co/fotos_paradas/511329_20190523114717.jpg,Metro Cali S.A. 22 de agosto de 2023,3.3698527841,-76.5209683762
1061973.7392,863828.7144,378,511403,Kr 102 entre Cl 42 y 45,Parque del Jarillon Río Lili,Parada ubicada sobre carrera 104 entre las calles 42 y 45 en sentido Occidente- Oriente frente al conjunto residencial Calialto,PARADA EXTERNA, ,Lili,Comuna 17,Zona 1 - SUR,http://geoportal.metrocali.gov.co/fotos_paradas/511403_20190502092433.jpg,http://geoportal.metrocali.gov.co/fotos_paradas/511403_20190502092448.jpg,Metro Cali S.A. 22 de agosto de 2023,3.3647020942,-76.5199006768
1062337.0857,864155.3755,379,511404,Cl 48 entre Kr 99 y 100, , ,PARADA EXTERNA, ,Lili,Comuna 17,Zona 1 - SUR,http://geoportal.metrocali.gov.co/fotos_paradas/511404_20190502094700.jpg,http://geoportal.metrocali.gov.co/fotos_paradas/511404_20190502094727.jpg,Metro Cali S.A. 22 de agosto de 2023,3.3676557364,-76.5166315815
1062548.8309,864245.6525,380,511407,Kr 99 entre Cl 50 y 48, ,Parada ubicada sobre la carrera 99 entre calle 60 en  sentido Oriente-Occidente,PARADA EXTERNA, ,Lili,Comuna 17,Zona 1 - SUR,http://geoportal.metrocali.gov.co/fotos_paradas/511407_20190502104019.jpg,http://geoportal.metrocali.gov.co/fotos_paradas/511407_20190502104037.jpg,Metro Cali S.A. 22 de agosto de 2023,3.3684720059,-76.5147264677
1062122.4459,864245.6747,381,511408,Kr 99 con Cl 45, ,Parada ubicada sobre carrera 99 con calle 45 en sentido Oriente-Occidente,PARADA EXTERNA, ,Lili,Comuna 17,Zona 1 - SUR,http://geoportal.metrocali.gov.co/fotos_paradas/511408_20190502105019.jpg,http://geoportal.metrocali.gov.co/fotos_paradas/511408_20190502105033.jpg,Metro Cali S.A. 22 de agosto de 2023,3.3684722225,-76.5185627325
1062338.235,864887.1071,382,511416,Cl 48 entre Kr 94 y 95,Arrecifes del Lili,Parada ubicada sobre calle 48 entre  carrera 94 Y 95 en sentido Norte - Sur.  cobertizo en construcción.,PARADA EXTERNA, ,Lili,Comuna 17,Zona 1 - SUR,http://geoportal.metrocali.gov.co/fotos_paradas/511416_20190509112830.jpg,http://geoportal.metrocali.gov.co/fotos_paradas/511416_20190509112851.jpg,Metro Cali S.A. 22 de agosto de 2023,3.3742720099,-76.5166212147
1062338.129,864679.3216,383,511417,Cl 48 entre Kr 96 y 97,Unidad residencial,Parada ubicada sobre calle 48 entre  carrera 96 Y 97 en sentido Norte - Sur.,PARADA EXTERNA, ,Lili,Comuna 17,Zona 1 - SUR,http://geoportal.metrocali.gov.co/fotos_paradas/511417_20190509113259.jpg,http://geoportal.metrocali.gov.co/fotos_paradas/511417_20190509113322.jpg,Metro Cali S.A. 22 de agosto de 2023,3.3723932258,-76.516622176
1061559.8684,865426.7587,384,511427,Kr 86 entre Cl 25 y 28,Unidad residencial,Parada ubicada sobre carrera 86 entre calle 34 y 42 en sentido Occidente - Oriente.,PARADA EXTERNA, ,Lili,Comuna 17,Zona 1 - SUR,http://geoportal.metrocali.gov.co/fotos_paradas/511427_20190725091904.jpg,http://geoportal.metrocali.gov.co/fotos_paradas/511427_20190725091913.jpg,Metro Cali S.A. 22 de agosto de 2023,3.3791515106,-76.5236243799
1061846.4617,865415.9308,385,511428,Kr 86 entre Cl 34 y 42,Unidad residencial,Parada ubicada sobre carrera 86 entre calle 34 y 42 en sentido Occidente - Oriente.,PARADA EXTERNA, ,Lili,Comuna 17,Zona 1 - SUR,http://geoportal.metrocali.gov.co/fotos_paradas/511428_20190725091131.jpg,http://geoportal.metrocali.gov.co/fotos_paradas/511428_20190725091151.jpg,Metro Cali S.A. 22 de agosto de 2023,3.3790536102,-76.5210458187
1062198.9958,864211.552,386,511456, Kr 99 entre Cl 45 y 48, ,Parada ubicada sobre carrera 99 entre calle 45 Y 48 en sentido Occidente-Oriente,PARADA EXTERNA, ,Lili,Comuna 17,Zona 1 - SUR,http://geoportal.metrocali.gov.co/fotos_paradas/511456_20190502094208.jpg,http://geoportal.metrocali.gov.co/fotos_paradas/511456_20190502094226.jpg,Metro Cali S.A. 22 de agosto de 2023,3.3681636856,-76.517874
1062564.2907,864213.3324,387,511457,Kr 99 entre Cl 48 y 50, , ,PARADA EXTERNA, ,Lili,Comuna 17,Zona 1 - SUR,http://geoportal.metrocali.gov.co/fotos_paradas/511457_20190502104417.jpg,http://geoportal.metrocali.gov.co/fotos_paradas/511457_20190502104432.jpg,Metro Cali S.A. 22 de agosto de 2023,3.3681797686,-76.5145873745
1062139.4699,865415.8394,388,511478,Kr 86 entre Cl 45 y 48,Policlinica Caney,Parada ubicada sobre carrera 86 entre calle 45 y 48 sentido Occidente - Oriente. frente a la policlinica.,PARADA EXTERNA, ,Lili,Comuna 17,Zona 1 - SUR,http://geoportal.metrocali.gov.co/fotos_paradas/511478_20190523112146.jpg,http://geoportal.metrocali.gov.co/fotos_paradas/511478_20190523112156.jpg,Metro Cali S.A. 22 de agosto de 2023,3.3790527815,-76.5184095412
1062390.2932,864338.8827,389,511479,Cl 48 entre Kr 99 y 98B, ,Parada ubicada sobre calle 48 entre  carrera 98B Y 98a en sentido Norte - Sur.,PARADA EXTERNA, ,Lili,Comuna 17,Zona 1 - SUR,http://geoportal.metrocali.gov.co/fotos_paradas/511479_20190509113840.jpg,http://geoportal.metrocali.gov.co/fotos_paradas/511479_20190509113848.jpg,Metro Cali S.A. 22 de agosto de 2023,3.3693149955,-76.516152857
1062388.3599,864678.3896,390,511480,Cl 48 entre Kr 97 y 96A, ,Parada ubicada sobre calle 48 entre carrera 97 y 96A en sentido Sur-Norte,PARADA EXTERNA, ,Lili,Comuna 17,Zona 1 - SUR,http://geoportal.metrocali.gov.co/fotos_paradas/511480_20190502111807.jpg,http://geoportal.metrocali.gov.co/fotos_paradas/511480_20190502111824.jpg,Metro Cali S.A. 22 de agosto de 2023,3.3723847967,-76.5161702375
1062390.8589,864949.3632,391,511481,Cl 48 entre Kr 94A y 94, ,Parada ubicada sobre calle 48 entre carrera 94A y 94 en sentido Sur-Norte,PARADA EXTERNA, ,Lili,Comuna 17,Zona 1 - SUR,http://geoportal.metrocali.gov.co/fotos_paradas/511481_20190502112233.jpg,http://geoportal.metrocali.gov.co/fotos_paradas/511481_20190502112249.jpg,Metro Cali S.A. 22 de agosto de 2023,3.3748349237,-76.5161477424
1062338.0598,864397.7796,392,511484,Cl 48 entre Kr 98 y 98B, ,Parada ubicada sobre calle 48 entre carrera 98A y 98B en sentido Norte-Sur,PARADA EXTERNA, ,Lili,Comuna 17,Zona 1 - SUR,http://geoportal.metrocali.gov.co/fotos_paradas/511484_20190502111248.jpg,http://geoportal.metrocali.gov.co/fotos_paradas/511484_20190502111306.jpg,Metro Cali S.A. 22 de agosto de 2023,3.3698475398,-76.5166228088
1062252.4262,864245.6402,393,511521,Kr 99 entre Cl 48 y 45, , ,PARADA EXTERNA, ,Lili,Comuna 17,Zona 1 - SUR, , ,Metro Cali S.A. 22 de agosto de 2023,3.3684719074,-76.5173932757
1062381.0536,864016.9045,394,511533,Cl 48 entre Kr 101 y 99A, , ,PARADA EXTERNA, ,Lili,Comuna 17,Zona 1 - SUR, , ,Metro Cali S.A. 22 de agosto de 2023,3.3664036882,-76.516236
1059886.1117,866168.8175,395,511009,Cl 13 entre Kr 80 y 81,La 14 de Pasoancho,Parada ubicada sobre calle 13 entre carrera 80 y 81. Centro Comercial La 14. En sentido Norte - Sur.,PARADA EXTERNA, ,Mayapan - Las Vegas,Comuna 17,Zona 1 - SUR,http://geoportal.metrocali.gov.co/fotos_paradas/511009_20191025094229.jpg,http://geoportal.metrocali.gov.co/fotos_paradas/511009_20191025094249.jpg,Metro Cali S.A. 22 de agosto de 2023,3.385860994,-76.5386837678
1059590.8849,866221.4917,396,511235,Kr 80 entre Cl 5 y 6A, ,Parada ubicada sobre carrera 80 entre calle 5 y 6A. a 30m de la porteria de la Unidad Residencial Valle de La Ferreira Unidad 2. En sentido Occidente - Oriente.,PARADA EXTERNA, ,Mayapan - Las Vegas,Comuna 17,Zona 1 - SUR,http://geoportal.metrocali.gov.co/fotos_paradas/511235_20191025085717.jpg,http://geoportal.metrocali.gov.co/fotos_paradas/511235_20191025085813.jpg,Metro Cali S.A. 22 de agosto de 2023,3.3863372165,-76.5413400354
1059429.5969,865251.3994,397,511280,MELÉNDEZ C6,Conexión con la estación Meléndez, ,PARADA EXTERNA, ,Mayapan - Las Vegas,Comuna 17,Zona 1 - SUR, , ,Metro Cali S.A. 22 de agosto de 2023,3.3775656673,-76.5427910006
1059436.6832,865224.0569,398,511289,MELÉNDEZ C4,Conexión con la estación Meléndez,Parada ubicada sobre calle 5 con carrera 94. frente a estación Melendez. vahia de integración C4. Sentido Sur - Norte.,PARADA EXTERNA,CALLE 5,Mayapan - Las Vegas,Comuna 17,Zona 1 - SUR,http://geoportal.metrocali.gov.co/fotos_paradas/511289_20190913122019.jpg,http://geoportal.metrocali.gov.co/fotos_paradas/511289_20190913122040.jpg,Metro Cali S.A. 22 de agosto de 2023,3.3773184393,-76.5427272372
1059441.9861,865195.7741,399,511290,MELÉNDEZ C2,Conexión con la estación Meléndez, ,PARADA EXTERNA,CALLE 5,Mayapan - Las Vegas,Comuna 17,Zona 1 - SUR, , ,Metro Cali S.A. 22 de agosto de 2023,3.377062709,-76.5426795198
1059432.415,865240.0966,400,511291,MELÉNDEZ C5,Conexión con la estación Meléndez,Parada ubicada sobre calle 5 con carrera 94. frente a estación Melendez. vahia de integración C5. Sentido Sur - Norte.,PARADA EXTERNA,CALLE 5,Mayapan - Las Vegas,Comuna 17,Zona 1 - SUR,http://geoportal.metrocali.gov.co/fotos_paradas/511291_20190913122626.jpg,http://geoportal.metrocali.gov.co/fotos_paradas/511291_20190913122643.jpg,Metro Cali S.A. 22 de agosto de 2023,3.3774634684,-76.5427656427
1059444.7095,865185.3079,401,511294,MELÉNDEZ C1,Conexión con la estación Meléndez, ,PARADA EXTERNA,CALLE 5,Mayapan - Las Vegas,Comuna 17,Zona 1 - SUR, , ,Metro Cali S.A. 22 de agosto de 2023,3.3769680748,-76.5426550146
1059439.4286,865213.7187,402,511296,MELÉNDEZ C3,Conexión con la estación Meléndez,Parada ubicada sobre calle 5 con carrera 94. frente a estación Melendez. vahia de integración C3. Sentido Sur - Norte.,PARADA EXTERNA,CALLE 5,Mayapan - Las Vegas,Comuna 17,Zona 1 - SUR,http://geoportal.metrocali.gov.co/fotos_paradas/511296_20190913121610.jpg,http://geoportal.metrocali.gov.co/fotos_paradas/511296_20190913121620.jpg,Metro Cali S.A. 22 de agosto de 2023,3.3772249625,-76.542702534
1059314.2401,865733.8201,403,511342,Cl 5 entre Kr 84A y 84,"Bahía paralela al SOLO BUS, frente al Super Inter", ,PARADA EXTERNA, ,Mayapan - Las Vegas,Comuna 17,Zona 1 - SUR, , ,Metro Cali S.A. 22 de agosto de 2023,3.3819276615,-76.5438290006
1060766.5698,866359.6556,404,511002,Kr 80 entre Cl 14 y 16, , ,PARADA EXTERNA, ,Prados del Limonar,Comuna 17,Zona 1 - SUR, , ,Metro Cali S.A. 22 de agosto de 2023,3.3875866588,-76.5307620001
1060786.2482,866935.4162,405,511013,Kr 70 entre Cl 14 y 16, , ,PARADA EXTERNA, ,Prados del Limonar,Comuna 17,Zona 1 - SUR, , ,Metro Cali S.A. 22 de agosto de 2023,3.3927926533,-76.5305850001
1060909.2565,866404.2795,406,511014,Kr 80 entre Cl 16 y 15, , ,PARADA EXTERNA, ,Prados del Limonar,Comuna 17,Zona 1 - SUR, , ,Metro Cali S.A. 22 de agosto de 2023,3.3879901586,-76.5294782
1061027.6549,866596.1555,407,511424,Cl 16 entre Kr 73 y 76, , ,PARADA EXTERNA, ,Prados del Limonar,Comuna 17,Zona 1 - SUR, , ,Metro Cali S.A. 22 de agosto de 2023,3.3897250991,-76.5284129407
1061460.5546,866706.0582,408,516193,Cl 25 entre Kr 70 y 73, , ,PARADA EXTERNA, ,Prados del Limonar,Comuna 17,Zona 1 - SUR, , ,Metro Cali S.A. 22 de agosto de 2023,3.390718857,-76.5245179812
1060587.3569,866618.0081,409,516225,Cl 14 entre Kr 76 y 73,Prados del Limonar, ,PARADA EXTERNA, ,Prados del Limonar,Comuna 17,Zona 1 - SUR, , ,Metro Cali S.A. 22 de agosto de 2023,3.389922648,-76.5323744719
1060026.1353,864934.836,410,511006,Cl 13 entre Kr 89 y 100,Unicentro Cali,Parada ubicada sobre calle 13 entre carrera 89 y 100 en sentido Norte - Sur. Unicentro Cali.,PARADA EXTERNA, ,Unicentro Cali,Comuna 17,Zona 1 - SUR,http://geoportal.metrocali.gov.co/fotos_paradas/511006_20190725130050.jpg,http://geoportal.metrocali.gov.co/fotos_paradas/511006_20190725130105.jpg,Metro Cali S.A. 22 de agosto de 2023,3.3747034302,-76.5374237345
1059981.1436,865499.1641,411,511008,Cl 13 entre Kr 85 y 87,Multicentro,Parada ubicada sobre calle 13 entre carrera 85 y 87 en sentido Norte - Sur. Unicentro Cali.,PARADA EXTERNA, ,Unicentro Cali,Comuna 17,Zona 1 - SUR,http://geoportal.metrocali.gov.co/fotos_paradas/511008_20190725125533.jpg,http://geoportal.metrocali.gov.co/fotos_paradas/511008_20190725125549.jpg,Metro Cali S.A. 22 de agosto de 2023,3.3798060439,-76.5378286259
1060011.8881,865256.5518,412,511010,Cl 13 entre Kr 87 y 89,Multicentro,Parada ubicada sobre calle 13 entre carrera 87 y 89. En sentido Norte - Sur.,PARADA EXTERNA, ,Unicentro Cali,Comuna 17,Zona 1 - SUR,http://geoportal.metrocali.gov.co/fotos_paradas/511010_20191025095631.jpg,http://geoportal.metrocali.gov.co/fotos_paradas/511010_20191025095657.jpg,Metro Cali S.A. 22 de agosto de 2023,3.377612363,-76.5375519706
1059939.9568,865768.0204,413,511012,Cl 13 con Kr 83,Parque del Ingenio,Parada ubicada sobre calle 13 entre carrera 83 y 85 en sentido Norte - Sur. Unicentro Cali.,PARADA EXTERNA, ,Unicentro Cali,Comuna 17,Zona 1 - SUR,http://geoportal.metrocali.gov.co/fotos_paradas/511012_20190725125008.jpg,http://geoportal.metrocali.gov.co/fotos_paradas/511012_20190725125027.jpg,Metro Cali S.A. 22 de agosto de 2023,3.3822370197,-76.5381992394
1058705.3267,861604.843,414,511138,Cl 5 - Vía la Voragine,Melendez, ,PARADA EXTERNA, ,Parcelaciones Pance,Comuna 22,Zona 1 - SUR, , ,Metro Cali S.A. 22 de agosto de 2023,3.3445935471,-76.5493064889
1060965.2876,864087.7693,415,502301,UNIVERSIDADES B1, , ,ESTACIÓN,CALLE 5,Urbanización San Joaquín,Comuna 17,Zona 1 - SUR,http://geoportal.metrocali.gov.co/fotos_paradas/502301_201211_1.jpg,http://geoportal.metrocali.gov.co/fotos_paradas/502301_201211_2.jpg,Metro Cali S.A. 22 de agosto de 2023,3.3670444161,-76.5289738878
1060931.7092,864102.5289,416,502303,UNIVERSIDADES B2, , ,ESTACIÓN,CALLE 5,Urbanización San Joaquín,Comuna 17,Zona 1 - SUR,http://geoportal.metrocali.gov.co/fotos_paradas/502303_201211_1.jpg,http://geoportal.metrocali.gov.co/fotos_paradas/502303_201211_2.jpg,Metro Cali S.A. 22 de agosto de 2023,3.3671778688,-76.5292759996
1061094.214,864020.6111,417,502304,UNIVERSIDADES C1, , ,ESTACIÓN,CALLE 5,Urbanización San Joaquín,Comuna 17,Zona 1 - SUR,http://geoportal.metrocali.gov.co/fotos_paradas/502304_201211_1.jpg,http://geoportal.metrocali.gov.co/fotos_paradas/502304_201211_2.jpg,Metro Cali S.A. 22 de agosto de 2023,3.3664371854,-76.52781391
1061068.8545,864039.6314,418,502310,UNIVERSIDADES C3, , ,ESTACIÓN,CALLE 5,Urbanización San Joaquín,Comuna 17,Zona 1 - SUR,http://geoportal.metrocali.gov.co/fotos_paradas/502310_201211_1.jpg,http://geoportal.metrocali.gov.co/fotos_paradas/502310_201211_2.jpg,Metro Cali S.A. 22 de agosto de 2023,3.3666091636,-76.5280420749
1061054.3116,864048.9723,419,502312,UNIVERSIDADES C4, , ,ESTACIÓN,CALLE 5,Urbanización San Joaquín,Comuna 17,Zona 1 - SUR,http://geoportal.metrocali.gov.co/fotos_paradas/502312_201211_1.jpg,http://geoportal.metrocali.gov.co/fotos_paradas/502312_201211_2.jpg,Metro Cali S.A. 22 de agosto de 2023,3.3666936224,-76.5281729208
1061081.7713,864031.0787,420,502314,UNIVERSIDADES C2, , ,ESTACIÓN,CALLE 5,Urbanización San Joaquín,Comuna 17,Zona 1 - SUR,http://geoportal.metrocali.gov.co/fotos_paradas/502314_201211_1.jpg,http://geoportal.metrocali.gov.co/fotos_paradas/502314_201211_2.jpg,Metro Cali S.A. 22 de agosto de 2023,3.3665318316,-76.5279258603
1060961.9757,865086.4854,421,511237,Cl 16 entre Kr 93 y 92,Urbanización San Joaquín,Parada ubicada sobre calle 16 entre carrera 93 y 92 en sentido Sur - Norte.,PARADA EXTERNA, ,Urbanización San Joaquín,Comuna 17,Zona 1 - SUR,http://geoportal.metrocali.gov.co/fotos_paradas/511237_20190725112624.jpg,http://geoportal.metrocali.gov.co/fotos_paradas/511237_20190725112632.jpg,Metro Cali S.A. 22 de agosto de 2023,3.3760747472,-76.5290037634
1061140.6183,865458.8968,422,511242,Kr 86 entre Cl 17 y 18,Urbanización San Joaquín,Parada ubicada sobre carrera 80 entre calle 17 y 18. En sentido Occidente - Oriente.,PARADA EXTERNA, ,Urbanización San Joaquín,Comuna 17,Zona 1 - SUR,http://geoportal.metrocali.gov.co/fotos_paradas/511242_20191025101336.jpg,http://geoportal.metrocali.gov.co/fotos_paradas/511242_20191025101359.jpg,Metro Cali S.A. 22 de agosto de 2023,3.3794420817,-76.5273964939
1061357.1246,865165.0011,423,511279,Cl 25 entre Kr 89 y 94, ,Parada ubicada sobre calle 25 entre carrera 89 y 94. En sentido Norte - Sur.,PARADA EXTERNA, ,Urbanización San Joaquín,Comuna 17,Zona 1 - SUR,http://geoportal.metrocali.gov.co/fotos_paradas/511279_20191025103802.jpg,http://geoportal.metrocali.gov.co/fotos_paradas/511279_20191025103829.jpg,Metro Cali S.A. 22 de agosto de 2023,3.3767847064,-76.5254485115
1061306.6358,864263.1285,424,511281,Cl 25 entre Kr 98 y 100,Centro Comercial Jardín Plaza,Parada ubicada sobre calle 25 entre carrera 98 y 100. a 50m de entrada Vehicular del Centro Comercial Jardín Plaza. En sentido Norte - Sur.,PARADA EXTERNA, ,Urbanización San Joaquín,Comuna 17,Zona 1 - SUR,http://geoportal.metrocali.gov.co/fotos_paradas/511281_20191025105132.jpg,http://geoportal.metrocali.gov.co/fotos_paradas/511281_20191025105311.jpg,Metro Cali S.A. 22 de agosto de 2023,3.3686300258,-76.5259027279
1061351.8794,864814.6723,425,511284,Cl 25 entre Kr 95 y 98,Clinica Valle del Lili,Parada ubicada sobre calle 25 entre carrera 95 y 98. Hospital Universitario Fundación Valle del Lili. En sentido Norte - Sur.,PARADA EXTERNA, ,Urbanización San Joaquín,Comuna 17,Zona 1 - SUR,http://geoportal.metrocali.gov.co/fotos_paradas/511284_20191025104257.jpg,http://geoportal.metrocali.gov.co/fotos_paradas/511284_20191025104341.jpg,Metro Cali S.A. 22 de agosto de 2023,3.3736170541,-76.525495688
1060972.9752,865256.8964,426,511301,Cl 16 entre Kr 90 y 89, ,Parada ubicada sobre calle 16 entre carrera 90 y 89 en sentido Sur - Norte. Urbanización San Joaquin.,PARADA EXTERNA, ,Urbanización San Joaquín,Comuna 17,Zona 1 - SUR,http://geoportal.metrocali.gov.co/fotos_paradas/511301_20190725113812.jpg,http://geoportal.metrocali.gov.co/fotos_paradas/511301_20190725113829.jpg,Metro Cali S.A. 22 de agosto de 2023,3.3776155941,-76.5289048112
1060932.9102,864642.2727,427,511349,Cl 16 entre Kr 98 y 94,Universidad del Valle sede Meléndez,Parada ubicada sobre calle 16 entre carrera 100 y 98 en sentido Sur - Norte. Parada en centro comercial Jardín Plaza.,PARADA EXTERNA, ,Urbanización San Joaquín,Comuna 17,Zona 1 - SUR,http://geoportal.metrocali.gov.co/fotos_paradas/511349_20190725112030.jpg,http://geoportal.metrocali.gov.co/fotos_paradas/511349_20190725112053.jpg,Metro Cali S.A. 22 de agosto de 2023,3.3720582001,-76.5292652374
1060921.3236,864417.5013,428,514001,Cl 16 entre Kr 100 y 98,Centro Comercial Jardín Plaza,Parada ubicada sobre calle 16 entre carrera 100 y 98 en sentido Sur - Norte. Parada en centro comercial Jardín Plaza.,PARADA EXTERNA, ,Urbanización San Joaquín,Comuna 17,Zona 1 - SUR,http://geoportal.metrocali.gov.co/fotos_paradas/514001_20190725111649.jpg,http://geoportal.metrocali.gov.co/fotos_paradas/514001_20190725111725.jpg,Metro Cali S.A. 22 de agosto de 2023,3.3700258296,-76.5293694663
1058837.8134,865220.1135,429,511288,Kr 92 entre Cl 4 y 3A,Unidad Residencia Horizontes,Parada ubicada carrera 92 entre calle 4 - 3A. a 20m de porteria conjunto residencial Horizontes. Sentido Oriente - Occidente.,PARADA EXTERNA, ,Cuarteles de Nápoles,Comuna 18,Zona 1 - SUR,http://geoportal.metrocali.gov.co/fotos_paradas/511288_20190913120418.jpg,http://geoportal.metrocali.gov.co/fotos_paradas/511288_20190913120455.jpg,Metro Cali S.A. 22 de agosto de 2023,3.3772826423,-76.5481154274
1057840.5516,865932.2075,430,517276,Kr 89 con Cl 1B Oe,Rincón de la Arboleda,Parada ubicada sobre carrera 83 con calle 1A Oeste. En sentido Oriente - Occidente.,PARADA EXTERNA, ,Cuarteles de Nápoles,Comuna 18,Zona 1 - SUR,http://geoportal.metrocali.gov.co/fotos_paradas/517276_20191018094127.jpg,http://geoportal.metrocali.gov.co/fotos_paradas/517276_20191018094147.jpg,Metro Cali S.A. 22 de agosto de 2023,3.3837210509,-76.5570882981
1058655.6406,864891.8902,431,511164,Kr 95 entre Cl 3 y Kr 95A, ,Parada ubicada sobre calle 2B entre calle 3 y carrera 95A. Sentido Oriente - Occidente.,PARADA EXTERNA, ,El Jordán,Comuna 18,Zona 1 - SUR,http://geoportal.metrocali.gov.co/fotos_paradas/511164_20191004115746.jpg,http://geoportal.metrocali.gov.co/fotos_paradas/511164_20191004115756.jpg,Metro Cali S.A. 22 de agosto de 2023,3.3743148178,-76.549754396
1058411.8444,864994.9724,432,511175,Kr 94B entre Cl 2 y 2B, ,Parada ubicada sobre carrera 94B entre calle 2A y 2B. Sentido Occidente - Oriente.,PARADA EXTERNA, ,El Jordán,Comuna 18,Zona 1 - SUR,http://geoportal.metrocali.gov.co/fotos_paradas/511175_20191004113930.jpg,http://geoportal.metrocali.gov.co/fotos_paradas/511175_20191004114006.jpg,Metro Cali S.A. 22 de agosto de 2023,3.375246811,-76.5519479185
1058911.3032,861332.4093,433,511151,Kr 122 con Cl 5,La curva, ,PARADA EXTERNA, ,Parcelaciones Pance,Comuna 22,Zona 1 - SUR, , ,Metro Cali S.A. 22 de agosto de 2023,3.3421302721,-76.547453258
1058596.6828,864911.6222,434,511176,Cl 2B entre Kr 95A y 94D, ,Parada ubicada sobre calle 2B entre carrera 95A y 94D. Sentido Occidente - Oriente.,PARADA EXTERNA, ,El Jordán,Comuna 18,Zona 1 - SUR,http://geoportal.metrocali.gov.co/fotos_paradas/511176_20191004115234.jpg,http://geoportal.metrocali.gov.co/fotos_paradas/511176_20191004115249.jpg,Metro Cali S.A. 22 de agosto de 2023,3.3744932169,-76.5502848588
1058374.7326,864987.1123,435,511186,Kr 94B entre Cl 2A y 2, ,Parada ubicada sobre carrera 94B entre calle 2A y 2. Sentido  Oriente - Occidente.,PARADA EXTERNA, ,El Jordán,Comuna 18,Zona 1 - SUR,http://geoportal.metrocali.gov.co/fotos_paradas/511186_20191004113616.jpg,http://geoportal.metrocali.gov.co/fotos_paradas/511186_20191004113641.jpg,Metro Cali S.A. 22 de agosto de 2023,3.3751757293,-76.5522818203
1058627.9005,864969.402,436,511390,Cl 2C entre Kr 94A y 95,Punto de integración rutas alimentadoras Meléndez, ,PARADA EXTERNA, ,El Jordán,Comuna 18,Zona 1 - SUR, , ,Metro Cali S.A. 22 de agosto de 2023,3.3750156668,-76.5500040013
1058448.8988,865049.106,437,511400,Kr 94 entre Cl 2 y 2A, ,Parada ubicada sobre carrera 94A entre calle 2 y 2A. En sentido Occidente - Oriente.,PARADA EXTERNA, ,El Jordán,Comuna 18,Zona 1 - SUR,http://geoportal.metrocali.gov.co/fotos_paradas/511400_20191018102335.jpg,http://geoportal.metrocali.gov.co/fotos_paradas/511400_20191018102401.jpg,Metro Cali S.A. 22 de agosto de 2023,3.3757362947,-76.5516145465
1058573.6609,865022.6756,438,511401,Kr 94A entre Cl 2B y 2C,Supermercado,Parada ubicada sobre carrera 94A entre calle 2B y 2C. frenta a Fruver Los Tatoos. En sentido Occidente - Oriente.,PARADA EXTERNA, ,El Jordán,Comuna 18,Zona 1 - SUR,http://geoportal.metrocali.gov.co/fotos_paradas/511401_20191018104752.jpg,http://geoportal.metrocali.gov.co/fotos_paradas/511401_20191018104812.jpg,Metro Cali S.A. 22 de agosto de 2023,3.3754973486,-76.5504920231
1058898.6255,864885.9599,439,511163,Kr 95 entre Cl 4 y 3D, ,Parada ubicada sobre carrera 95 entre calle 4 y 3C. frente a centro comercial Los Mangos. Sentido Oriente - Occidente.,PARADA EXTERNA, ,Horizontes,Comuna 18,Zona 1 - SUR,http://geoportal.metrocali.gov.co/fotos_paradas/511163_20191004121455.jpg,http://geoportal.metrocali.gov.co/fotos_paradas/511163_20191004121614.jpg,Metro Cali S.A. 22 de agosto de 2023,3.3742612611,-76.5475682013
1058823.3217,865019.8984,440,511377,Kr 94A entre Cl 3A y 3B, ,Parada ubicada carrera 93 entre calle 3A - 3B. frente a Polideportivo Horizontes. Sentido Occidente -  Oriente.,PARADA EXTERNA, ,Horizontes,Comuna 18,Zona 1 - SUR,http://geoportal.metrocali.gov.co/fotos_paradas/511377_20190913114205.jpg,http://geoportal.metrocali.gov.co/fotos_paradas/511377_20190913114223.jpg,Metro Cali S.A. 22 de agosto de 2023,3.3754723055,-76.5482457618
1059423.6611,865198.0244,441,502150,MELÉNDEZ A1, , ,ESTACIÓN,CALLE 5,Meléndez,Comuna 18,Zona 1 - SUR,http://geoportal.metrocali.gov.co/fotos_paradas/502150_201211_1.jpg,http://geoportal.metrocali.gov.co/fotos_paradas/502150_201211_2.jpg,Metro Cali S.A. 22 de agosto de 2023,3.3770830519,-76.5428443951
1059426.1123,865214.4642,442,502151,MELÉNDEZ B1, , ,ESTACIÓN,CALLE 5,Meléndez,Comuna 18,Zona 1 - SUR,http://geoportal.metrocali.gov.co/fotos_paradas/502151_201211_1.jpg,http://geoportal.metrocali.gov.co/fotos_paradas/502151_201211_2.jpg,Metro Cali S.A. 22 de agosto de 2023,3.3772317006,-76.5428223446
1059163.5176,865040.4734,443,511286,Kr 94 entre Cl 4D y 4C,Fundación Universidad Catolica,Parada ubicada sobre la carrera 94. frente al almacen Herpo Melendez y tienda D. Sentido Oriente - Occidente.,PARADA EXTERNA, ,Meléndez,Comuna 18,Zona 1 - SUR,http://geoportal.metrocali.gov.co/fotos_paradas/511286_20190822104036.jpg,http://geoportal.metrocali.gov.co/fotos_paradas/511286_20190822104048.jpg,Metro Cali S.A. 22 de agosto de 2023,3.3756584277,-76.5451849391
1059155.6293,865429.5755,444,511375,Cl 4C entre Kr 87 y 88, , ,PARADA EXTERNA, ,Meléndez,Comuna 18,Zona 1 - SUR, , ,Metro Cali S.A. 22 de agosto de 2023,3.3791766642,-76.5452560008
1059085.491,865197.1054,445,511376,Kr 92 entre Cl 4C y 4, , ,PARADA EXTERNA, ,Meléndez,Comuna 18,Zona 1 - SUR, , ,Metro Cali S.A. 22 de agosto de 2023,3.3770746664,-76.5458870008
1059323.6474,865540.678,446,511388,Cl 5 entre Kr 85 y 86,Estación de Servicio,Parada ubicada sobre calle 5 con carrera 85 y 86. junto a estación de servicio Biomax. Sentido Norte - Sur.,PARADA EXTERNA, ,Meléndez,Comuna 18,Zona 1 - SUR,http://geoportal.metrocali.gov.co/fotos_paradas/511388_20191004092727.jpg,http://geoportal.metrocali.gov.co/fotos_paradas/511388_20191004092925.jpg,Metro Cali S.A. 22 de agosto de 2023,3.3801812841,-76.5437443184
1057550.91,865119.2969,447,511072,Cl 4 Oe entre Kr 94 y 94-1, ,Parada ubicada sobre calle 4 Oeste entre carrera 93E y 94 1. Sentido Sur -  Norte.,PARADA EXTERNA, ,Polvorines,Comuna 18,Zona 1 - SUR,http://geoportal.metrocali.gov.co/fotos_paradas/511072_20191004102048.jpg,http://geoportal.metrocali.gov.co/fotos_paradas/511072_20191004102107.jpg,Metro Cali S.A. 22 de agosto de 2023,3.3763706584,-76.559694003
1058011.3312,864783.4045,448,511168,Kr 96 entre Cl 1 Oe y 2 Oe, ,Parada ubicada sobre carrera 96 entre calle 1 y 2 Oeste. Sentido Occidente - Oriente.,PARADA EXTERNA, ,Polvorines,Comuna 18,Zona 1 - SUR,http://geoportal.metrocali.gov.co/fotos_paradas/511168_20191004105428.jpg,http://geoportal.metrocali.gov.co/fotos_paradas/511168_20191004105451.jpg,Metro Cali S.A. 22 de agosto de 2023,3.3733337007,-76.5555513665
1057821.0331,864797.9129,449,511169,Cl 4 Oe entre Kr 94B y 94A, ,Parada ubicada sobre calle 4 Oeste a 20m de intersección con carrera 95A. Sentido Oriente - Occidente.,PARADA EXTERNA, ,Polvorines,Comuna 18,Zona 1 - SUR,http://geoportal.metrocali.gov.co/fotos_paradas/511169_20191004104034.jpg,http://geoportal.metrocali.gov.co/fotos_paradas/511169_20191004104053.jpg,Metro Cali S.A. 22 de agosto de 2023,3.3734648202,-76.5572635271
1057641.0154,864937.7601,450,511171,Cl 4 Oe entre Kr 94Bis y 94A, ,Parada ubicada sobre calle 4 Oeste entre carrera 94 Bis y 94A. Sentido Sur -  Norte.,PARADA EXTERNA, ,Polvorines,Comuna 18,Zona 1 - SUR,http://geoportal.metrocali.gov.co/fotos_paradas/511171_20191004103054.jpg,http://geoportal.metrocali.gov.co/fotos_paradas/511171_20191004103112.jpg,Metro Cali S.A. 22 de agosto de 2023,3.3747292462,-76.5588832375
1057948.5247,864778.0691,451,511172,Kr 96 entre Cl 3 Oe y 1 Oe,Casa sobre la roca,Parada ubicada sobre carrera 96 entre calle 3 y 1 Oeste. Sentido Occidente - Oriente.,PARADA EXTERNA, ,Polvorines,Comuna 18,Zona 1 - SUR,http://geoportal.metrocali.gov.co/fotos_paradas/511172_20191004104958.jpg,http://geoportal.metrocali.gov.co/fotos_paradas/511172_20191004105015.jpg,Metro Cali S.A. 22 de agosto de 2023,3.3732854373,-76.5561164492
1057978.3565,864645.2679,452,511345,Kr 100 con Cl 1E Oe_P2,Parada con cobertizo, ,PARADA EXTERNA, ,Polvorines,Comuna 18,Zona 1 - SUR, , ,Metro Cali S.A. 22 de agosto de 2023,3.3720846665,-76.5558480022
1058614.0083,864601.6354,453,511434,Kr 98A con Cl 2D, ,Parada ubicada sobre la carrera 98A con calle 2D. Sentido Sur - Norte.,PARADA EXTERNA, ,Polvorines,Comuna 18,Zona 1 - SUR,http://geoportal.metrocali.gov.co/fotos_paradas/511434_20190822112005.jpg,http://geoportal.metrocali.gov.co/fotos_paradas/511434_20190822112024.jpg,Metro Cali S.A. 22 de agosto de 2023,3.3716903397,-76.5501288925
1061469.5343,861467.5667,454,511259,Cl 25 entre Kr 122 y 125, , ,PARADA EXTERNA, ,Parcelaciones Pance,Comuna 22,Zona 1 - SUR, , ,Metro Cali S.A. 22 de agosto de 2023,3.34335273,-76.524437
1058419.3513,864606.1173,455,511435,Kr 98A con Cl 2A,Altos del Madrigal,Parada ubicada sobre la carrera 98A con calle 2A. frente a unidad residencial Altos del Madrigal. Sentido Sur - Norte.,PARADA EXTERNA, ,Polvorines,Comuna 18,Zona 1 - SUR,http://geoportal.metrocali.gov.co/fotos_paradas/511435_20190822112605.jpg,http://geoportal.metrocali.gov.co/fotos_paradas/511435_20190822112617.jpg,Metro Cali S.A. 22 de agosto de 2023,3.3717308086,-76.5518802646
1058427.0088,864671.0472,456,511436,Kr 98 entre Cl 2 y 2A, ,Parada ubicada sobre la carrera 98A entre calle 2 y 2A. Sentido Occidente - Oriente.,PARADA EXTERNA, ,Polvorines,Comuna 18,Zona 1 - SUR,http://geoportal.metrocali.gov.co/fotos_paradas/511436_20190822113136.jpg,http://geoportal.metrocali.gov.co/fotos_paradas/511436_20190822113145.jpg,Metro Cali S.A. 22 de agosto de 2023,3.3723179031,-76.5518113871
1058674.2373,864645.9322,457,511437,Kr 98 entre Cl 2D y 3, ,Parada ubicada sobre la carrera 98A entre calle 2D y 3. Sentido Occidente - Oriente.,PARADA EXTERNA, ,Polvorines,Comuna 18,Zona 1 - SUR,http://geoportal.metrocali.gov.co/fotos_paradas/511437_20190822113708.jpg,http://geoportal.metrocali.gov.co/fotos_paradas/511437_20190822113713.jpg,Metro Cali S.A. 22 de agosto de 2023,3.3720908854,-76.5495870111
1057993.0014,864277.1537,458,511438,Kr 100B con Cl 1Bis Oe_P1, ,Parada ubicada en  el cruce de la carrera 100B con Calle 1 Bis. Sentido Oriente - Occidente.,PARADA EXTERNA, ,Polvorines,Comuna 18,Zona 1 - SUR,http://geoportal.metrocali.gov.co/fotos_paradas/511438_20190913095730.jpg,http://geoportal.metrocali.gov.co/fotos_paradas/511438_20190913095743.jpg,Metro Cali S.A. 22 de agosto de 2023,3.3687562051,-76.5557161196
1057848.8209,864454.3724,459,511439,Kr 100A2 entre Cl 1C Oe y Kr 100A1, ,Parada ubicada sobre la carrera 100B. Sentido Sur - Norte.,PARADA EXTERNA, ,Polvorines,Comuna 18,Zona 1 - SUR,http://geoportal.metrocali.gov.co/fotos_paradas/511439_20190913101905.jpg,http://geoportal.metrocali.gov.co/fotos_paradas/511439_20190913101926.jpg,Metro Cali S.A. 22 de agosto de 2023,3.3703585571,-76.5570133982
1057992.0296,864656.7452,460,511440,Kr 100 con Cl 1E Oe_P1,Junto al Parqueadero,Parada ubicada sobre el cruce Vía Santa Elena y carrera 100. Sentido Sur - Norte.,PARADA EXTERNA, ,Polvorines,Comuna 18,Zona 1 - SUR,http://geoportal.metrocali.gov.co/fotos_paradas/511440_190913_1.jpg,http://geoportal.metrocali.gov.co/fotos_paradas/511440_190913_2.jpg,Metro Cali S.A. 22 de agosto de 2023,3.3721884485,-76.5557249863
1058111.5469,864655.6226,461,511441,Kr 100 con Cl 1B Oe,Punto de retorno de ruta,Parada ubicada sobre carrera 100. Sentido Occidente - Oriente.,PARADA EXTERNA, ,Polvorines,Comuna 18,Zona 1 - SUR,http://geoportal.metrocali.gov.co/fotos_paradas/511441_20190913104231.jpg,http://geoportal.metrocali.gov.co/fotos_paradas/511441_20190913104307.jpg,Metro Cali S.A. 22 de agosto de 2023,3.3721783372,-76.5546496626
1058014.5987,864481.1036,462,511443,Kr 100A entre Kr Cl 1D Oe y 1C Oe,Subida, ,PARADA EXTERNA, ,Polvorines,Comuna 18,Zona 1 - SUR, , ,Metro Cali S.A. 22 de agosto de 2023,3.3706003151,-76.5555218704
1057854.1993,864429.864,463,511445,Kr 100A2 entre Kr 100A1 y Cl 1C Oe, ,Parada ubicada sobre la carrera 100B. Sentido Norte - Sur.,PARADA EXTERNA, ,Polvorines,Comuna 18,Zona 1 - SUR,http://geoportal.metrocali.gov.co/fotos_paradas/511445_20190913101356.jpg,http://geoportal.metrocali.gov.co/fotos_paradas/511445_20190913101419.jpg,Metro Cali S.A. 22 de agosto de 2023,3.3701369555,-76.5569649994
1057986.224,864273.6813,464,511446,Kr 100B con Cl 1Bis Oe_P2, ,Parada ubicada en  el cruce de la carrera 100B con Calle 1 Bis. Sentido Occidente - Oriente.,PARADA EXTERNA, ,Polvorines,Comuna 18,Zona 1 - SUR,http://geoportal.metrocali.gov.co/fotos_paradas/511446_20190913100211.jpg,http://geoportal.metrocali.gov.co/fotos_paradas/511446_20190913100240.jpg,Metro Cali S.A. 22 de agosto de 2023,3.3687248056,-76.555777096
1058157.3522,864192.4064,465,511487,Kr 100B con Cl 1_P1,Unidad Mirador Campestre,Parada ubicada junto a porteria de la Unidad R Mirador Campestre. Sentido Oriente - Occidente.,PARADA EXTERNA, ,Polvorines,Comuna 18,Zona 1 - SUR,http://geoportal.metrocali.gov.co/fotos_paradas/511487_20190913094120.jpg,http://geoportal.metrocali.gov.co/fotos_paradas/511487_20190913094152.jpg,Metro Cali S.A. 22 de agosto de 2023,3.3679899787,-76.5542373982
1058155.0981,864184.13,466,511488,Kr 100B con Cl 1_P2,Frente a la unidad Mirador Campestre,Parada ubicada frente a porteria de la Unidad R Mirador Campestre. Sentido Occidente - Oriente.,PARADA EXTERNA, ,Polvorines,Comuna 18,Zona 1 - SUR,http://geoportal.metrocali.gov.co/fotos_paradas/511488_20190913094628.jpg,http://geoportal.metrocali.gov.co/fotos_paradas/511488_20190913094654.jpg,Metro Cali S.A. 22 de agosto de 2023,3.3679151433,-76.5542576762
1057838.0318,864557.0072,467,511497,Cl 1E Oe entre Kr 100A2 y 100A Bis,CDI Altos de Santa Elena,Parada ubicada sobre la carrera 100B. Sentido Sur - Norte.,PARADA EXTERNA, ,Polvorines,Comuna 18,Zona 1 - SUR,http://geoportal.metrocali.gov.co/fotos_paradas/511497_20190913102855.jpg,http://geoportal.metrocali.gov.co/fotos_paradas/511497_20190913102910.jpg,Metro Cali S.A. 22 de agosto de 2023,3.3712865711,-76.5571105046
1058022.1848,864485.3681,468,511499,Kr 100A entre Kr Cl 1C Oe y 1D Oe,Bajada,Parada ubicada sobre calle 1C. Sentido Sur - Norte.,PARADA EXTERNA, ,Polvorines,Comuna 18,Zona 1 - SUR,http://geoportal.metrocali.gov.co/fotos_paradas/511499_20190913110129.jpg,http://geoportal.metrocali.gov.co/fotos_paradas/511499_20190913110146.jpg,Metro Cali S.A. 22 de agosto de 2023,3.370638877,-76.5554536181
1057826.4017,864557.2047,469,511500,Cl 1E Oe entre Kr 100A Bis y 100A2,CDI Altos de Santa Elena,Parada ubicada sobre la carrera 100B. Sentido Norte - Sur.,PARADA EXTERNA, ,Polvorines,Comuna 18,Zona 1 - SUR,http://geoportal.metrocali.gov.co/fotos_paradas/511500_20190913102546.jpg,http://geoportal.metrocali.gov.co/fotos_paradas/511500_20190913102602.jpg,Metro Cali S.A. 22 de agosto de 2023,3.3712883529,-76.5572151431
1058511.617,864662.6459,470,511520,Kr 98 entre Cl 2B y 2C, ,Parada ubicada sobre carrera 98 entre calle 2B y 2C. En sentido  Occidente - Oriente.,PARADA EXTERNA, ,Polvorines,Comuna 18,Zona 1 - SUR,http://geoportal.metrocali.gov.co/fotos_paradas/511520_20191025121953.jpg,http://geoportal.metrocali.gov.co/fotos_paradas/511520_20191025122011.jpg,Metro Cali S.A. 22 de agosto de 2023,3.3722419638,-76.5510501461
1058700.3559,864589.5039,471,511536,Cl 3 con Kr 99, , ,PARADA EXTERNA, ,Polvorines,Comuna 18,Zona 1 - SUR, , ,Metro Cali S.A. 22 de agosto de 2023,3.3715806716,-76.5493520012
1058231.5681,864886.4188,472,511166,Kr 94C entre Cl 2 y 1A Oe, ,Parada ubicada sobre carrera 94C entre calle 1B y 1. Sentido  Oriente - Occidente.,PARADA EXTERNA, ,Sector Alto Jordán,Comuna 18,Zona 1 - SUR,http://geoportal.metrocali.gov.co/fotos_paradas/511166_20191004112818.jpg,http://geoportal.metrocali.gov.co/fotos_paradas/511166_20191004112835.jpg,Metro Cali S.A. 22 de agosto de 2023,3.3742652208,-76.5535698759
1058062.8137,864817.569,473,511167,Kr 95 con Cl 1A Oe, ,Parada ubicada sobre calle 2 Oeste entre carrera 95 y calle 1 Bis Oeste. Sentido Occidente - Oriente.,PARADA EXTERNA, ,Sector Alto Jordán,Comuna 18,Zona 1 - SUR,http://geoportal.metrocali.gov.co/fotos_paradas/511167_20191004110606.jpg,http://geoportal.metrocali.gov.co/fotos_paradas/511167_20191004110626.jpg,Metro Cali S.A. 22 de agosto de 2023,3.373642631,-76.5550881775
1057619.439,864982.9198,474,511170,Cl 4 Oe entre Kr 94A y 94,Capilla La Inmaculada,Parada ubicada sobre calle 4 Oeste entre carrera 93E y 94 1. Sentido Sur -  Norte.,PARADA EXTERNA, ,Sector Alto Jordán,Comuna 18,Zona 1 - SUR,http://geoportal.metrocali.gov.co/fotos_paradas/511170_20191004102549.jpg,http://geoportal.metrocali.gov.co/fotos_paradas/511170_20191004102610.jpg,Metro Cali S.A. 22 de agosto de 2023,3.3751375697,-76.5590773817
1058102.3088,864798.2087,475,511173,Kr 95 entre Cl 1A Oe y 1A,El Mirador,Parada ubicada sobre calle 2 Oeste entre calle 1 Bis Oeste y carrera 95. Sentido Oriente - Occidente.,PARADA EXTERNA, ,Sector Alto Jordán,Comuna 18,Zona 1 - SUR,http://geoportal.metrocali.gov.co/fotos_paradas/511173_20191004105910.jpg,http://geoportal.metrocali.gov.co/fotos_paradas/511173_20191004105932.jpg,Metro Cali S.A. 22 de agosto de 2023,3.3734675892,-76.5547328248
1058154.1972,864892.4428,476,511174,Kr 94C entre Cl 1 Oe y 1B, ,Parada ubicada sobre carrera 94C entre calle 1A Oeste y 1. Sentido  Occidente - Oriente.,PARADA EXTERNA, ,Sector Alto Jordán,Comuna 18,Zona 1 - SUR,http://geoportal.metrocali.gov.co/fotos_paradas/511174_20191004111829.jpg,http://geoportal.metrocali.gov.co/fotos_paradas/511174_20191004111937.jpg,Metro Cali S.A. 22 de agosto de 2023,3.3743196649,-76.5542660019
1058134.3047,864903.2912,477,511182,Kr 94C con Cl 1C,Antes de la Y,Parada ubicada sobre carrera 94C entre calle 1 y 1A Oeste. Sentido  Oriente - Occidente.,PARADA EXTERNA, ,Sector Alto Jordán,Comuna 18,Zona 1 - SUR,http://geoportal.metrocali.gov.co/fotos_paradas/511182_20191004111442.jpg,http://geoportal.metrocali.gov.co/fotos_paradas/511182_20191004111519.jpg,Metro Cali S.A. 22 de agosto de 2023,3.3744177492,-76.5544449832
1058368.7789,865185.3725,478,511293,Cl 2 entre Kr 93 y 94, ,Parada ubicada sobre calle 2 con carrera 93 y 94. En sentido Norte - Sur.,PARADA EXTERNA, ,Sector Alto Jordán,Comuna 18,Zona 1 - SUR,http://geoportal.metrocali.gov.co/fotos_paradas/511293_20191018103600.jpg,http://geoportal.metrocali.gov.co/fotos_paradas/511293_20191018103621.jpg,Metro Cali S.A. 22 de agosto de 2023,3.3769683844,-76.5523354454
1057551.3407,865142.2685,479,511350,Cl 4 Oe con Kr 94, ,Parada ubicada sobre calle 4 Oeste entre carrera 93A y 93E. Sentido Sur -  Norte.,PARADA EXTERNA, ,Sector Alto Jordán,Comuna 18,Zona 1 - SUR,http://geoportal.metrocali.gov.co/fotos_paradas/511350_20191004101703.jpg,http://geoportal.metrocali.gov.co/fotos_paradas/511350_20191004101721.jpg,Metro Cali S.A. 22 de agosto de 2023,3.376578366,-76.5596901365
1057449.5859,865294.8045,480,511351,Cl 4 Oe con Kr 91,Polvorines,Parada ubicada sobre calle 4 Oeste con carrera 91. Sentido Sur -  Norte.,PARADA EXTERNA, ,Sector Alto Jordán,Comuna 18,Zona 1 - SUR,http://geoportal.metrocali.gov.co/fotos_paradas/511351_20191004100455.jpg,http://geoportal.metrocali.gov.co/fotos_paradas/511351_20191004100527.jpg,Metro Cali S.A. 22 de agosto de 2023,3.3779575493,-76.5606057074
1057363.079,865470.2025,481,511352,Cl 4 Oe con Kr 89,Punto de retorno de ruta,Parada ubicada sobre calle 4 Oeste con carrera 90A y 90. Sentido Sur -  Norte.,PARADA EXTERNA, ,Sector Alto Jordán,Comuna 18,Zona 1 - SUR,http://geoportal.metrocali.gov.co/fotos_paradas/511352_20191004095132.jpg,http://geoportal.metrocali.gov.co/fotos_paradas/511352_20191004095148.jpg,Metro Cali S.A. 22 de agosto de 2023,3.3795434544,-76.5613840998
1057668.7899,865583.0372,482,511368,Cl 2C Oe con Kr 96,Fundación Carvajal,Parada ubicada sobre calle 2C Oeste con carrera 96. Biblioteca Publica Municipal Central Didactica Ladera. En sentido Norte - Sur.,PARADA EXTERNA, ,Sector Alto Jordán,Comuna 18,Zona 1 - SUR,http://geoportal.metrocali.gov.co/fotos_paradas/511368_20191018095224.jpg,http://geoportal.metrocali.gov.co/fotos_paradas/511368_20191018095242.jpg,Metro Cali S.A. 22 de agosto de 2023,3.3805638132,-76.5586335709
1058311.3411,865262.4098,483,511372,Kr 93 entre Cl 1 y 2, ,Parada ubicada sobre carrera 93A con calle 1A. En sentido Occidente - Oriente.,PARADA EXTERNA, ,Sector Alto Jordán,Comuna 18,Zona 1 - SUR,http://geoportal.metrocali.gov.co/fotos_paradas/511372_20191018101627.jpg,http://geoportal.metrocali.gov.co/fotos_paradas/511372_20191018101647.jpg,Metro Cali S.A. 22 de agosto de 2023,3.3776649336,-76.5528522515
1057881.3897,865309.9677,484,511394,Cl 2B Oe entre Kr 93Bis y 93A,Fundación Carvajal,Parada ubicada sobre calle 2B Oeste con carrera 93 Bis y 93A. En sentido Norte - Sur.,PARADA EXTERNA, ,Sector Alto Jordán,Comuna 18,Zona 1 - SUR,http://geoportal.metrocali.gov.co/fotos_paradas/511394_20191018100117.jpg,http://geoportal.metrocali.gov.co/fotos_paradas/511394_20191018100200.jpg,Metro Cali S.A. 22 de agosto de 2023,3.3780948099,-76.5567206561
1058070.3189,865277.5088,485,511399,Kr 93A entre Cl 2B y 1B Oe,Alto Melendez,Parada ubicada sobre carrera 93A entre calle 2B y 1B Oeste. En sentido Occidente - Oriente.,PARADA EXTERNA, ,Sector Alto Jordán,Comuna 18,Zona 1 - SUR,http://geoportal.metrocali.gov.co/fotos_paradas/511399_20191018100625.jpg,http://geoportal.metrocali.gov.co/fotos_paradas/511399_20191018100642.jpg,Metro Cali S.A. 22 de agosto de 2023,3.3778013817,-76.555020798
1058791.5952,864872.1777,486,511177,Kr 95 entre Cl 3 y 3C, ,Parada ubicada sobre carrera 95 entre calle 3 y 3B. Panaderia Listo Pan. Sentido Occidente - Oriente.,PARADA EXTERNA, ,Sector Meléndez,Comuna 18,Zona 1 - SUR,http://geoportal.metrocali.gov.co/fotos_paradas/511177_20191004120719.jpg,http://geoportal.metrocali.gov.co/fotos_paradas/511177_20191004120801.jpg,Metro Cali S.A. 22 de agosto de 2023,3.3741366154,-76.5485311749
1059006.645,864957.2098,487,511292,Kr 94 entre Cl 4 y 4A,Super Inter,Parada ubicada sobre la carrera 94. frente al restaurante La Cucharita. Sentido Occidente - Oriente.,PARADA EXTERNA, ,Sector Meléndez,Comuna 18,Zona 1 - SUR,http://geoportal.metrocali.gov.co/fotos_paradas/511292_20190822104725.jpg,http://geoportal.metrocali.gov.co/fotos_paradas/511292_20190822104738.jpg,Metro Cali S.A. 22 de agosto de 2023,3.3749055256,-76.5465963413
1058937.8942,864827.3,488,511432,Cl 4 entre Kr 95 y 96, ,Parada ubicada sobre la calle 4 entre carrera 95 y 96. Sentido Norte - Sur.,PARADA EXTERNA, ,Sector Meléndez,Comuna 18,Zona 1 - SUR,http://geoportal.metrocali.gov.co/fotos_paradas/511432_20190822105811.jpg,http://geoportal.metrocali.gov.co/fotos_paradas/511432_20190822105818.jpg,Metro Cali S.A. 22 de agosto de 2023,3.3737308718,-76.547214877
1058946.8971,864646.2998,489,511433,Cl 4 entre Kr 96 y 98, ,Parada ubicada sobre la calle 4 entre carrera 96 y 98. Sentido Sur - Norte.,PARADA EXTERNA, ,Sector Meléndez,Comuna 18,Zona 1 - SUR,http://geoportal.metrocali.gov.co/fotos_paradas/511433_20190822110732.jpg,http://geoportal.metrocali.gov.co/fotos_paradas/511433_20190822110742.jpg,Metro Cali S.A. 22 de agosto de 2023,3.372094281,-76.5471338314
1058919.5358,864617.7731,490,511447,Kr 98 entre Cl 3C y 4, ,Parada ubicada sobre la carrera 98 entre calle 3C y 4. Sentido Sur - Norte.,PARADA EXTERNA, ,Sector Meléndez,Comuna 18,Zona 1 - SUR,http://geoportal.metrocali.gov.co/fotos_paradas/511447_20190822111225.jpg,http://geoportal.metrocali.gov.co/fotos_paradas/511447_20190822111237.jpg,Metro Cali S.A. 22 de agosto de 2023,3.3718363374,-76.5473799999
1058951.5475,864800.5647,491,511448,Cl 4 entre Kr 96 y 95, ,Parada ubicada sobre la calle 4 entre carrera 96 y 95. Sentido Sur - Norte.,PARADA EXTERNA, ,Sector Meléndez,Comuna 18,Zona 1 - SUR,http://geoportal.metrocali.gov.co/fotos_paradas/511448_20190822110219.jpg,http://geoportal.metrocali.gov.co/fotos_paradas/511448_20190822110244.jpg,Metro Cali S.A. 22 de agosto de 2023,3.3734891362,-76.5470920285
1059733.9107,864699.6008,492,502200,BUITRERA A1, , ,ESTACIÓN,CALLE 5,Ciudad Campestre,Comuna 22,Zona 1 - SUR,http://geoportal.metrocali.gov.co/fotos_paradas/502200_201211_1.jpg,http://geoportal.metrocali.gov.co/fotos_paradas/502200_201211_2.jpg,Metro Cali S.A. 22 de agosto de 2023,3.3725763972,-76.5400529077
1060043.5798,864273.336,493,511069,Cl 13 entre Kr 101A y 102,Ciudad Campestre,Parada ubicada sobre calle 13 frente al condominio Sol de Los Venados. Sentido Norte - Sur.,PARADA EXTERNA, ,Ciudad Campestre,Comuna 22,Zona 1 - SUR,http://geoportal.metrocali.gov.co/fotos_paradas/511069_20190815132513.jpg,http://geoportal.metrocali.gov.co/fotos_paradas/511069_20190815132528.jpg,Metro Cali S.A. 22 de agosto de 2023,3.3687221895,-76.5372666801
1059755.7479,864222.2205,494,511183,Kr 102 entre Cl 12 y 11B,Ciudad Jardin,Parada ubicada sobre carrera 102 entre calle 12 y 11B. Sentido  Oriente -  Occidente.,PARADA EXTERNA, ,Ciudad Campestre,Comuna 22,Zona 1 - SUR,http://geoportal.metrocali.gov.co/fotos_paradas/511183_20190815133154.jpg,http://geoportal.metrocali.gov.co/fotos_paradas/511183_20190815133207.jpg,Metro Cali S.A. 22 de agosto de 2023,3.3682599571,-76.5398563485
1059832.4595,864628.4331,495,511187,Kr 100 entre Cl 11 y 12,Conexión con la estación Buitrera,Parada ubicada sobre carrera 100 frente al centro comercial Holguines Trade Center. Sentido Occidente - Oriente.,PARADA EXTERNA, ,Ciudad Campestre,Comuna 22,Zona 1 - SUR,http://geoportal.metrocali.gov.co/fotos_paradas/511187_20190815131929.jpg,http://geoportal.metrocali.gov.co/fotos_paradas/511187_20190815131956.jpg,Metro Cali S.A. 22 de agosto de 2023,3.3719329209,-76.53916623
1059698.0084,864724.5579,496,502201,BUITRERA B1, , ,ESTACIÓN,CALLE 5,Club Campestre,Comuna 22,Zona 1 - SUR,http://geoportal.metrocali.gov.co/fotos_paradas/502201_201211_1.jpg,http://geoportal.metrocali.gov.co/fotos_paradas/502201_201211_2.jpg,Metro Cali S.A. 22 de agosto de 2023,3.3728020513,-76.5403759337
1061574.4621,862589.1155,497,511020,Cl 25 entre Kr 114A y 118,Universidad Autónoma de Occidente,Parada ubicada sobre la calle 25 sentido Norte-Sur entre las carreras 111 y 118. frente a la universidad Autonoma de Occidente,PARADA EXTERNA, ,Parcelaciones Pance,Comuna 22,Zona 1 - SUR,http://geoportal.metrocali.gov.co/fotos_paradas/511020_20190410095156.jpg,http://geoportal.metrocali.gov.co/fotos_paradas/511020_20190410095216.jpg,Metro Cali S.A. 22 de agosto de 2023,3.3534937104,-76.523493
1060614.4424,860375.893,498,511031,Kr 127 entre 18A y 18,Iglesia La Maria,Parada ubicada sobre la carrera 127 entre las calles 18A y 18 sentido Oriente-Occidente antes de giro a izquierda sobre la calle 18,PARADA EXTERNA, ,Parcelaciones Pance,Comuna 22,Zona 1 - SUR,http://geoportal.metrocali.gov.co/fotos_paradas/511031_20190410111141.jpg,http://geoportal.metrocali.gov.co/fotos_paradas/511031_20190410111154.jpg,Metro Cali S.A. 22 de agosto de 2023,3.3334818192,-76.5321301084
1060116.577,861422.1986,499,511035,Kr 122 entre Cl 16 y 15,Colegio Claret,Parada ubicada sobre la carrera 122 entre calles 16 y 15 sentido Oriente-Occidente en carril de ingreso al Colegio Claret,PARADA EXTERNA, ,Parcelaciones Pance,Comuna 22,Zona 1 - SUR,http://geoportal.metrocali.gov.co/fotos_paradas/511035_20190425105416.jpg,http://geoportal.metrocali.gov.co/fotos_paradas/511035_20190425105426.jpg,Metro Cali S.A. 22 de agosto de 2023,3.3429423868,-76.53660949
1060172.528,861410.9597,500,511036,Kr 122 entre Cl 15 y 16,Liceo Quial,Parada ubicada sobe la carrera 122 entre calles 15 y 16A en sentido Occidente-Oriente,PARADA EXTERNA, ,Parcelaciones Pance,Comuna 22,Zona 1 - SUR,http://geoportal.metrocali.gov.co/fotos_paradas/511036_20190425105812.jpg,http://geoportal.metrocali.gov.co/fotos_paradas/511036_20190425105829.jpg,Metro Cali S.A. 22 de agosto de 2023,3.3428407737,-76.5361061
1059686.1025,861386.7394,501,511037,Kr 122 entre Cl 13 y 12,Fundación Universidad Catolica,Parada ubicada sobre la carrera 122 entre las calles 13 y 11  sentido Oriente-Occidente,PARADA EXTERNA, ,Parcelaciones Pance,Comuna 22,Zona 1 - SUR,http://geoportal.metrocali.gov.co/fotos_paradas/511037_20190425110411.jpg,http://geoportal.metrocali.gov.co/fotos_paradas/511037_20190425110427.jpg,Metro Cali S.A. 22 de agosto de 2023,3.3426216935,-76.5404824418
1059562.3093,861374.6628,502,511038,Kr 122 entre Cl 12 y 13,Fundación Universidad Catolica,Parada ubicada sobre la carrera 122 entre las calles 10 y 13 sentido Occidente-Oriente frente al mural de la Universidad San Buenaventura,PARADA EXTERNA, ,Parcelaciones Pance,Comuna 22,Zona 1 - SUR,http://geoportal.metrocali.gov.co/fotos_paradas/511038_20190425111100.jpg,http://geoportal.metrocali.gov.co/fotos_paradas/511038_20190425111121.jpg,Metro Cali S.A. 22 de agosto de 2023,3.3425124736,-76.5415962006
1059322.533,861385.5488,503,511039,Kr 122 entre Cl 12 y 6,Universidad San Buenventura,Parada ubicada en bahia de parada junto a la porteria de la Universidad San Buenaventura sobre la carrera 122,PARADA EXTERNA, ,Parcelaciones Pance,Comuna 22,Zona 1 - SUR,http://geoportal.metrocali.gov.co/fotos_paradas/511039_20190425111609.jpg,http://geoportal.metrocali.gov.co/fotos_paradas/511039_20190425111633.jpg,Metro Cali S.A. 22 de agosto de 2023,3.3426108539,-76.5437534577
1059283.1297,861360.4349,504,511040,Kr 122 entre Cl 5 y 9,Universidad San Buenventura,Parada ubicada sibre la carrera 122 entre las calles 5 y 9 sentido Occidente-Oriente aproximadamente 50 metros antes de la intersección con la calle 9,PARADA EXTERNA, ,Parcelaciones Pance,Comuna 22,Zona 1 - SUR,http://geoportal.metrocali.gov.co/fotos_paradas/511040_20190425112013.jpg,http://geoportal.metrocali.gov.co/fotos_paradas/511040_20190425112035.jpg,Metro Cali S.A. 22 de agosto de 2023,3.3423837668,-76.5441079618
1061439.3851,862312.7041,505,511043,Kr 118 entre Cl 25 y 22,Colegio Sagrada Familia,Parada ubicada sobre la carrera 118 entre carreras 25 y 20 sentido Oriente-Occidente. aproximadamente a 125 metros de la intersección con la calle 25,PARADA EXTERNA, ,Parcelaciones Pance,Comuna 22,Zona 1 - SUR,http://geoportal.metrocali.gov.co/fotos_paradas/511043_20190410095707.jpg,http://geoportal.metrocali.gov.co/fotos_paradas/511043_20190410095725.jpg,Metro Cali S.A. 22 de agosto de 2023,3.3509944109,-76.5247082833
1060954.1406,862283.0589,506,511044,Kr 118 entre Cl 20 y 18,Urbanización,Parada ubicada sobre la carrera 118 entre carreras 20 y 18 sentido Oriente-Occidente. aproximadamente a 40 metros de la intersección con la calle 20,PARADA EXTERNA, ,Parcelaciones Pance,Comuna 22,Zona 1 - SUR,http://geoportal.metrocali.gov.co/fotos_paradas/511044_20190410100222.jpg,http://geoportal.metrocali.gov.co/fotos_paradas/511044_20190410100246.jpg,Metro Cali S.A. 22 de agosto de 2023,3.3507263316,-76.5290740379
1060515.8005,861437.5791,507,511045,Kr 122 entre Cl 17A y 16, ,Parada ubicada sobe la carrera 122 entre calles 17 y 16A en sentido Oriente-Occidente,PARADA EXTERNA, ,Parcelaciones Pance,Comuna 22,Zona 1 - SUR,http://geoportal.metrocali.gov.co/fotos_paradas/511045_20190425104630.jpg,http://geoportal.metrocali.gov.co/fotos_paradas/511045_20190425104731.jpg,Metro Cali S.A. 22 de agosto de 2023,3.3430815103,-76.5330176972
1060776.0099,861573.4138,508,511046,Cl 18 entre Kr 122 y 121,Carulla,Parada ubicada sobre la calle 18 sentido Sur-Norte. entre las carreras 122 y 121 a un costado del Carulla Pance,PARADA EXTERNA, ,Parcelaciones Pance,Comuna 22,Zona 1 - SUR,http://geoportal.metrocali.gov.co/fotos_paradas/511046_20190404121818.jpg,http://geoportal.metrocali.gov.co/fotos_paradas/511046_20190404121828.jpg,Metro Cali S.A. 22 de agosto de 2023,3.3443097473,-76.5306766181
1060789.2652,863109.0733,509,511193,Cl 18 entre Kr 106 y 114,Colegio Bennett,Parada ubicada sobre la calle 18 entre las carreras 111 y 113 sentido Norte-Sur,PARADA EXTERNA, ,Parcelaciones Pance,Comuna 22,Zona 1 - SUR,http://geoportal.metrocali.gov.co/fotos_paradas/511193_20190425093322.jpg,http://geoportal.metrocali.gov.co/fotos_paradas/511193_20190425093336.jpg,Metro Cali S.A. 22 de agosto de 2023,3.35819509,-76.5305575015
1060815.251,862482.6381,510,511194,Cl 18 entre Kr 114B y 115,Estación de servicio,Parada ubicada sobre la calle 18 sentido Norte-Sur en todo el frente de la estación de servicio de Terpel,PARADA EXTERNA, ,Parcelaciones Pance,Comuna 22,Zona 1 - SUR,http://geoportal.metrocali.gov.co/fotos_paradas/511194_20190404124918.jpg,http://geoportal.metrocali.gov.co/fotos_paradas/511194_20190404124929.jpg,Metro Cali S.A. 22 de agosto de 2023,3.3525309028,-76.5303236487
1060749.7921,861524.7921,511,511195,Cl 18 entre Kr 121 y 122,Clínica del rayón,Parada ubicada sobre la calle 18 sentido Norte-Sur. entre las carreras 121 y 122 frente a la Clínica del rayón,PARADA EXTERNA, ,Parcelaciones Pance,Comuna 22,Zona 1 - SUR,http://geoportal.metrocali.gov.co/fotos_paradas/511195_20190404122319.jpg,http://geoportal.metrocali.gov.co/fotos_paradas/511195_20190404122337.jpg,Metro Cali S.A. 22 de agosto de 2023,3.3438701103,-76.5309124941
1060724.0187,861260.2084,512,511196,Cl 18 entre Kr 122 y 125,"Centro Comercial Lyrata Plaza, frente a la Universidad ICESI",Parada ubicada sobre la calle 18 sentido Norte-Sur. entre las carreras 122 y 125 frente a la Universidad ICESI,PARADA EXTERNA, ,Parcelaciones Pance,Comuna 22,Zona 1 - SUR,http://geoportal.metrocali.gov.co/fotos_paradas/511196_20190404120730.jpg,http://geoportal.metrocali.gov.co/fotos_paradas/511196_20190404120751.jpg,Metro Cali S.A. 22 de agosto de 2023,3.3414777577,-76.5311443507
1060661.7565,860827.3682,513,511197,Cl 18 entre Kr 125 y 125A, ,Parada ubicada sobre la calle18 sentido Norte-Sur entre las carreras 125 y 127 después de la intersección con la carrera 125,PARADA EXTERNA, ,Parcelaciones Pance,Comuna 22,Zona 1 - SUR,http://geoportal.metrocali.gov.co/fotos_paradas/511197_20190404115457.jpg,http://geoportal.metrocali.gov.co/fotos_paradas/511197_20190404115503.jpg,Metro Cali S.A. 22 de agosto de 2023,3.3375640361,-76.5317044758
1060571.6903,860434.0966,514,511198,Cl 18 entre Kr 126 y 127,Iglesia La Maria,Parada ubicada sobre la calle 18 sentido Norte-Sur a un costado de la iglesia La María. antes de la intersección con la carrera 127,PARADA EXTERNA, ,Parcelaciones Pance,Comuna 22,Zona 1 - SUR,http://geoportal.metrocali.gov.co/fotos_paradas/511198_20190404114313.jpg,http://geoportal.metrocali.gov.co/fotos_paradas/511198_20190404114327.jpg,Metro Cali S.A. 22 de agosto de 2023,3.3340080879,-76.5325147497
1060682.932,860826.8542,515,511213,Cl 18 entre Kr 127 y 125,Terrazas de Pance,Parada ubicada sobre la calle18 sentido Sur-Norte entre las carreras 127 y 125 a un costado de la unidad residencial Terrazas de Pance,PARADA EXTERNA, ,Parcelaciones Pance,Comuna 22,Zona 1 - SUR,http://geoportal.metrocali.gov.co/fotos_paradas/511213_20190404115051.jpg,http://geoportal.metrocali.gov.co/fotos_paradas/511213_20190404115106.jpg,Metro Cali S.A. 22 de agosto de 2023,3.3375593907,-76.5315139618
1061188.8107,860946.589,516,511215,Kr 125 con Cl 23A,Colegio Nuestra Señora del Rosario,Parada ubicada sobre la carrera 125 entre las calles 22 y 23A sentido Occidente-Oriente frente a la intersección con la carrera 23 del sentido opuesto,PARADA EXTERNA, ,Parcelaciones Pance,Comuna 22,Zona 1 - SUR,http://geoportal.metrocali.gov.co/fotos_paradas/511215_20190410105143.jpg,http://geoportal.metrocali.gov.co/fotos_paradas/511215_20190410105200.jpg,Metro Cali S.A. 22 de agosto de 2023,3.3386420672,-76.5269626274
1061441.189,860903.7509,517,511232,Cl 36 entre Kr 125 y 127, ,"Parada ubicada sobre la calle 25 sentido Norte-Sur después del cruce vehicular de la carrera 125. junto a restaurante ""Fogón de Leña""",PARADA EXTERNA, ,Parcelaciones Pance,Comuna 22,Zona 1 - SUR,http://geoportal.metrocali.gov.co/fotos_paradas/511232_20190320114725.jpg,http://geoportal.metrocali.gov.co/fotos_paradas/511232_20190320114734.jpg,Metro Cali S.A. 22 de agosto de 2023,3.3382547406,-76.524692
1061173.7441,861478.2036,518,511241,Kr 122 entre Cl 24 y 22A,Jardín Infantil Apaen Entrevalles,Parada ubicada sobre la carrera 122 entre calles 25 y 22A sentido Oriente-Occidente. aproximadamente a 50 metros antes de la intersección con la calle 22A,PARADA EXTERNA, ,Parcelaciones Pance,Comuna 22,Zona 1 - SUR,http://geoportal.metrocali.gov.co/fotos_paradas/511241_20190410101856.jpg,http://geoportal.metrocali.gov.co/fotos_paradas/511241_20190410101921.jpg,Metro Cali S.A. 22 de agosto de 2023,3.3434488938,-76.527098212
1060835.9106,862521.8928,519,511249,Cl 18 entre Kr 118 y 115, ,Parada ubicada sobre la calle 18 sentido Sur-Norte entre las carreras 118 y 115 frente a la estación de servicio de Terpel,PARADA EXTERNA, ,Parcelaciones Pance,Comuna 22,Zona 1 - SUR,http://geoportal.metrocali.gov.co/fotos_paradas/511249_20190404124452.jpg,http://geoportal.metrocali.gov.co/fotos_paradas/511249_20190404124528.jpg,Metro Cali S.A. 22 de agosto de 2023,3.3528858434,-76.5301377769
1060808.7369,863105.3679,520,511250,Cl 18 con Kr 111,Centro Comercial Hacienda Campestre,Parada ubicada sobre la calle 18 entre las carreras 113 y 111 sentido Sur-Norte junto a Domino's Pizza,PARADA EXTERNA, ,Parcelaciones Pance,Comuna 22,Zona 1 - SUR,http://geoportal.metrocali.gov.co/fotos_paradas/511250_20190425092839.jpg,http://geoportal.metrocali.gov.co/fotos_paradas/511250_20190425092906.jpg,Metro Cali S.A. 22 de agosto de 2023,3.3581615879,-76.5303823125
1061527.3373,863108.4722,521,511251,Cl 25 con Kr 111,Alférez Real,Parada ubicada sobre la calle 25 sentido Norte-Sur entre las carreras 102 y 111. aproximadamente a 60 metros antes de la intersección con la carrera 111,PARADA EXTERNA, ,Parcelaciones Pance,Comuna 22,Zona 1 - SUR,http://geoportal.metrocali.gov.co/fotos_paradas/511251_20190410094311.jpg,http://geoportal.metrocali.gov.co/fotos_paradas/511251_20190410094328.jpg,Metro Cali S.A. 22 de agosto de 2023,3.3581897019,-76.523917
1061442.7998,860552.4164,522,511254,Kr 127 entre Cl 36 y 25,Estación de servicio,Parada ubicada sobre la carrera 127 entre las calles 25 y 22A sentido Oriente-Occidente junto al portón de la bodega,PARADA EXTERNA, ,Parcelaciones Pance,Comuna 22,Zona 1 - SUR,http://geoportal.metrocali.gov.co/fotos_paradas/511254_20190410110018.jpg,http://geoportal.metrocali.gov.co/fotos_paradas/511254_20190410110049.jpg,Metro Cali S.A. 22 de agosto de 2023,3.3350779948,-76.5246774948
1061003.732,860559.3616,523,511255,Kr 127 entre Cl 21A y 21,Colegio Montezori,Parada ubicada sobre la carrera 127 entre las calles 22 y 19A sentido Oriente-Occidente junto al portón del colegio Montessori,PARADA EXTERNA, ,Parcelaciones Pance,Comuna 22,Zona 1 - SUR,http://geoportal.metrocali.gov.co/fotos_paradas/511255_20190410110706.jpg,http://geoportal.metrocali.gov.co/fotos_paradas/511255_20190410110713.jpg,Metro Cali S.A. 22 de agosto de 2023,3.3351407675,-76.5286277357
1061484.0961,861817.6014,524,511256,Cl 25 entre Kr 121 y 122,Crucero Puerto Tejada,Parada ubicada sobre la calle 25 sentido Norte-Sur a la altura del Crucero a Puerto Tejada. antes de la carrera 122,PARADA EXTERNA, ,Parcelaciones Pance,Comuna 22,Zona 1 - SUR,http://geoportal.metrocali.gov.co/fotos_paradas/511256_20190320120056.jpg,http://geoportal.metrocali.gov.co/fotos_paradas/511256_20190320120115.jpg,Metro Cali S.A. 22 de agosto de 2023,3.3465177236,-76.524306
1060808.5569,862031.089,525,511261,Cl 18 entre Kr 121 y 118,"Parque Cañasgordas, frente a la Pontificia Universidad Javeriana",Parada ubicada sobre la calle 18 sentido Sur-Norte a un costado del centro comercial Parque Cañasgordas y frente a la Universidad Pontificia Javeriana,PARADA EXTERNA, ,Parcelaciones Pance,Comuna 22,Zona 1 - SUR,http://geoportal.metrocali.gov.co/fotos_paradas/511261_20190404123014.jpg,http://geoportal.metrocali.gov.co/fotos_paradas/511261_20190404123024.jpg,Metro Cali S.A. 22 de agosto de 2023,3.3484480222,-76.5303838351
1061212.5875,863348.4491,526,511266,Kr 109 entre Cl 24 y 22,Universidad Libre,Parada ubicada sobre la calle 24 entre las carreras 111 y 109 sentido Sur-Norte aproximadamente a 35 metros de la intersección con la carrera 109 por la porteria de la Universidad Libre sede Valle del Lili,PARADA EXTERNA, ,Parcelaciones Pance,Comuna 22,Zona 1 - SUR,http://geoportal.metrocali.gov.co/fotos_paradas/511266_20190425091050.jpg,http://geoportal.metrocali.gov.co/fotos_paradas/511266_20190425091116.jpg,Metro Cali S.A. 22 de agosto de 2023,3.3603595442,-76.5267488459
1061049.8477,863342.4258,527,511297,Kr 109 entre Cl 22 y 19, ,Parada ubicada sobre la carrera 109 entre las calles 22 y 19 sentido Oriente-Occidente,PARADA EXTERNA, ,Parcelaciones Pance,Comuna 22,Zona 1 - SUR,http://geoportal.metrocali.gov.co/fotos_paradas/511297_20190425091733.jpg,http://geoportal.metrocali.gov.co/fotos_paradas/511297_20190425091748.jpg,Metro Cali S.A. 22 de agosto de 2023,3.3603050712,-76.5282130335
1060859.6723,863231.1719,528,511302,Cl 19 entre Kr 109 y 111,Condominio TAÍNO,Parada ubicada sobre la calle 109 entre las carreras 109 y 111 sentido Norte-Sur junto a la porteria de la unidad residencial Taíno,PARADA EXTERNA, ,Parcelaciones Pance,Comuna 22,Zona 1 - SUR,http://geoportal.metrocali.gov.co/fotos_paradas/511302_20190425092221.jpg,http://geoportal.metrocali.gov.co/fotos_paradas/511302_20190425092253.jpg,Metro Cali S.A. 22 de agosto de 2023,3.3592991047,-76.5299240529
1061439.1383,863208.6674,529,511336,Cl 24A con Kr 111, , ,PARADA EXTERNA, ,Parcelaciones Pance,Comuna 22,Zona 1 - SUR, , ,Metro Cali S.A. 22 de agosto de 2023,3.3590956575,-76.5247105379
1060823.3076,862794.0773,530,511346,Cl 18 entre Kr 115 y 111, ,Parada ubicada sobre la calle 18 sentido Sur-Norte entre las carreras 115 y 114,PARADA EXTERNA, ,Parcelaciones Pance,Comuna 22,Zona 1 - SUR,http://geoportal.metrocali.gov.co/fotos_paradas/511346_20190404125632.jpg,http://geoportal.metrocali.gov.co/fotos_paradas/511346_20190404125655.jpg,Metro Cali S.A. 22 de agosto de 2023,3.3553469182,-76.5302511909
1060801.8224,862796.3891,531,511347,Cl 18 entre Kr 114 y 114B, ,Parada ubicada sobre la calle 18 sentido Norte-Sur entre las carreras 114 y 115,PARADA EXTERNA, ,Parcelaciones Pance,Comuna 22,Zona 1 - SUR,http://geoportal.metrocali.gov.co/fotos_paradas/511347_20190404130222.jpg,http://geoportal.metrocali.gov.co/fotos_paradas/511347_20190404130229.jpg,Metro Cali S.A. 22 de agosto de 2023,3.3553678194,-76.5304444948
1060777.2875,862004.0432,532,511361,Cl 18 entre Kr 118 y 120,Pontificia Universidad Javeriana,Parada ubicada sobre la calle 18 sentido Norte-Sur en la bahía a un costado de la Universidad Pontificia Javeriana. antes del semáforo,PARADA EXTERNA, ,Parcelaciones Pance,Comuna 22,Zona 1 - SUR,http://geoportal.metrocali.gov.co/fotos_paradas/511361_20190404123327.jpg,http://geoportal.metrocali.gov.co/fotos_paradas/511361_20190404123348.jpg,Metro Cali S.A. 22 de agosto de 2023,3.3482034728,-76.5306651634
1060816.7428,860931.6327,533,511496,Kr 125 con Cl 19, ,Parada ubicada sobre la carrera 125 entre las calles 19 y 22 sentido Occidente-Oriente junto al primer parqueadero de visitantes,PARADA EXTERNA, ,Parcelaciones Pance,Comuna 22,Zona 1 - SUR,http://geoportal.metrocali.gov.co/fotos_paradas/511496_20190410104605.jpg,http://geoportal.metrocali.gov.co/fotos_paradas/511496_20190410104630.jpg,Metro Cali S.A. 22 de agosto de 2023,3.3385068048,-76.5303100884
1060741.8469,861199.1588,534,512002,Cl 18 entre Kr 125 y 122,Universidad ICESI,Parada ubicada sobre la calle 18 sentido Sur-Norte. entre las carreras 124 y 122 a un costado de la Universidad ICESI,PARADA EXTERNA, ,Parcelaciones Pance,Comuna 22,Zona 1 - SUR,http://geoportal.metrocali.gov.co/fotos_paradas/512002_20190404120149.jpg,http://geoportal.metrocali.gov.co/fotos_paradas/512002_20190404120213.jpg,Metro Cali S.A. 22 de agosto de 2023,3.3409257527,-76.5309839457
1060109.7796,864494.9868,535,502250,UNIVALLE A1, , ,ESTACIÓN,CALLE 5,Urbanización Ciudad Jardín,Comuna 22,Zona 1 - SUR, , ,Metro Cali S.A. 22 de agosto de 2023,3.3707263531,-76.536671101
1060091.4384,864517.9495,536,502251,UNIVALLE B1, , ,ESTACIÓN,CALLE 5,Urbanización Ciudad Jardín,Comuna 22,Zona 1 - SUR, , ,Metro Cali S.A. 22 de agosto de 2023,3.3709339776,-76.536836124
1060800.0974,864009.623,537,511178,Cl 16 entre Kr 100 y 102, ,Parada ubicada sobre la calle 16 entre las carreras 100 y 102 sentido Norte-Sur frente al Montana Desing Center,PARADA EXTERNA, ,Urbanización Ciudad Jardín,Comuna 22,Zona 1 - SUR,http://geoportal.metrocali.gov.co/fotos_paradas/511178_20190425102111.jpg,http://geoportal.metrocali.gov.co/fotos_paradas/511178_20190425102148.jpg,Metro Cali S.A. 22 de agosto de 2023,3.3663378076,-76.5304601253
1060663.1914,863612.412,538,511179,Cl 18 entre Kr 105 y Cl 16, ,Parada ubicada sobre la calle 18 entre la glorieta de la carrera 105 y la calle 16 en sentido Norte-Sur Junto al instituto Berlitz,PARADA EXTERNA, ,Urbanización Ciudad Jardín,Comuna 22,Zona 1 - SUR,http://geoportal.metrocali.gov.co/fotos_paradas/511179_20190425100003.jpg,http://geoportal.metrocali.gov.co/fotos_paradas/511179_20190425100021.jpg,Metro Cali S.A. 22 de agosto de 2023,3.3627462359,-76.5316918505
1060747.1659,863381.2522,539,511192,Cl 18 entre Kr 106 y 108, ,Parada ubicada sobre la calle 18 en sentido Norte-Sur entre la calle 16 y el puente vehicular que cruza la quebrada,PARADA EXTERNA, ,Urbanización Ciudad Jardín,Comuna 22,Zona 1 - SUR,http://geoportal.metrocali.gov.co/fotos_paradas/511192_20190425094444.jpg,http://geoportal.metrocali.gov.co/fotos_paradas/511192_20190425094456.jpg,Metro Cali S.A. 22 de agosto de 2023,3.3606561113,-76.5309362987
1060754.8512,863417.1299,540,511264,Cl 18 entre Kr 109 y 106A, ,Parada ubicada sobre la calle 18 entre las carreras 106A y 109 sentido Sur-Norte despues del puente vehicular que cruza la quebrada,PARADA EXTERNA, ,Urbanización Ciudad Jardín,Comuna 22,Zona 1 - SUR,http://geoportal.metrocali.gov.co/fotos_paradas/511264_20190425094115.jpg,http://geoportal.metrocali.gov.co/fotos_paradas/511264_20190425094146.jpg,Metro Cali S.A. 22 de agosto de 2023,3.3609805161,-76.5308671566
1060696.6858,863822.723,541,511265,Cl 16 con Kr 103,Antes del puente del Río Lili,Parada ubicada sobre la calle 16 entre la golorieta de la carrera 105 y la carrera 103 en sentido Sur-Norte. antes del puente vehicular que atravieza el río Lili,PARADA EXTERNA, ,Urbanización Ciudad Jardín,Comuna 22,Zona 1 - SUR,http://geoportal.metrocali.gov.co/fotos_paradas/511265_20190425101328.jpg,http://geoportal.metrocali.gov.co/fotos_paradas/511265_20190425101352.jpg,Metro Cali S.A. 22 de agosto de 2023,3.3646478589,-76.5313905179
1060940.6015,864083.1999,542,502300,UNIVERSIDADES A1, , ,ESTACIÓN,CALLE 5,Urbanización Rio Lili,Comuna 22,Zona 1 - SUR,http://geoportal.metrocali.gov.co/fotos_paradas/502300_201211_1.jpg,http://geoportal.metrocali.gov.co/fotos_paradas/502300_201211_2.jpg,Metro Cali S.A. 22 de agosto de 2023,3.3670030976,-76.5291959923
1060972.6106,864065.3483,543,502302,UNIVERSIDADES A2, , ,ESTACIÓN,CALLE 5,Urbanización Rio Lili,Comuna 22,Zona 1 - SUR, , ,Metro Cali S.A. 22 de agosto de 2023,3.366841687,-76.528908
1061037.1554,864028.3452,544,502305,UNIVERSIDADES D1, , ,ESTACIÓN,CALLE 5,Urbanización Rio Lili,Comuna 22,Zona 1 - SUR,http://geoportal.metrocali.gov.co/fotos_paradas/502305_201211_1.jpg,http://geoportal.metrocali.gov.co/fotos_paradas/502305_201211_2.jpg,Metro Cali S.A. 22 de agosto de 2023,3.3665071125,-76.5283272762
1061074.6008,864010.0139,545,502309,UNIVERSIDADES D3, , ,ESTACIÓN,CALLE 5,Urbanización Rio Lili,Comuna 22,Zona 1 - SUR,http://geoportal.metrocali.gov.co/fotos_paradas/502309_201211_1.jpg,http://geoportal.metrocali.gov.co/fotos_paradas/502309_201211_2.jpg,Metro Cali S.A. 22 de agosto de 2023,3.3663413643,-76.527990373
1061106.2368,863997.7781,546,502311,UNIVERSIDADES D5, , ,ESTACIÓN,CALLE 5,Urbanización Rio Lili,Comuna 22,Zona 1 - SUR,http://geoportal.metrocali.gov.co/fotos_paradas/502311_201211_1.jpg,http://geoportal.metrocali.gov.co/fotos_paradas/502311_201211_2.jpg,Metro Cali S.A. 22 de agosto de 2023,3.3662307318,-76.527705738
1061057.2376,864019.5887,547,502313,UNIVERSIDADES D2, , ,ESTACIÓN,CALLE 5,Urbanización Rio Lili,Comuna 22,Zona 1 - SUR,http://geoportal.metrocali.gov.co/fotos_paradas/502313_201211_1.jpg,http://geoportal.metrocali.gov.co/fotos_paradas/502313_201211_2.jpg,Metro Cali S.A. 22 de agosto de 2023,3.3664279384,-76.5281465926
1061090.6819,864003.192,548,502315,UNIVERSIDADES D4, , ,ESTACIÓN,CALLE 5,Urbanización Rio Lili,Comuna 22,Zona 1 - SUR,http://geoportal.metrocali.gov.co/fotos_paradas/502315_201211_1.jpg,http://geoportal.metrocali.gov.co/fotos_paradas/502315_201211_2.jpg,Metro Cali S.A. 22 de agosto de 2023,3.3662796824,-76.5278456878
1064449.7458,859084.306,549,511112,Vía Cali - Puerto Tejada P3,Colegio Ingles De Los Andes,Parada ubicada sobre la vía Cali - Puerto Tejada. En sentido Norte - sur.,PARADA EXTERNA, ,El Hormiguero,Corregimientos,Zona 1 - SUR,http://geoportal.metrocali.gov.co/fotos_paradas/511112_20190802095543.jpg,http://geoportal.metrocali.gov.co/fotos_paradas/511112_20190802095603.jpg,Metro Cali S.A. 22 de agosto de 2023,3.3218031601,-76.4976246692
1064708.6815,858870.9321,550,511113,Vía Cali - Puerto Tejada P4,Colegio Fray Damian,Parada ubicada sobre la vía Cali - Puerto Tejada. En sentido Norte - sur. Frente al colegio Fray Damian.,PARADA EXTERNA, ,El Hormiguero,Corregimientos,Zona 1 - SUR,http://geoportal.metrocali.gov.co/fotos_paradas/511113_20190802100313.jpg,http://geoportal.metrocali.gov.co/fotos_paradas/511113_20190802100329.jpg,Metro Cali S.A. 22 de agosto de 2023,3.3198737869,-76.4952951359
1065068.0268,858580.4433,551,511114,Vía Cali - Puerto Tejada P5,Crucero Cali - Puerto Tejada - Cascajal,Parada ubicada sobre Vía principal de Cascajal. En sentido Norte - Sur.,PARADA EXTERNA, ,El Hormiguero,Corregimientos,Zona 1 - SUR,http://geoportal.metrocali.gov.co/fotos_paradas/511114_20190802113456.jpg,http://geoportal.metrocali.gov.co/fotos_paradas/511114_20190802113515.jpg,Metro Cali S.A. 22 de agosto de 2023,3.317247113,-76.4920622742
1065501.9838,858228.4556,552,511115,Vía Hormiguero P11, ,Parada ubicada sobre Vía principal del Hormiguero. En sentido Oriente - sur. A 7m de la intersección con la Vía a Puerto Tejada.,PARADA EXTERNA, ,El Hormiguero,Corregimientos,Zona 1 - SUR,http://geoportal.metrocali.gov.co/fotos_paradas/511115_20190802100930.jpg,http://geoportal.metrocali.gov.co/fotos_paradas/511115_20190802100944.jpg,Metro Cali S.A. 22 de agosto de 2023,3.314064336,-76.4881581888
1065968.4796,858117.8593,553,511116,Vía Hormiguero P3,Casa 089,Parada ubicada sobre Vía principal del Hormiguero. En sentido Occidente - Oriente.,PARADA EXTERNA, ,El Hormiguero,Corregimientos,Zona 1 - SUR,http://geoportal.metrocali.gov.co/fotos_paradas/511116_20190802102736.jpg,http://geoportal.metrocali.gov.co/fotos_paradas/511116_20190802102749.jpg,Metro Cali S.A. 22 de agosto de 2023,3.3130641784,-76.4839613076
1066126.1893,858104.1202,554,511117,Vía Hormiguero P4, ,Parada ubicada sobre Vía principal del Hormiguero. En sentido Occidente - Oriente.,PARADA EXTERNA, ,El Hormiguero,Corregimientos,Zona 1 - SUR,http://geoportal.metrocali.gov.co/fotos_paradas/511117_20190802103549.jpg,http://geoportal.metrocali.gov.co/fotos_paradas/511117_20190802103607.jpg,Metro Cali S.A. 22 de agosto de 2023,3.3129398945,-76.4825424485
1066588.6789,858060.6474,555,511118,Vía Hormiguero P6,Fin de ruta,Parada ubicada sobre Vía principal del Hormiguero. Fin del recorrido.,PARADA EXTERNA, ,El Hormiguero,Corregimientos,Zona 1 - SUR,http://geoportal.metrocali.gov.co/fotos_paradas/511118_20190802104812.jpg,http://geoportal.metrocali.gov.co/fotos_paradas/511118_20190802104825.jpg,Metro Cali S.A. 22 de agosto de 2023,3.3125466403,-76.4783815944
1066113.2714,858109.6922,556,511119,Vía Hormiguero P8,Casa 122,Parada ubicada sobre Vía principal del Hormiguero. En sentido Occidente - Oriente.,PARADA EXTERNA, ,El Hormiguero,Corregimientos,Zona 1 - SUR,http://geoportal.metrocali.gov.co/fotos_paradas/511119_20190802103218.jpg,http://geoportal.metrocali.gov.co/fotos_paradas/511119_20190802103233.jpg,Metro Cali S.A. 22 de agosto de 2023,3.3129902808,-76.4826586648
1065933.4726,858138.5785,557,511120,Vía Hormiguero P9,Casa 087,Parada ubicada sobre Vía principal del Hormiguero. En sentido Oriente - Occidente.,PARADA EXTERNA, ,El Hormiguero,Corregimientos,Zona 1 - SUR,http://geoportal.metrocali.gov.co/fotos_paradas/511120_20190802102311.jpg,http://geoportal.metrocali.gov.co/fotos_paradas/511120_20190802102333.jpg,Metro Cali S.A. 22 de agosto de 2023,3.3132515322,-76.4842762475
1065505.0617,858216.1539,558,511121,Via Hormiguero P1,Vía principal Hormiguero - Hogar Infantil,Parada ubicada sobre Vía principal del Hormiguero. En sentido Sur - Oriente. A 7m de la intersección con la Vía a Puerto Tejada.,PARADA EXTERNA, ,El Hormiguero,Corregimientos,Zona 1 - SUR,http://geoportal.metrocali.gov.co/fotos_paradas/511121_20190802101115.jpg,http://geoportal.metrocali.gov.co/fotos_paradas/511121_20190802101125.jpg,Metro Cali S.A. 22 de agosto de 2023,3.3139531039,-76.4881305015
1065231.9144,858457.1231,559,511122,Vía Cali - Puerto Tejada P6,Vía Cali - Puerto Tejada,Parada ubicada sobre Vía Cali - Puerto Tejada. En sentido Sur - Norte.,PARADA EXTERNA, ,El Hormiguero,Corregimientos,Zona 1 - SUR,http://geoportal.metrocali.gov.co/fotos_paradas/511122_20190802111752.jpg,http://geoportal.metrocali.gov.co/fotos_paradas/511122_20190802111812.jpg,Metro Cali S.A. 22 de agosto de 2023,3.3161320137,-76.4905878571
1064927.2938,858541.9556,560,511123,Kr 143 - Cascajal P1,Puesto de Salud,Parada ubicada sobre Vía principal de Cascajal. En sentido Oriente - Occidente.,PARADA EXTERNA, ,El Hormiguero,Corregimientos,Zona 1 - SUR,http://geoportal.metrocali.gov.co/fotos_paradas/511123_20190802112234.jpg,http://geoportal.metrocali.gov.co/fotos_paradas/511123_20190802112251.jpg,Metro Cali S.A. 22 de agosto de 2023,3.3168991467,-76.4933284189
1064352.0356,858508.9665,561,511124,Kr 143 - Cascajal P2,Urbanización Flamenco,Parada ubicada sobre Vía principal de Cascajal. En sentido Oriente - Occidente. Frente a la Urbanización Flamenco.,PARADA EXTERNA, ,El Hormiguero,Corregimientos,Zona 1 - SUR,http://geoportal.metrocali.gov.co/fotos_paradas/511124_20190802114152.jpg,http://geoportal.metrocali.gov.co/fotos_paradas/511124_20190802114217.jpg,Metro Cali S.A. 22 de agosto de 2023,3.3166009956,-76.4985038597
1064033.2195,858486.8735,562,511125,Kr 143 - Cascajal P3,Centro Educativo El Hormiguero,Parada ubicada sobre Vía principal de Cascajal. En sentido Oriente - Occidente.,PARADA EXTERNA, ,El Hormiguero,Corregimientos,Zona 1 - SUR,http://geoportal.metrocali.gov.co/fotos_paradas/511125_190802_1.jpg,http://geoportal.metrocali.gov.co/fotos_paradas/511125_190802_2.jpg,Metro Cali S.A. 22 de agosto de 2023,3.3164012943,-76.5013721604
1063292.3549,858511.7263,563,511126,Kr 143 - Cascajal P5,Casa 152,Parada ubicada sobre Vía principal de Cascajal. En sentido Oriente - Occidente.,PARADA EXTERNA, ,El Hormiguero,Corregimientos,Zona 1 - SUR,http://geoportal.metrocali.gov.co/fotos_paradas/511126_20190802115606.jpg,http://geoportal.metrocali.gov.co/fotos_paradas/511126_20190802115621.jpg,Metro Cali S.A. 22 de agosto de 2023,3.3166261231,-76.5080375022
1062887.5073,858663.6597,564,511127,Kr 143 - Cascajal P6,EQUILAR - Casa 099,Parada ubicada sobre Vía principal de Cascajal. En sentido Oriente - Occidente.,PARADA EXTERNA, ,El Hormiguero,Corregimientos,Zona 1 - SUR,http://geoportal.metrocali.gov.co/fotos_paradas/511127_20190802120053.jpg,http://geoportal.metrocali.gov.co/fotos_paradas/511127_20190802120112.jpg,Metro Cali S.A. 22 de agosto de 2023,3.3179999369,-76.5116797875
1061730.7014,858610.5811,565,511130,Kr 143 con Cl 36,Colegio La Presentacion,Parada ubicada sobre Vía principal de Cascajal. En sentido Oriente - Occidente. A 8m de la entrada de la Sede Deportiva América de Cali. Frente al Colegio Ciudadela Educativa la Presentación.,PARADA EXTERNA, ,El Hormiguero,Corregimientos,Zona 1 - SUR,http://geoportal.metrocali.gov.co/fotos_paradas/511130_20190802122643.jpg,http://geoportal.metrocali.gov.co/fotos_paradas/511130_20190802122717.jpg,Metro Cali S.A. 22 de agosto de 2023,3.3175200437,-76.5220872517
1061796.259,856689.5096,566,511135,Cl 36 con Kr 164,Hacienda La Gloria,Parada ubicada sobre la calle 36 sentido Sur-Norte a las afueras del parqueadero de la Hacienda Gloria,PARADA EXTERNA, ,El Hormiguero,Corregimientos,Zona 1 - SUR,http://geoportal.metrocali.gov.co/fotos_paradas/511135_20190320100447.jpg,http://geoportal.metrocali.gov.co/fotos_paradas/511135_20190320100502.jpg,Metro Cali S.A. 22 de agosto de 2023,3.3001498308,-76.521497432
1064325.2597,863508.0239,567,511156,Kr 109 - Colegio Juvenilla_1, ,Parada ubicada sobre carrera 109. En sentido Sur -Oriente. Frente al Colegio Juvenilia.,PARADA EXTERNA, ,El Hormiguero,Corregimientos,Zona 1 - SUR,http://geoportal.metrocali.gov.co/fotos_paradas/511156_20190802134354.jpg,http://geoportal.metrocali.gov.co/fotos_paradas/511156_20190802134407.jpg,Metro Cali S.A. 22 de agosto de 2023,3.3618021795,-76.4987437572
1064722.6134,863729.6326,568,511157,Kr 109 - Club Cañasgordas, ,Parada ubicada sobre carrera 109. Frente a Club Cañasgordas.,PARADA EXTERNA, ,El Hormiguero,Corregimientos,Zona 1 - SUR,http://geoportal.metrocali.gov.co/fotos_paradas/511157_20190802135208.jpg,http://geoportal.metrocali.gov.co/fotos_paradas/511157_20190802135218.jpg,Metro Cali S.A. 22 de agosto de 2023,3.3638058632,-76.4951686649
1064361.1773,863535.2679,569,511158,Kr 109 - Colegio Juvenilla_2, ,Parada ubicada sobre carrera 109. En sentido Sur -Oriente. Frente al Colegio Juvenilia.,PARADA EXTERNA, ,El Hormiguero,Corregimientos,Zona 1 - SUR,http://geoportal.metrocali.gov.co/fotos_paradas/511158_20190802134613.jpg,http://geoportal.metrocali.gov.co/fotos_paradas/511158_20190802134624.jpg,Metro Cali S.A. 22 de agosto de 2023,3.3620485106,-76.4984205966
1065824.3875,858213.1049,570,511189,Vía Hormiguero P2, , ,PARADA EXTERNA, ,El Hormiguero,Corregimientos,Zona 1 - SUR,http://geoportal.metrocali.gov.co/fotos_paradas/511189_20190802101739.jpg,http://geoportal.metrocali.gov.co/fotos_paradas/511189_20190802101751.jpg,Metro Cali S.A. 22 de agosto de 2023,3.3139254325,-76.4852576276
1065786.2968,858243.8436,571,511191,Vía Hormiguero P10, , ,PARADA EXTERNA, ,El Hormiguero,Corregimientos,Zona 1 - SUR,http://geoportal.metrocali.gov.co/fotos_paradas/511191_20190802111149.jpg,http://geoportal.metrocali.gov.co/fotos_paradas/511191_20190802111201.jpg,Metro Cali S.A. 22 de agosto de 2023,3.3142033827,-76.4856003081
1063719.555,858474.4402,572,511211,Kr 143 - Cascajal P4, , ,PARADA EXTERNA, ,El Hormiguero,Corregimientos,Zona 1 - SUR,http://geoportal.metrocali.gov.co/fotos_paradas/511211_190802_1.jpg,http://geoportal.metrocali.gov.co/fotos_paradas/511211_190802_2.jpg,Metro Cali S.A. 22 de agosto de 2023,3.316288926,-76.5041941111
1061542.7922,855645.0052,573,511339,Cl 36 con Kr 180,El Castillo,Parada ubicada sobre el carril derecho de la Autopista Jamundí - Cali.  después de la derivación vial hacia la Hacienda el Castillo (Carrera 180),PARADA EXTERNA, ,El Hormiguero,Corregimientos,Zona 1 - SUR,http://geoportal.metrocali.gov.co/fotos_paradas/511339_20190320094313.jpg,http://geoportal.metrocali.gov.co/fotos_paradas/511339_20190320094325.jpg,Metro Cali S.A. 22 de agosto de 2023,3.2907054794,-76.523777732
1061689.4823,858170.4779,574,511341,Cl 36 entre Kr 148 y 146,Universidad Antonio Nariño,Parada ubicada sobre la calle 36 sentido Sur-Norte junto a mural de la Universidad Antonio Nariño,PARADA EXTERNA, ,El Hormiguero,Corregimientos,Zona 1 - SUR, , ,Metro Cali S.A. 22 de agosto de 2023,3.3135406562,-76.5224580808
1066287.4312,858034.274,575,511383,Vía Hormiguero P5,Colegio La Asuncion,Parada ubicada sobre Vía principal del Hormiguero. En sentido Oriente - Occidente.,PARADA EXTERNA, ,El Hormiguero,Corregimientos,Zona 1 - SUR,http://geoportal.metrocali.gov.co/fotos_paradas/511383_20190802104249.jpg,http://geoportal.metrocali.gov.co/fotos_paradas/511383_20190802104255.jpg,Metro Cali S.A. 22 de agosto de 2023,3.3123082901,-76.4810918318
1066317.0147,858033.336,576,511384,Vía Hormiguero P7, ,Parada ubicada sobre Vía principal del Hormiguero. En sentido Oriente - Occidente.,PARADA EXTERNA, ,El Hormiguero,Corregimientos,Zona 1 - SUR,http://geoportal.metrocali.gov.co/fotos_paradas/511384_20190802103939.jpg,http://geoportal.metrocali.gov.co/fotos_paradas/511384_20190802103955.jpg,Metro Cali S.A. 22 de agosto de 2023,3.3122997977,-76.480825679
1057787.7573,863705.5198,577,511048,Vía La Buitrera - La Riverita_1, ,Parada ubicada en la vía La Buitrera Km 2.5 sobre interseccion con vía a La Riverita. Sentido Occidente - Oriente.,PARADA EXTERNA, ,La Buitrera,Corregimientos,Zona 1 - SUR,http://geoportal.metrocali.gov.co/fotos_paradas/511048_20190815125158.jpg,http://geoportal.metrocali.gov.co/fotos_paradas/511048_20190815125213.jpg,Metro Cali S.A. 22 de agosto de 2023,3.3635874554,-76.5575625443
1057206.347,863835.592,578,511049,Puesto de Salud La Buitrera, ,Parada ubicada sobre la vía Buitrera. frente al puesto de salud La Buitrera. Sentido Sur -  Norte.,PARADA EXTERNA, ,La Buitrera,Corregimientos,Zona 1 - SUR,http://geoportal.metrocali.gov.co/fotos_paradas/511049_20190815122753.jpg,http://geoportal.metrocali.gov.co/fotos_paradas/511049_20190815122824.jpg,Metro Cali S.A. 22 de agosto de 2023,3.3647633422,-76.562793625
1057023.1801,864000.2175,579,511050,Km 3 Vía la Buitrera,Colegio Diana Oese,Parada ubicada sobre la vía Buitrera. frente al colegio Bilingüe Diana Oese. Sentido Norte - Sur.,PARADA EXTERNA, ,La Buitrera,Corregimientos,Zona 1 - SUR,http://geoportal.metrocali.gov.co/fotos_paradas/511050_20190815121411.jpg,http://geoportal.metrocali.gov.co/fotos_paradas/511050_20190815121424.jpg,Metro Cali S.A. 22 de agosto de 2023,3.3662518014,-76.5644416718
1057250.0532,864286.4749,580,511051,Vía La Buitrera El Portento_1, ,Parada ubicada sobre la vía Buitrera. sector el Portento. Callejón la T. Sentido Norte - Sur.,PARADA EXTERNA, ,La Buitrera,Corregimientos,Zona 1 - SUR,http://geoportal.metrocali.gov.co/fotos_paradas/511051_20190815113642.jpg,http://geoportal.metrocali.gov.co/fotos_paradas/511051_20190815113656.jpg,Metro Cali S.A. 22 de agosto de 2023,3.3688402159,-76.5624005676
1057060.8125,864617.3003,581,511052,Vía La Buitrera P10,Girasoles Web Cafe,Parada ubicada sobre la vía Buitrera. sector Girasoles. Sentido Sur - Norte.,PARADA EXTERNA, ,La Buitrera,Corregimientos,Zona 1 - SUR,http://geoportal.metrocali.gov.co/fotos_paradas/511052_20190815110002.jpg,http://geoportal.metrocali.gov.co/fotos_paradas/511052_20190815110020.jpg,Metro Cali S.A. 22 de agosto de 2023,3.3718314428,-76.5641033349
1056976.4702,865065.5899,582,511053,Vía La Buitrera P11,Sector Las Piedras Km 5,Parada ubicada sobre la vía Buitrera.  sector Las Piedras. Sentido Sur - Norte.,PARADA EXTERNA, ,La Buitrera,Corregimientos,Zona 1 - SUR,http://geoportal.metrocali.gov.co/fotos_paradas/511053_20190815104809.jpg,http://geoportal.metrocali.gov.co/fotos_paradas/511053_20190815104823.jpg,Metro Cali S.A. 22 de agosto de 2023,3.3758848155,-76.5648623643
1056972.8405,865059.9038,583,511054,Vía La Buitrera P23,Las Piedras,Parada ubicada sobre la vía Buitrera. sector Las Piedras. Sentido Norte - Sur.,PARADA EXTERNA, ,La Buitrera,Corregimientos,Zona 1 - SUR,http://geoportal.metrocali.gov.co/fotos_paradas/511054_20190815104126.jpg,http://geoportal.metrocali.gov.co/fotos_paradas/511054_20190815104138.jpg,Metro Cali S.A. 22 de agosto de 2023,3.3758334006,-76.5648950193
1056280.0327,865784.7308,584,511056,Vía la Buitrera Finca Santana, ,Parada ubicada sobre la vía Buitrera. Sentido Oriente - Occidente. Callejón los Pinos.,PARADA EXTERNA, ,La Buitrera,Corregimientos,Zona 1 - SUR,http://geoportal.metrocali.gov.co/fotos_paradas/511056_20190815094334.jpg,http://geoportal.metrocali.gov.co/fotos_paradas/511056_20190815094345.jpg,Metro Cali S.A. 22 de agosto de 2023,3.3823869316,-76.5711287255
1055484.852,865840.7744,585,511059,La Buitrera Inicio de ruta,Tienda Inicio de Ruta,Parada ubicada sobre la vía Buitrera. Sentido Occidente - Oriente. Frente a tienda Dina.,PARADA EXTERNA, ,La Buitrera,Corregimientos,Zona 1 - SUR,http://geoportal.metrocali.gov.co/fotos_paradas/511059_20190815091505.jpg,http://geoportal.metrocali.gov.co/fotos_paradas/511059_20190815091523.jpg,Metro Cali S.A. 22 de agosto de 2023,3.3828932665,-76.5782832452
1056230.4431,865806.1837,586,511061,Vía La Buitrera Villa Gloria, ,Parada ubicada sobre la vía Buitrera. Sentido Occidente - Oriente. frente a Finca Santa Ana.,PARADA EXTERNA, ,La Buitrera,Corregimientos,Zona 1 - SUR,http://geoportal.metrocali.gov.co/fotos_paradas/511061_20190815094102.jpg,http://geoportal.metrocali.gov.co/fotos_paradas/511061_20190815094117.jpg,Metro Cali S.A. 22 de agosto de 2023,3.3825808835,-76.5715749088
1056589.8894,865449.604,587,511062,Vía La Buitrera P21,Golden Net,Parada ubicada sobre la vía Buitrera. Sentido Norte - Sur.,PARADA EXTERNA, ,La Buitrera,Corregimientos,Zona 1 - SUR,http://geoportal.metrocali.gov.co/fotos_paradas/511062_20190815102255.jpg,http://geoportal.metrocali.gov.co/fotos_paradas/511062_20190815102309.jpg,Metro Cali S.A. 22 de agosto de 2023,3.3793568794,-76.5683406994
1057043.6271,864654.3556,588,511064,Vía La Buitrera P24,Sector Girasoles,Parada ubicada sobre la vía Buitrera. sector Girasoles. Sentido Norte - Sur.,PARADA EXTERNA, ,La Buitrera,Corregimientos,Zona 1 - SUR,http://geoportal.metrocali.gov.co/fotos_paradas/511064_20190815105408.jpg,http://geoportal.metrocali.gov.co/fotos_paradas/511064_20190815105419.jpg,Metro Cali S.A. 22 de agosto de 2023,3.3721664875,-76.5642579706
1057016.762,864055.2018,589,511066,Ferretería La Buitrera, ,Parada ubicada sobre la vía Buitrera. Centro Cultural Yalulo. Sentido Norte - Sur.,PARADA EXTERNA, ,La Buitrera,Corregimientos,Zona 1 - SUR,http://geoportal.metrocali.gov.co/fotos_paradas/511066_20190815120944.jpg,http://geoportal.metrocali.gov.co/fotos_paradas/511066_20190815120951.jpg,Metro Cali S.A. 22 de agosto de 2023,3.3667489635,-76.5644994388
1057176.4582,863856.7847,590,511067,Vía La Buitrera I.E. La Buitrera, ,Parada ubicada sobre la vía Buitrera. frente a Institución Educativa La Buitrera. Sentido Norte - Sur.,PARADA EXTERNA, ,La Buitrera,Corregimientos,Zona 1 - SUR,http://geoportal.metrocali.gov.co/fotos_paradas/511067_20190815122119.jpg,http://geoportal.metrocali.gov.co/fotos_paradas/511067_20190815122131.jpg,Metro Cali S.A. 22 de agosto de 2023,3.3649549533,-76.5630625473
1057817.9402,863684.3116,591,511068,Vía La Buitrera - La Riverita_2, ,Parada ubicada en la vía La Buitrera Km 2.5 a 20m de interseccion con vía a La Riverita. Sentido Occidente - Oriente.,PARADA EXTERNA, ,La Buitrera,Corregimientos,Zona 1 - SUR,http://geoportal.metrocali.gov.co/fotos_paradas/511068_20190815125542.jpg,http://geoportal.metrocali.gov.co/fotos_paradas/511068_20190815125610.jpg,Metro Cali S.A. 22 de agosto de 2023,3.3633957027,-76.5572909773
1058046.4122,863677.3111,592,511070,Vía La Buitrera Villa Libia, ,Parada ubicada en la vía La Buitrera en el Sector los Pinos. Sentido Occidente - Oriente.,PARADA EXTERNA, ,La Buitrera,Corregimientos,Zona 1 - SUR,http://geoportal.metrocali.gov.co/fotos_paradas/511070_20190815130607.jpg,http://geoportal.metrocali.gov.co/fotos_paradas/511070_20190815130649.jpg,Metro Cali S.A. 22 de agosto de 2023,3.3633324818,-76.5552353808
1058080.8952,863665.3776,593,511071,Vía La Buitrera Los Pinos, ,Parada ubicada en la vía La Buitrera en el Sector los Pinos. Sentido Occidente - Oriente.,PARADA EXTERNA, ,La Buitrera,Corregimientos,Zona 1 - SUR,http://geoportal.metrocali.gov.co/fotos_paradas/511071_20190815130117.jpg,http://geoportal.metrocali.gov.co/fotos_paradas/511071_20190815130133.jpg,Metro Cali S.A. 22 de agosto de 2023,3.3632245911,-76.5549251287
1057514.1696,863767.9111,594,511073,Vía La Buitrera Jardín Creart, ,Parada ubicada frente al Club del Sena Vía la Buitrera Km 3. Sentido  Oriente - Occidente.,PARADA EXTERNA, ,La Buitrera,Corregimientos,Zona 1 - SUR,http://geoportal.metrocali.gov.co/fotos_paradas/511073_20190815124513.jpg,http://geoportal.metrocali.gov.co/fotos_paradas/511073_20190815124541.jpg,Metro Cali S.A. 22 de agosto de 2023,3.3641514947,-76.5600240739
1057479.399,863760.9235,595,511074,Vía La Buitrera Club SENA, ,Parada ubicada sobre la vía Buitrera. frente al club deportivo Em Sena. Sentido Occidente - Oriente.,PARADA EXTERNA, ,La Buitrera,Corregimientos,Zona 1 - SUR,http://geoportal.metrocali.gov.co/fotos_paradas/511074_20190815123836.jpg,http://geoportal.metrocali.gov.co/fotos_paradas/511074_20190815123854.jpg,Metro Cali S.A. 22 de agosto de 2023,3.3640883002,-76.5603369075
1057269.688,864015.0829,596,511075,Vía La Buitrera Colacteos, ,Parada ubicada sobre la vía Buitrera. frente al Liceo Entre-Rios. A 60m de Colacteos. Sentido  Oriente -  Occidente.,PARADA EXTERNA, ,La Buitrera,Corregimientos,Zona 1 - SUR,http://geoportal.metrocali.gov.co/fotos_paradas/511075_20190815114636.jpg,http://geoportal.metrocali.gov.co/fotos_paradas/511075_20190815114656.jpg,Metro Cali S.A. 22 de agosto de 2023,3.3663863134,-76.5622238053
1063893.5858,878345.3532,597,512120,Av 2CN entre Cl 74 y 75,Unidad residencial, ,PARADA EXTERNA, ,Brisas de Los Álamos,Comuna 02,Zona 2 - MENGA, , ,Metro Cali S.A. 22 de agosto de 2023,3.4959605058,-76.5026250812
1057293.867,864005.003,598,511076,Liceo Entre Ríos La Buitrera, ,Parada ubicada sobre la vía Buitrera. a 30m del Liceo Entre-Rios y 90m de Colacteos en sentido Occidente - Oriente.,PARADA EXTERNA, ,La Buitrera,Corregimientos,Zona 1 - SUR,http://geoportal.metrocali.gov.co/fotos_paradas/511076_20190815114404.jpg,http://geoportal.metrocali.gov.co/fotos_paradas/511076_20190815114420.jpg,Metro Cali S.A. 22 de agosto de 2023,3.366295181,-76.562006259
1056773.8394,865176.0244,599,511077,Vía La Buitrera P12,Duquelandia,Parada ubicada sobre la vía Buitrera. Sentido Norte - Sur. Sobre la intersección vía a salón de evento Duquelandia.,PARADA EXTERNA, ,La Buitrera,Corregimientos,Zona 1 - SUR,http://geoportal.metrocali.gov.co/fotos_paradas/511077_20190815103012.jpg,http://geoportal.metrocali.gov.co/fotos_paradas/511077_20190815103028.jpg,Metro Cali S.A. 22 de agosto de 2023,3.3768832708,-76.566685532
1056587.9496,865485.3011,600,511078,Vía La Buitrera P13, ,Parada ubicada sobre la vía Buitrera. Sentido Sur - Norte. Frente a la panaderia Nueva Vida.,PARADA EXTERNA, ,La Buitrera,Corregimientos,Zona 1 - SUR,http://geoportal.metrocali.gov.co/fotos_paradas/511078_20190815100706.jpg,http://geoportal.metrocali.gov.co/fotos_paradas/511078_20190815100718.jpg,Metro Cali S.A. 22 de agosto de 2023,3.3796796496,-76.5683581681
1056538.621,865664.219,601,511079,Vía La Buitrera P14,Colegio Las Lajas,Parada ubicada sobre la vía Buitrera. Sentido Oriente  - Occidente. frente a Colegio las Lajas.,PARADA EXTERNA, ,La Buitrera,Corregimientos,Zona 1 - SUR,http://geoportal.metrocali.gov.co/fotos_paradas/511079_20190815095952.jpg,http://geoportal.metrocali.gov.co/fotos_paradas/511079_20190815100007.jpg,Metro Cali S.A. 22 de agosto de 2023,3.3812973921,-76.5688020717
1055860.7822,865800.089,602,511080,Vía La Buitrera P17,Mi Capricho Km 6,Parada ubicada sobre la vía Buitrera. Sentido Oriente - Occidente. Km 6. Villa Leo.,PARADA EXTERNA, ,La Buitrera,Corregimientos,Zona 1 - SUR,http://geoportal.metrocali.gov.co/fotos_paradas/511080_20190815092719.jpg,http://geoportal.metrocali.gov.co/fotos_paradas/511080_20190815092735.jpg,Metro Cali S.A. 22 de agosto de 2023,3.3825255911,-76.5749008612
1055474.62,865851.376,603,511081,La Buitrera Fin de ruta,Km 7 Fin de ruta,Parada ubicada sobre la vía Buitrera. Sentido Oriente - Occidente.,PARADA EXTERNA, ,La Buitrera,Corregimientos,Zona 1 - SUR,http://geoportal.metrocali.gov.co/fotos_paradas/511081_20190815091738.jpg,http://geoportal.metrocali.gov.co/fotos_paradas/511081_20190815091813.jpg,Metro Cali S.A. 22 de agosto de 2023,3.3829891199,-76.5783753115
1056462.5162,865707.5396,604,511082,Vía La Buitrera P20,Colegio Las Lajas Bajando,Parada ubicada sobre la vía Buitrera. Sentido Occidente - Oriente. frente a Colegio las Lajas.,PARADA EXTERNA, ,La Buitrera,Corregimientos,Zona 1 - SUR,http://geoportal.metrocali.gov.co/fotos_paradas/511082_20190815094924.jpg,http://geoportal.metrocali.gov.co/fotos_paradas/511082_20190815095005.jpg,Metro Cali S.A. 22 de agosto de 2023,3.3816890593,-76.5694868293
1056703.8597,865132.9767,605,511083,Vía La Buitrera P22,Fatima,Parada ubicada sobre la vía Buitrera. Sentido Oriente  - Occidente. Callejón la granja.,PARADA EXTERNA, ,La Buitrera,Corregimientos,Zona 1 - SUR,http://geoportal.metrocali.gov.co/fotos_paradas/511083_20190815103628.jpg,http://geoportal.metrocali.gov.co/fotos_paradas/511083_20190815103647.jpg,Metro Cali S.A. 22 de agosto de 2023,3.3764940053,-76.5673151391
1057251.6085,864272.2047,606,511084,Vía La Buitrera El Portento_2, ,Parada ubicada sobre la vía Buitrera. sector el Portento. a  20m del Callejón la T. Sentido Sur - Norte.,PARADA EXTERNA, ,La Buitrera,Corregimientos,Zona 1 - SUR,http://geoportal.metrocali.gov.co/fotos_paradas/511084_20190815111904.jpg,http://geoportal.metrocali.gov.co/fotos_paradas/511084_20190815111912.jpg,Metro Cali S.A. 22 de agosto de 2023,3.3687111862,-76.5623865688
1057943.6946,862006.8612,607,511139,Via la Voragine con Cl 2_1,Acceso vial a La Buitrera,Parada ubicada sobre la avenida de los cerros. via a La voragine en la intersección con la calle 2 - via que conduce a La Buitrera,PARADA EXTERNA, ,La Buitrera,Corregimientos,Zona 1 - SUR,http://geoportal.metrocali.gov.co/fotos_paradas/511139_20190425112805.jpg,http://geoportal.metrocali.gov.co/fotos_paradas/511139_20190425112826.jpg,Metro Cali S.A. 22 de agosto de 2023,3.3482283395,-76.5561589987
1056883.0134,862145.5212,608,511140,EcoParque Pance 1a entrada_1,Vía La Voragine,Parada ubicada frente a la porteria de la primer entrada al Ecoparque Río Pance -Los Samanes sobre la vía que conduce a Cali desde La Voragine en el corregimiento Pance,PARADA EXTERNA, ,La Buitrera,Corregimientos,Zona 1 - SUR, , ,Metro Cali S.A. 22 de agosto de 2023,3.3494816892,-76.5657020047
1056547.5651,862075.7514,609,511141,EcoParque Pance 2a entrada_1,Vía La Voragine,Parada ubicada frente a la porteria de la segunda entrada al Ecoparque Río Pance -Los Carboneros sobre la vía que conduce a Cali desde La Voragine en el corregimiento Pance,PARADA EXTERNA, ,La Buitrera,Corregimientos,Zona 1 - SUR, , ,Metro Cali S.A. 22 de agosto de 2023,3.3488506862,-76.5687200057
1056042.9509,862043.8152,610,511142,EcoParque Pance 3a entrada_1,Vía La Voragine,Parada ubicada frente a la porteria de la tercera entrada al Ecoparque Río Pance sobre la vía que conduce a Cali desde La Voragine en el corregimiento Pance,PARADA EXTERNA, ,La Buitrera,Corregimientos,Zona 1 - SUR, , ,Metro Cali S.A. 22 de agosto de 2023,3.3485616801,-76.5732600074
1055288.3242,862034.4853,611,511143,EcoParque Pance 4a entrada_1,Vía La Voragine,Parada ubicada frente a la porteria de la cuarta entrada al Ecoparque Río Pance sobre la vía que conduce a Cali desde La Voragine en el corregimiento Pance,PARADA EXTERNA, ,La Buitrera,Corregimientos,Zona 1 - SUR,http://geoportal.metrocali.gov.co/fotos_paradas/511143_20190425120804.jpg,http://geoportal.metrocali.gov.co/fotos_paradas/511143_20190425120836.jpg,Metro Cali S.A. 22 de agosto de 2023,3.3484769187,-76.5800493809
1056786.8677,862089.8961,612,511149,EcoParque Pance 1a entrada_2,Vía La Voragine,Parada ubicada junto a la porteria de la primer entrada al Ecoparque Río Pance - Los Samanes sobre la vía que conduce a La Voragine en el corregimiento Pance,PARADA EXTERNA, ,La Buitrera,Corregimientos,Zona 1 - SUR,http://geoportal.metrocali.gov.co/fotos_paradas/511149_20190425114436.jpg,http://geoportal.metrocali.gov.co/fotos_paradas/511149_20190425114505.jpg,Metro Cali S.A. 22 de agosto de 2023,3.3489786889,-76.5665670049
1057831.178,862027.0242,613,511150,Via la Voragine con Cl 2_2,Acceso vial a La Buitrera,Parada ubicada sobre Av los Cerros con Cl 2. En sentido  Occidente - Oriente.,PARADA EXTERNA, ,La Buitrera,Corregimientos,Zona 1 - SUR,http://geoportal.metrocali.gov.co/fotos_paradas/511150_20191107092953.jpg,http://geoportal.metrocali.gov.co/fotos_paradas/511150_20191107093111.jpg,Metro Cali S.A. 22 de agosto de 2023,3.3484106136,-76.5571713173
1057359.1312,865478.949,614,511353,Cl 4 Oe con Kr 90,Polvorines,Parada ubicada sobre calle 4 Oeste con carrera 90A y 90. Sentido Sur -  Norte.,PARADA EXTERNA, ,La Buitrera,Corregimientos,Zona 1 - SUR,http://geoportal.metrocali.gov.co/fotos_paradas/511353_20191004095837.jpg,http://geoportal.metrocali.gov.co/fotos_paradas/511353_20191004095912.jpg,Metro Cali S.A. 22 de agosto de 2023,3.3796225382,-76.5614196226
1063967.8321,878249.0075,615,512121,Av 2BN entre Cl 75C y 75,Unidad residencial, ,PARADA EXTERNA, ,Brisas de Los Álamos,Comuna 02,Zona 2 - MENGA, , ,Metro Cali S.A. 22 de agosto de 2023,3.4950893409,-76.5019570021
1057401.7673,865302.1227,616,511354,Cl 4 Oe con Kr 92, ,Parada ubicada sobre calle 4 Oeste entre carrera 92 y 91. Sentido Sur -  Norte.,PARADA EXTERNA, ,La Buitrera,Corregimientos,Zona 1 - SUR,http://geoportal.metrocali.gov.co/fotos_paradas/511354_20191004100937.jpg,http://geoportal.metrocali.gov.co/fotos_paradas/511354_20191004101000.jpg,Metro Cali S.A. 22 de agosto de 2023,3.3780237017,-76.5610359471
1057130.9679,864505.9542,617,511379,Vía La Buitrera P9, ,Parada ubicada sobre la vía Buitrera. Villa Rosalba. Sentido Sur - Norte.,PARADA EXTERNA, ,La Buitrera,Corregimientos,Zona 1 - SUR,http://geoportal.metrocali.gov.co/fotos_paradas/511379_20190815111236.jpg,http://geoportal.metrocali.gov.co/fotos_paradas/511379_20190815111303.jpg,Metro Cali S.A. 22 de agosto de 2023,3.3708246868,-76.5634720875
1057108.4214,864513.8708,618,511380,Vía La Buitrera P25, ,Parada ubicada sobre la vía Buitrera. Villa Rosalba. Sentido Norte - Sur.,PARADA EXTERNA, ,La Buitrera,Corregimientos,Zona 1 - SUR,http://geoportal.metrocali.gov.co/fotos_paradas/511380_20190815110609.jpg,http://geoportal.metrocali.gov.co/fotos_paradas/511380_20190815110659.jpg,Metro Cali S.A. 22 de agosto de 2023,3.370896259,-76.5636749461
1057373.4624,862128.9094,619,511381,Hecienda la Rivera EMCALI_1,Vía La Voragine,Parada ubicada frente a la Planta La Rivera - EMCALI sobre la vía que conduce a Cali desde La Voragine en el corregimiento Pance,PARADA EXTERNA, ,La Buitrera,Corregimientos,Zona 1 - SUR,http://geoportal.metrocali.gov.co/fotos_paradas/511381_20190425113830.jpg,http://geoportal.metrocali.gov.co/fotos_paradas/511381_20190425113842.jpg,Metro Cali S.A. 22 de agosto de 2023,3.3493316858,-76.5612894233
1057144.4823,864133.7114,620,511461,Iglesia La Buitrera, ,Parada ubicada sobre la vía Buitrera. Callejón la T. Colacteos. Sentido Occidente - Oriente.,PARADA EXTERNA, ,La Buitrera,Corregimientos,Zona 1 - SUR,http://geoportal.metrocali.gov.co/fotos_paradas/511461_20190815120517.jpg,http://geoportal.metrocali.gov.co/fotos_paradas/511461_20190815120536.jpg,Metro Cali S.A. 22 de agosto de 2023,3.3674588951,-76.5633503486
1056382.7338,865747.725,621,511462,Vía La Buitrera P15,Tienda,Parada ubicada sobre la vía Buitrera. Sentido Oriente - Occidente.,PARADA EXTERNA, ,La Buitrera,Corregimientos,Zona 1 - SUR,http://geoportal.metrocali.gov.co/fotos_paradas/511462_20190815095456.jpg,http://geoportal.metrocali.gov.co/fotos_paradas/511462_20190815095514.jpg,Metro Cali S.A. 22 de agosto de 2023,3.3820523761,-76.5702046745
1057115.9926,864147.8809,622,511463,Vía La Buitrera Callejón La T, ,Parada ubicada sobre la vía Buitrera. Callejón la T. Colacteos. Sentido  Oriente -  Occidente.,PARADA EXTERNA, ,La Buitrera,Corregimientos,Zona 1 - SUR,http://geoportal.metrocali.gov.co/fotos_paradas/511463_20190815120148.jpg,http://geoportal.metrocali.gov.co/fotos_paradas/511463_20190815120154.jpg,Metro Cali S.A. 22 de agosto de 2023,3.3675870033,-76.5636066811
1055825.6491,865812.5227,623,511486,Vía La Buitrera P18,Mi Capricho Km 6,Parada ubicada sobre la vía Buitrera. Sentido Occidente - Oriente. Km 6.,PARADA EXTERNA, ,La Buitrera,Corregimientos,Zona 1 - SUR,http://geoportal.metrocali.gov.co/fotos_paradas/511486_20190815092417.jpg,http://geoportal.metrocali.gov.co/fotos_paradas/511486_20190815092440.jpg,Metro Cali S.A. 22 de agosto de 2023,3.3826379977,-76.5752169711
1056788.6849,868761.6015,624,517180,Kr 56 entre Cl 17B Oe y 17C Oe, , ,PARADA EXTERNA, ,La Buitrera,Corregimientos,Zona 1 - SUR, , ,Metro Cali S.A. 22 de agosto de 2023,3.4093038512,-76.5665534958
1056228.0047,868830.1197,625,517183,Vía La Sirena - Colegio Ideas_2, , ,PARADA EXTERNA, ,La Buitrera,Corregimientos,Zona 1 - SUR, , ,Metro Cali S.A. 22 de agosto de 2023,3.409923131,-76.5715982835
1056372.2331,868649.4492,626,517184,Kr 56 - Jardines del recuerdo_2,Cementerio Jardines del Recuerdo, ,PARADA EXTERNA, ,La Buitrera,Corregimientos,Zona 1 - SUR, , ,Metro Cali S.A. 22 de agosto de 2023,3.408289588,-76.5703004947
1056706.8846,868694.0088,627,517185,Kr 56 con Cl 17C Oe, , ,PARADA EXTERNA, ,La Buitrera,Corregimientos,Zona 1 - SUR, , ,Metro Cali S.A. 22 de agosto de 2023,3.4086926462,-76.5672894696
1056811.8648,868774.2094,628,517186,Kr 56 con Cl 17B Oe, , ,PARADA EXTERNA, ,La Buitrera,Corregimientos,Zona 1 - SUR, , ,Metro Cali S.A. 22 de agosto de 2023,3.4094178612,-76.5663449386
1056342.2247,868659.6826,629,517216,Kr 56 - Jardines del recuerdo_1,Cementerio Jardines del Recuerdo, ,PARADA EXTERNA, ,La Buitrera,Corregimientos,Zona 1 - SUR, , ,Metro Cali S.A. 22 de agosto de 2023,3.4083821036,-76.5705705017
1060286.6906,859115.0566,630,511086,Cl 18 entre Kr 137 y 142, ,Parada ubicada sobre la calle 18 sentido Norte-Sur entre las carreras 137 y 142,PARADA EXTERNA, ,Pance,Corregimientos,Zona 1 - SUR,http://geoportal.metrocali.gov.co/fotos_paradas/511086_20190404102023.jpg,http://geoportal.metrocali.gov.co/fotos_paradas/511086_20190404102039.jpg,Metro Cali S.A. 22 de agosto de 2023,3.3220813713,-76.5350786805
1060309.5262,859121.7697,631,511087,Cl 18 entre Kr 142 y 137, ,Parada ubicada sobre la calle 18 sentido Sur-Norte entre las carreras 142 y 137,PARADA EXTERNA, ,Pance,Corregimientos,Zona 1 - SUR,http://geoportal.metrocali.gov.co/fotos_paradas/511087_20190404101700.jpg,http://geoportal.metrocali.gov.co/fotos_paradas/511087_20190404101715.jpg,Metro Cali S.A. 22 de agosto de 2023,3.3221420739,-76.5348732349
1061627.9217,858247.2604,632,511134,Cl 36 entre Kr 146 y 148,Estación de servicio,Parada ubicada sobre la calle 36 sentido Norte-Sur junto a la entrada vehicular de la estación de servicio BIOMAX,PARADA EXTERNA, ,Pance,Corregimientos,Zona 1 - SUR,http://geoportal.metrocali.gov.co/fotos_paradas/511134_20190320103310.jpg,http://geoportal.metrocali.gov.co/fotos_paradas/511134_20190320103333.jpg,Metro Cali S.A. 22 de agosto de 2023,3.3142349177,-76.5230119239
1054311.0579,861648.655,633,511144,La Voragine Fin de ruta, ,Parada ubicada sobre la via que conduce de la entrada a La Voragine al Club del departamento frente al restaurante La Casa del Gallego,PARADA EXTERNA, ,Pance,Corregimientos,Zona 1 - SUR,http://geoportal.metrocali.gov.co/fotos_paradas/511144_20190425121621.jpg,http://geoportal.metrocali.gov.co/fotos_paradas/511144_20190425121640.jpg,Metro Cali S.A. 22 de agosto de 2023,3.3449876727,-76.5888416063
1054296.264,861692.6344,634,511145,La Voragine Inicio de ruta, ,Parada ubicada sobre un costado del Club del Departamento junto a las casetas de venta de frutas y jugos,PARADA EXTERNA, ,Pance,Corregimientos,Zona 1 - SUR,http://geoportal.metrocali.gov.co/fotos_paradas/511145_20190425121933.jpg,http://geoportal.metrocali.gov.co/fotos_paradas/511145_20190425121948.jpg,Metro Cali S.A. 22 de agosto de 2023,3.3453853222,-76.5889747342
1055312.4447,862020.8355,635,511146,EcoParque Pance 4a entrada_2,Vía La Voragine,Parada ubicada en la entrada al restaurante Los Guaduales de Pance. junto a la cuarta porteria del Ecoparque Río Pance sobre la vía que conduce a La Voragine en el corregimiento Pance,PARADA EXTERNA, ,Pance,Corregimientos,Zona 1 - SUR,http://geoportal.metrocali.gov.co/fotos_paradas/511146_20190425120445.jpg,http://geoportal.metrocali.gov.co/fotos_paradas/511146_20190425120508.jpg,Metro Cali S.A. 22 de agosto de 2023,3.3483535116,-76.5798323612
1063766.089,878147.0724,636,512122,Cl 74 entre Av 2B2 y 2B1, , ,PARADA EXTERNA, ,Brisas de Los Álamos,Comuna 02,Zona 2 - MENGA, , ,Metro Cali S.A. 22 de agosto de 2023,3.4941676836,-76.5037723775
1055991.5322,862009.3317,637,511147,EcoParque Pance 3a entrada_2,Vía La Voragine,Parada ubicada junto a la porteria de la tercera entrada al Ecoparque Río Pance sobre la vía que conduce a La Voragine en el corregimiento Pance,PARADA EXTERNA, ,Pance,Corregimientos,Zona 1 - SUR,http://geoportal.metrocali.gov.co/fotos_paradas/511147_20190425115714.jpg,http://geoportal.metrocali.gov.co/fotos_paradas/511147_20190425115728.jpg,Metro Cali S.A. 22 de agosto de 2023,3.3482498567,-76.5737226047
1056543.9369,862058.3878,638,511148,EcoParque Pance 2a entrada_2,Vía La Voragine,Parada ubicada junto a la porteria de la segunda entrada al Ecoparque Río Pance - Los Carboneros sobre la vía que conduce a La Voragine en el corregimiento Pance,PARADA EXTERNA, ,Pance,Corregimientos,Zona 1 - SUR,http://geoportal.metrocali.gov.co/fotos_paradas/511148_20190425115108.jpg,http://geoportal.metrocali.gov.co/fotos_paradas/511148_20190425115141.jpg,Metro Cali S.A. 22 de agosto de 2023,3.3486936843,-76.5687526413
1060454.6131,859587.8061,639,511180,Cl 18 entre Kr 130 y 137,Colegio Mayor San Francisco de Asís,Parada ubicada sobre la calle 18 sentido Norte-Sur entre las carreras 130 y 137 a un costado del colegio Mayor San Francisco de Asís,PARADA EXTERNA, ,Pance,Corregimientos,Zona 1 - SUR,http://geoportal.metrocali.gov.co/fotos_paradas/511180_20190404104848.jpg,http://geoportal.metrocali.gov.co/fotos_paradas/511180_20190404104901.jpg,Metro Cali S.A. 22 de agosto de 2023,3.3263559659,-76.5335679776
1060535.1158,860070.4499,640,511199,Cl 18 entre Kr 127 y 130_1,Tiendas D1,Parada ubicada sobre la calle 18 sentido Norte-Sur después de la intersección con la carrera 127C. a un costado de la Tienda D1 y frente al Colegio Luis Horacio Gómez,PARADA EXTERNA, ,Pance,Corregimientos,Zona 1 - SUR,http://geoportal.metrocali.gov.co/fotos_paradas/511199_20190404111058.jpg,http://geoportal.metrocali.gov.co/fotos_paradas/511199_20190404111111.jpg,Metro Cali S.A. 22 de agosto de 2023,3.330720012,-76.5328437649
1060380.5181,859376.8566,641,511201,Cl 18 con Kr 137_1,Sede Deportiva La Candela - América de Cali,Parada ubicada sobre la calle 18 sentido Norte-Sur después del cruce con la carrera 137 a un costados de las canchas del Boca Junior - La Candela,PARADA EXTERNA, ,Pance,Corregimientos,Zona 1 - SUR,http://geoportal.metrocali.gov.co/fotos_paradas/511201_20190404103051.jpg,http://geoportal.metrocali.gov.co/fotos_paradas/511201_20190404103107.jpg,Metro Cali S.A. 22 de agosto de 2023,3.3244485638,-76.5342345693
1060178.3615,858811.0802,642,511202,Cl 18 con Kr 142_1, ,Parada ubicada sobre la calle 18 sentido Norte-Sur frente a la intersección de la carrera 142 y junto a pórtico de acceso a lote,PARADA EXTERNA, ,Pance,Corregimientos,Zona 1 - SUR,http://geoportal.metrocali.gov.co/fotos_paradas/511202_20190404101101.jpg,http://geoportal.metrocali.gov.co/fotos_paradas/511202_20190404101115.jpg,Metro Cali S.A. 22 de agosto de 2023,3.3193328195,-76.5360532488
1060055.3057,858467.3531,643,511203,Cl 18 entre Kr 142 y 146,Frente a The British School,Parada ubicada sobre la calle 18 entre las carreras 146 y 142. frente al British School,PARADA EXTERNA, ,Pance,Corregimientos,Zona 1 - SUR,http://geoportal.metrocali.gov.co/fotos_paradas/511203_20190404100030.jpg,http://geoportal.metrocali.gov.co/fotos_paradas/511203_20190404100046.jpg,Metro Cali S.A. 22 de agosto de 2023,3.3162248408,-76.5371602977
1059733.5009,857515.9399,644,511204,Cl 18 - Comfandi Pance,Retorno,Parada ubicada en la calle 18 (Av. Cañasgordas)  sentido Sur-Norte. al costado del complejo recreacional Comfandi Pance. antes de la portería principal,PARADA EXTERNA, ,Pance,Corregimientos,Zona 1 - SUR,http://geoportal.metrocali.gov.co/fotos_paradas/511204_20190320083724.jpg,http://geoportal.metrocali.gov.co/fotos_paradas/511204_20190320083747.jpg,Metro Cali S.A. 22 de agosto de 2023,3.3076221645,-76.5400553136
1059806.8036,857718.3195,645,511206,Cl 18 con Kr 168_2,Centro Campestre Comfandi Pance,Parada ubicada en la calle 18 (Av. Cañasgordas)  sentido Sur-Norte. al costado del complejo recreacional Comfandi Pance. después de la portería principal y previo al cruce por la carrera 168,PARADA EXTERNA, ,Pance,Corregimientos,Zona 1 - SUR,http://geoportal.metrocali.gov.co/fotos_paradas/511206_20190320084437.jpg,http://geoportal.metrocali.gov.co/fotos_paradas/511206_20190320084451.jpg,Metro Cali S.A. 22 de agosto de 2023,3.3094520821,-76.5393958708
1060067.8296,858437.5309,646,511207,Cl 18 entre Kr 146 y 142,British School,Parada ubicada sobre la calle 18 entre las carreras 146 y 142. a un costado del British School,PARADA EXTERNA, ,Pance,Corregimientos,Zona 1 - SUR,http://geoportal.metrocali.gov.co/fotos_paradas/511207_20190404095501.jpg,http://geoportal.metrocali.gov.co/fotos_paradas/511207_20190404095535.jpg,Metro Cali S.A. 22 de agosto de 2023,3.3159551923,-76.5370476193
1060182.5932,858765.343,647,511208,Cl 18 con Kr 142_2, ,Parada ubicada sobre la calle 18 en sentido Sur-Norte. después del British School y llegando a la esquina de la intersección con la carrera 142,PARADA EXTERNA, ,Pance,Corregimientos,Zona 1 - SUR,http://geoportal.metrocali.gov.co/fotos_paradas/511208_20190404100552.jpg,http://geoportal.metrocali.gov.co/fotos_paradas/511208_20190404100614.jpg,Metro Cali S.A. 22 de agosto de 2023,3.318919267,-76.5360151709
1061639.8512,856383.5993,648,511221,Kr 168 con Cl 36,Entrada Comfandi Pance,Parada ubicada sobre la carrera 168 (Vía de acceso a Comfandi Pance) sentido Oriente-Occidente. aproximadamente a 50 metros de la calle 36,PARADA EXTERNA, ,Pance,Corregimientos,Zona 1 - SUR,http://geoportal.metrocali.gov.co/fotos_paradas/511221_20190320095550.jpg,http://geoportal.metrocali.gov.co/fotos_paradas/511221_20190320095608.jpg,Metro Cali S.A. 22 de agosto de 2023,3.2973838057,-76.5229045583
1060523.0715,859881.2126,649,511229,Cl 18 entre Kr 127 y 130_2,Frente al Colegio Coomeva,Parada ubicada sobre la calle 18 sentido Norte-Sur entre las carreras 127C y 130. frente al Colegio Coomeva,PARADA EXTERNA, ,Pance,Corregimientos,Zona 1 - SUR,http://geoportal.metrocali.gov.co/fotos_paradas/511229_20190404110019.jpg,http://geoportal.metrocali.gov.co/fotos_paradas/511229_20190404110033.jpg,Metro Cali S.A. 22 de agosto de 2023,3.3290089382,-76.5329521042
1059937.3899,858131.0694,650,511236,Cl 18 entre Kr 152 y 156, ,Parada ubicada sobre la calle 18 sentido Norte-Sur aproximadamente a 60 metros de la intersección con la carrera 148,PARADA EXTERNA, ,Pance,Corregimientos,Zona 1 - SUR,http://geoportal.metrocali.gov.co/fotos_paradas/511236_20190410112325.jpg,http://geoportal.metrocali.gov.co/fotos_paradas/511236_20190410112345.jpg,Metro Cali S.A. 22 de agosto de 2023,3.3131841646,-76.5382210979
1059833.2747,857843.6196,651,511244,Cl 18 con Kr 159_1, ,Parada ubicada sobre la calle 18 en sentido Norte-Sur después de la intersección con carrera 159. diagonal al club de tenis Marcetennis,PARADA EXTERNA, ,Pance,Corregimientos,Zona 1 - SUR,http://geoportal.metrocali.gov.co/fotos_paradas/511244_20190404094350.jpg,http://geoportal.metrocali.gov.co/fotos_paradas/511244_20190404094410.jpg,Metro Cali S.A. 22 de agosto de 2023,3.3105850428,-76.5391577407
1059868.0833,857889.0197,652,511245,Cl 18 con Kr 159_2, ,Parada ubicada sobre la calle 18 en sentido Sur-Norte después de la intersección con carrera 159. diagonal al club de tenis Marcetennis,PARADA EXTERNA, ,Pance,Corregimientos,Zona 1 - SUR,http://geoportal.metrocali.gov.co/fotos_paradas/511245_20190404094812.jpg,http://geoportal.metrocali.gov.co/fotos_paradas/511245_20190404094828.jpg,Metro Cali S.A. 22 de agosto de 2023,3.3109955539,-76.5388445872
1059954.0815,858128.0031,653,511246,Cl 18 con Kr 154, ,Parada ubicada sobre la calle 18 entre las carreras 159 y 154 sentido Sur-Norte aproximadamente a 30 metros de la intersección con la carrera 154,PARADA EXTERNA, ,Pance,Corregimientos,Zona 1 - SUR,http://geoportal.metrocali.gov.co/fotos_paradas/511246_20190410112728.jpg,http://geoportal.metrocali.gov.co/fotos_paradas/511246_20190410112759.jpg,Metro Cali S.A. 22 de agosto de 2023,3.3131564421,-76.5380709284
1059785.5426,857711.139,654,511247,Cl 18 con Kr 168_1,Centro Campestre Comfandi Pance,Parada ubicada sobre la calle 18 en sentido Norte-Sur. frente a la unidad recreativa Comfandi Pance junto a la intersección con la carrera 168,PARADA EXTERNA, ,Pance,Corregimientos,Zona 1 - SUR,http://geoportal.metrocali.gov.co/fotos_paradas/511247_20190404093202.jpg,http://geoportal.metrocali.gov.co/fotos_paradas/511247_20190404093217.jpg,Metro Cali S.A. 22 de agosto de 2023,3.3093871526,-76.5395871473
1061655.2762,858731.6181,655,511248,Cl 36 entre Kr 141 y 143,Cerca a la sede Deportiva Cascajal - América de Cali,Parada ubicada en la berma sobre la calle 36 sentido Norte-Sur. diagonal a vivero,PARADA EXTERNA, ,Pance,Corregimientos,Zona 1 - SUR,http://geoportal.metrocali.gov.co/fotos_paradas/511248_20190320104649.jpg,http://geoportal.metrocali.gov.co/fotos_paradas/511248_20190320104701.jpg,Metro Cali S.A. 22 de agosto de 2023,3.3186144517,-76.5227658336
1061651.03,857992.2825,656,511337,Cl 36 con Kr 148,Camposanto Metropolitano del Sur,Parada ubicada sobre la calle 36 sentido Norte-Sur sobre un costado del Cementerio Metropolitano del Sur. junto a puente peatonal,PARADA EXTERNA, ,Pance,Corregimientos,Zona 1 - SUR,http://geoportal.metrocali.gov.co/fotos_paradas/511337_20190320102448.jpg,http://geoportal.metrocali.gov.co/fotos_paradas/511337_20190320102500.jpg,Metro Cali S.A. 22 de agosto de 2023,3.3119294233,-76.5228040204
1060685.4879,856872.3023,657,511338,Kr 168 con Cl 25,Centro Campestre Comfandi Pance,Parada ubicada en zona de parqueo exterior por la porteria trasera del centro recreativo Comfandi Pance  a un costado de la carrera 168,PARADA EXTERNA, ,Pance,Corregimientos,Zona 1 - SUR,http://geoportal.metrocali.gov.co/fotos_paradas/511338_20190410114159.jpg,http://geoportal.metrocali.gov.co/fotos_paradas/511338_20190410114211.jpg,Metro Cali S.A. 22 de agosto de 2023,3.301802569,-76.5314905737
1057314.8144,862133.0861,658,511382,Hecienda la Rivera EMCALI_2,Vía La Voragine,Parada ubicada junto al portón de la Planta La Rivera - EMCALI sobre la vía que conduce a La Voragine en el corregimiento Pance,PARADA EXTERNA, ,Pance,Corregimientos,Zona 1 - SUR,http://geoportal.metrocali.gov.co/fotos_paradas/511382_20190425113448.jpg,http://geoportal.metrocali.gov.co/fotos_paradas/511382_20190425113504.jpg,Metro Cali S.A. 22 de agosto de 2023,3.3493694285,-76.5618170815
1061787.0622,878135.1612,659,512018,Cl 70 entre Av 6N y 4N,Parque del Amor, ,PARADA EXTERNA, ,Área en Desarrollo - Parque del Amor,Comuna 02,Zona 2 - MENGA, , ,Metro Cali S.A. 22 de agosto de 2023,3.4940601311,-76.5215803747
1061715.2008,877528.2694,660,512045,Cl 52N con Av 5B, , ,PARADA EXTERNA, ,Área en Desarrollo - Parque del Amor,Comuna 02,Zona 2 - MENGA, , ,Metro Cali S.A. 22 de agosto de 2023,3.4885726512,-76.522227
1061930.019,877451.8476,661,512047,Cl 52N entre Av 4 y 4B, , ,PARADA EXTERNA, ,Área en Desarrollo - Parque del Amor,Comuna 02,Zona 2 - MENGA, , ,Metro Cali S.A. 22 de agosto de 2023,3.4878816505,-76.520294
1061567.062,877583.0147,662,512048,Cl 52N entre Av 5B y 6,Unidad Residencial Patios de la Flora, ,PARADA EXTERNA, ,Área en Desarrollo - Parque del Amor,Comuna 02,Zona 2 - MENGA, , ,Metro Cali S.A. 22 de agosto de 2023,3.4890676517,-76.52356
1061517.0216,877695.0332,663,512123,Av 6N entre Cl 52 y 58,Unidad Residencial Patios de la Flora, ,PARADA EXTERNA, ,Área en Desarrollo - Parque del Amor,Comuna 02,Zona 2 - MENGA, , ,Metro Cali S.A. 22 de agosto de 2023,3.4900805143,-76.5240102826
1061582.4302,877978.8553,664,512209,Av 6 entre Cl 52N y 67N P2,Centro Empresa, ,PARADA EXTERNA, ,Área en Desarrollo - Parque del Amor,Comuna 02,Zona 2 - MENGA, , ,Metro Cali S.A. 22 de agosto de 2023,3.4926468188,-76.5234217228
1062151.282,877858.0664,665,512221,Av 4 entre Cl 67N y 64N, , ,PARADA EXTERNA, ,Área en Desarrollo - Parque del Amor,Comuna 02,Zona 2 - MENGA, , ,Metro Cali S.A. 22 de agosto de 2023,3.4915546542,-76.518303
1062060.0433,877607.3454,666,512222,Av 4 con Cl 58N, , ,PARADA EXTERNA, ,Área en Desarrollo - Parque del Amor,Comuna 02,Zona 2 - MENGA, , ,Metro Cali S.A. 22 de agosto de 2023,3.4892876519,-76.519124
1062062.5487,878048.4723,667,513262,Cl 70 entre Av 6N y 4N, , ,PARADA EXTERNA, ,Área en Desarrollo - Parque del Amor,Comuna 02,Zona 2 - MENGA, , ,Metro Cali S.A. 22 de agosto de 2023,3.4932762947,-76.5191014492
1061578.1932,877946.0906,668,513264,Av 6 entre Cl 52N y 67N P1,Centro Empresa, ,PARADA EXTERNA, ,Área en Desarrollo - Parque del Amor,Comuna 02,Zona 2 - MENGA, , ,Metro Cali S.A. 22 de agosto de 2023,3.4923505622,-76.5234598478
1064126.0856,878139.335,669,512028,Cl 75CN entre Av 2A y 2A Bis, , ,PARADA EXTERNA, ,Brisas de Los Álamos,Comuna 02,Zona 2 - MENGA, , ,Metro Cali S.A. 22 de agosto de 2023,3.4940976601,-76.5005329996
1063990.4017,878265.2607,670,512029,Cl 75CN entre Av 2ABis y 2B, , ,PARADA EXTERNA, ,Brisas de Los Álamos,Comuna 02,Zona 2 - MENGA, , ,Metro Cali S.A. 22 de agosto de 2023,3.4952362973,-76.5017539096
1063689.5746,877909.0648,671,512032,Av 2B entre Cl 73N y Av 2B1,Parque Infantil, ,PARADA EXTERNA, ,Brisas de Los Álamos,Comuna 02,Zona 2 - MENGA, , ,Metro Cali S.A. 22 de agosto de 2023,3.492015645,-76.5044609184
1063475.3817,877691.1393,672,512033,Av 2AN entre Cl 71N y 70N, , ,PARADA EXTERNA, ,Brisas de Los Álamos,Comuna 02,Zona 2 - MENGA, , ,Metro Cali S.A. 22 de agosto de 2023,3.4900452064,-76.5063883285
1063612.5057,877965.328,673,512062,Cl 73 entre Av 2B3 y 2B2N, , ,PARADA EXTERNA, ,Brisas de Los Álamos,Comuna 02,Zona 2 - MENGA, , ,Metro Cali S.A. 22 de agosto de 2023,3.492524385,-76.5051544023
1063755.433,878191.3769,674,512064,Cl 74N entre Av 2BN y 2CN,Unidad residencial, ,PARADA EXTERNA, ,Brisas de Los Álamos,Comuna 02,Zona 2 - MENGA, , ,Metro Cali S.A. 22 de agosto de 2023,3.494568284,-76.503868257
1063709.2569,877989.9033,675,512065,Cl 73Bis N con Av 2B1, , ,PARADA EXTERNA, ,Brisas de Los Álamos,Comuna 02,Zona 2 - MENGA, , ,Metro Cali S.A. 22 de agosto de 2023,3.4927465789,-76.5042837977
1063969.8762,878120.2631,676,512089,Cl 75 entre Av 2B y 2A,Parque, ,PARADA EXTERNA, ,Brisas de Los Álamos,Comuna 02,Zona 2 - MENGA, , ,Metro Cali S.A. 22 de agosto de 2023,3.4939252414,-76.5019386315
1064103.5006,878062.7864,677,512090,Av 2N entre Cl 75A y 75BN,Caseta de vigilancia, ,PARADA EXTERNA, ,Brisas de Los Álamos,Comuna 02,Zona 2 - MENGA, , ,Metro Cali S.A. 22 de agosto de 2023,3.4934055161,-76.5007362422
1064220.792,878206.6773,678,512091,Av 2N entre Cl 75CN y 75DN, , ,PARADA EXTERNA, ,Brisas de Los Álamos,Comuna 02,Zona 2 - MENGA, , ,Metro Cali S.A. 22 de agosto de 2023,3.4947065464,-76.4996807839
1064277.6673,878306.3316,679,512092,Av 2A con Cl 75HN,Conjunto Cerrado Guadalupe, ,PARADA EXTERNA, ,Brisas de Los Álamos,Comuna 02,Zona 2 - MENGA, , ,Metro Cali S.A. 22 de agosto de 2023,3.4956076033,-76.4991689788
1063861.735,878343.8369,680,512093,Av 2CN entre Cl 75C y 75,Unidad residencial, ,PARADA EXTERNA, ,Brisas de Los Álamos,Comuna 02,Zona 2 - MENGA, , ,Metro Cali S.A. 22 de agosto de 2023,3.4959468009,-76.502911687
1063820.6742,878043.7108,681,512187,Cl 74 entre Av 2B1 y 2B, , ,PARADA EXTERNA, ,Brisas de Los Álamos,Comuna 02,Zona 2 - MENGA, , ,Metro Cali S.A. 22 de agosto de 2023,3.4932330854,-76.5032812173
1063467.6718,878009.104,682,512215,Cl 73 entre Av 2C y 2B6, , ,PARADA EXTERNA, ,Brisas de Los Álamos,Comuna 02,Zona 2 - MENGA, , ,Metro Cali S.A. 22 de agosto de 2023,3.4929202253,-76.5064576618
1063403.0834,877675.9812,683,513253,Cl 70 entre Av 2BN y 3N P1, , ,PARADA EXTERNA, ,Brisas de Los Álamos,Comuna 02,Zona 2 - MENGA, , ,Metro Cali S.A. 22 de agosto de 2023,3.4899081573,-76.5070388938
1063360.4552,877689.0543,684,513256,Cl 70 entre Av 2BN y 3N P2, , ,PARADA EXTERNA, ,Brisas de Los Álamos,Comuna 02,Zona 2 - MENGA, , ,Metro Cali S.A. 22 de agosto de 2023,3.4900263688,-76.5074224744
1060380.6945,873828.8903,685,512001,Av 2A entre Cl 12N y 10N P1,Plazoleta Jairo Varela - CAM, ,PARADA EXTERNA, ,Centenario,Comuna 02,Zona 2 - MENGA, , ,Metro Cali S.A. 22 de agosto de 2023,3.4551229891,-76.5342348169
1060352.5618,873808.9059,686,512009,Av 2A entre Cl 12N y 10N P2,Plazoleta Jairo Varela - CAM, ,PARADA EXTERNA, ,Centenario,Comuna 02,Zona 2 - MENGA, , ,Metro Cali S.A. 22 de agosto de 2023,3.4549422876,-76.534487952
1059831.5558,873486.7365,687,512101,Av 2N entre Av 1 y Cl 4,Auto Sura, ,PARADA EXTERNA, ,Centenario,Comuna 02,Zona 2 - MENGA, , ,Metro Cali S.A. 22 de agosto de 2023,3.4520291709,-76.5391759017
1060305.3605,873857.665,688,512103,Av 4 entre Cl 10N y 12N,Plazoleta Jairo Varela, ,PARADA EXTERNA, ,Centenario,Comuna 02,Zona 2 - MENGA, , ,Metro Cali S.A. 22 de agosto de 2023,3.4553831582,-76.5349126754
1060061.6706,873471.6783,689,513003,Av 1N entre Cl 7 y 6,Bellas Artes, ,PARADA EXTERNA, ,Centenario,Comuna 02,Zona 2 - MENGA, , ,Metro Cali S.A. 22 de agosto de 2023,3.4518930538,-76.5371053351
1060120.2019,873757.1333,690,519163,Cl 8 entre Av 3 y 4,Centro Comercial Centenario, ,PARADA EXTERNA, ,Centenario,Comuna 02,Zona 2 - MENGA, , ,Metro Cali S.A. 22 de agosto de 2023,3.4544741299,-76.5365787161
1061110.991,875831.1627,691,512005,Av 6A con Cl 35N P1,World Trade Center, ,PARADA EXTERNA, ,Chipichape,Comuna 02,Zona 2 - MENGA, , ,Metro Cali S.A. 22 de agosto de 2023,3.4732274883,-76.5276637505
1061217.7742,876219.4257,692,513015,Av 6 entre Cl 38N y 36N P1,Almacén Éxito - Centro Comercial Chipichape, ,PARADA EXTERNA, ,Chipichape,Comuna 02,Zona 2 - MENGA, , ,Metro Cali S.A. 22 de agosto de 2023,3.4767381459,-76.5267029206
1061351.5198,876567.0602,693,513269,Av 6 entre Cl 41N y 40N P1, , ,PARADA EXTERNA, ,Chipichape,Comuna 02,Zona 2 - MENGA, , ,Metro Cali S.A. 22 de agosto de 2023,3.4798814433,-76.5254994679
1063183.829,877609.608,694,500100,MENGA C1, , ,TERMINAL,AVENIDA 3,Ciudad de Los Álamos,Comuna 02,Zona 2 - MENGA, , ,Metro Cali S.A. 22 de agosto de 2023,3.4893080408,-76.5090118225
1063220.2441,877597.1035,695,500101,MENGA C2, , ,TERMINAL,AVENIDA 3,Ciudad de Los Álamos,Comuna 02,Zona 2 - MENGA, , ,Metro Cali S.A. 22 de agosto de 2023,3.4891949718,-76.5086841494
1063259.1088,877583.7578,696,500102,MENGA C3, , ,TERMINAL,AVENIDA 3,Ciudad de Los Álamos,Comuna 02,Zona 2 - MENGA, , ,Metro Cali S.A. 22 de agosto de 2023,3.4890742964,-76.5083344342
1063296.8131,877570.8107,697,500103,MENGA C4, , ,TERMINAL,AVENIDA 3,Ciudad de Los Álamos,Comuna 02,Zona 2 - MENGA, , ,Metro Cali S.A. 22 de agosto de 2023,3.488957225,-76.5079951607
1063305.1526,877608.4638,698,500104,MENGA B1, , ,TERMINAL,AVENIDA 3,Ciudad de Los Álamos,Comuna 02,Zona 2 - MENGA, , ,Metro Cali S.A. 22 de agosto de 2023,3.4892976811,-76.5079201147
1063261.8236,877623.0408,699,500105,MENGA B2, , ,TERMINAL,AVENIDA 3,Ciudad de Los Álamos,Comuna 02,Zona 2 - MENGA, , ,Metro Cali S.A. 22 de agosto de 2023,3.4894294906,-76.508310001
1063228.0934,877634.3886,700,500106,MENGA B3, , ,TERMINAL,AVENIDA 3,Ciudad de Los Álamos,Comuna 02,Zona 2 - MENGA, , ,Metro Cali S.A. 22 de agosto de 2023,3.4895321006,-76.5086135147
1063195.8415,877645.239,701,500107,MENGA B4, , ,TERMINAL,AVENIDA 3,Ciudad de Los Álamos,Comuna 02,Zona 2 - MENGA, , ,Metro Cali S.A. 22 de agosto de 2023,3.4896302129,-76.5089037263
1063290.2828,877626.8681,702,500108,MENGA A1, , ,TERMINAL,AVENIDA 3,Ciudad de Los Álamos,Comuna 02,Zona 2 - MENGA, , ,Metro Cali S.A. 22 de agosto de 2023,3.4894640935,-76.5080539156
1063276.5336,877631.3338,703,500109,MENGA A2, , ,TERMINAL,AVENIDA 3,Ciudad de Los Álamos,Comuna 02,Zona 2 - MENGA, , ,Metro Cali S.A. 22 de agosto de 2023,3.4895044737,-76.5081776348
1063258.8187,877637.8019,704,500110,MENGA A3, , ,TERMINAL,AVENIDA 3,Ciudad de Los Álamos,Comuna 02,Zona 2 - MENGA, , ,Metro Cali S.A. 22 de agosto de 2023,3.4895629599,-76.5083370383
1063239.8777,877644.3839,705,500111,MENGA A4, , ,TERMINAL,AVENIDA 3,Ciudad de Los Álamos,Comuna 02,Zona 2 - MENGA, , ,Metro Cali S.A. 22 de agosto de 2023,3.4896224761,-76.5085074746
1063714.3768,877448.7557,706,512014,Av 2A con Cl 67N,Portal del Río, ,PARADA EXTERNA, ,Ciudad de Los Álamos,Comuna 02,Zona 2 - MENGA, , ,Metro Cali S.A. 22 de agosto de 2023,3.4878535539,-76.5042378116
1063747.6606,877521.7692,707,512019,Cl 70 con Av 2N,Puente Río Cali, ,PARADA EXTERNA, ,Ciudad de Los Álamos,Comuna 02,Zona 2 - MENGA, , ,Metro Cali S.A. 22 de agosto de 2023,3.4885137324,-76.5039383023
1062962.7823,877441.6004,708,512034,Av 3 entre Cl 59N y 61AN, , ,PARADA EXTERNA, ,Ciudad de Los Álamos,Comuna 02,Zona 2 - MENGA, , ,Metro Cali S.A. 22 de agosto de 2023,3.4877889482,-76.5110008856
1063537.7312,876996.3232,709,512035,Av 2N entre Cl 57AN y 57N,Sector Ciudadela Alamos, ,PARADA EXTERNA, ,Ciudad de Los Álamos,Comuna 02,Zona 2 - MENGA, , ,Metro Cali S.A. 22 de agosto de 2023,3.4837627122,-76.5058273855
1062731.0328,877077.5499,710,512081,Av 3N entre Cl 52 y 55,Conexión con la estación Álamos, ,PARADA EXTERNA, ,Ciudad de Los Álamos,Comuna 02,Zona 2 - MENGA, , ,Metro Cali S.A. 22 de agosto de 2023,3.4844972441,-76.5130862631
1063398.8149,877202.0457,711,512085,Av 2C entre Cl 60 y 59AN, , ,PARADA EXTERNA, ,Ciudad de Los Álamos,Comuna 02,Zona 2 - MENGA, , ,Metro Cali S.A. 22 de agosto de 2023,3.4856228613,-76.5070773642
1063293.8824,877119.1966,712,512086,Av 2D entre Cl 57BN y 57AN, , ,PARADA EXTERNA, ,Ciudad de Los Álamos,Comuna 02,Zona 2 - MENGA, , ,Metro Cali S.A. 22 de agosto de 2023,3.4848737577,-76.5080215861
1063185.2743,877030.1572,713,512087,Av 2E entre Cl 55BN y 55AN, , ,PARADA EXTERNA, ,Ciudad de Los Álamos,Comuna 02,Zona 2 - MENGA, , ,Metro Cali S.A. 22 de agosto de 2023,3.4840686811,-76.5089988812
1063595.7798,877274.4622,714,512124,Cl 62A entre Av 2N y 2B,Ciudadela los Álamos, ,PARADA EXTERNA, ,Ciudad de Los Álamos,Comuna 02,Zona 2 - MENGA, , ,Metro Cali S.A. 22 de agosto de 2023,3.4862776202,-76.5053050084
1062857.0213,876904.5513,715,512134,Cl 52 entre Av 2G y 2H, , ,PARADA EXTERNA, ,Ciudad de Los Álamos,Comuna 02,Zona 2 - MENGA, , ,Metro Cali S.A. 22 de agosto de 2023,3.4829329915,-76.5119525989
1063042.6714,877067.1173,716,512144,Cl 55N entre Av 2F y 2H,Centro Comercial Pacara, ,PARADA EXTERNA, ,Ciudad de Los Álamos,Comuna 02,Zona 2 - MENGA, , ,Metro Cali S.A. 22 de agosto de 2023,3.4844028869,-76.5102820562
1063119.6611,877241.4927,717,512153,Av 2GN entre Cl 57 y 57A, , ,PARADA EXTERNA, ,Ciudad de Los Álamos,Comuna 02,Zona 2 - MENGA, , ,Metro Cali S.A. 22 de agosto de 2023,3.4859795711,-76.509589264
1063656.1257,877167.2246,718,512181,Av 2N entre Cl 62AN y 62N,Sector Ciudadela Alamos, ,PARADA EXTERNA, ,Ciudad de Los Álamos,Comuna 02,Zona 2 - MENGA, , ,Metro Cali S.A. 22 de agosto de 2023,3.4853079753,-76.504762015
1063208.335,877321.6493,719,512184,Av 2G entre Cl 59N y 60N,Unidad Recreativa Rincon de Pacara, ,PARADA EXTERNA, ,Ciudad de Los Álamos,Comuna 02,Zona 2 - MENGA, , ,Metro Cali S.A. 22 de agosto de 2023,3.4867043327,-76.5087913422
1063155.8663,877412.5723,720,512185,Cl 61 entre Av 2GN y 2BN,Unidad residencial Santa Angela, ,PARADA EXTERNA, ,Ciudad de Los Álamos,Comuna 02,Zona 2 - MENGA, , ,Metro Cali S.A. 22 de agosto de 2023,3.4875264588,-76.5092634609
1063047.4756,877602.4035,721,512186,Av 3N entre Cl 61A y 70, , ,PARADA EXTERNA, ,Ciudad de Los Álamos,Comuna 02,Zona 2 - MENGA, , ,Metro Cali S.A. 22 de agosto de 2023,3.4892429123,-76.510238774
1063463.9212,877610.8903,722,513254,Cl 70 entre Av 2Bis y 2N,Conjunto Residencial Balcones de Valdepeñas, ,PARADA EXTERNA, ,Ciudad de Los Álamos,Comuna 02,Zona 2 - MENGA, , ,Metro Cali S.A. 22 de agosto de 2023,3.4893196013,-76.5064914646
1060932.8505,877182.2747,723,512158,Av 8 entre Cl 50 y 49, , ,PARADA EXTERNA, ,El Bosque,Comuna 02,Zona 2 - MENGA, , ,Metro Cali S.A. 22 de agosto de 2023,3.4854441487,-76.5292668
1061249.7228,877073.6299,724,512171,Cl 47 entre Av 6N y 6AN,Panadería KUTY, ,PARADA EXTERNA, ,El Bosque,Comuna 02,Zona 2 - MENGA, , ,Metro Cali S.A. 22 de agosto de 2023,3.484461811,-76.5264154885
1061058.9979,877073.4304,725,512172,Cl 47 con Av 7N, , ,PARADA EXTERNA, ,El Bosque,Comuna 02,Zona 2 - MENGA, , ,Metro Cali S.A. 22 de agosto de 2023,3.4844599951,-76.5281316824
1060906.2488,877258.7266,726,512173,Av 8 entre Cl 50N y 51N, , ,PARADA EXTERNA, ,El Bosque,Comuna 02,Zona 2 - MENGA, , ,Metro Cali S.A. 22 de agosto de 2023,3.4861354203,-76.5295061756
1061184.3493,877059.2069,727,512189,Cl 47 entre Av 7N y 6N, , ,PARADA EXTERNA, ,El Bosque,Comuna 02,Zona 2 - MENGA, , ,Metro Cali S.A. 22 de agosto de 2023,3.4843313953,-76.527003736
1060897.1564,877360.6108,728,512224,Cl 53N entre Av 8 y 7, , ,PARADA EXTERNA, ,El Bosque,Comuna 02,Zona 2 - MENGA, , ,Metro Cali S.A. 22 de agosto de 2023,3.4870566502,-76.529588
1061315.8328,877411.6117,729,513265,Av 6N entre Cl 49 y 48,Las Vallas, ,PARADA EXTERNA, ,El Bosque,Comuna 02,Zona 2 - MENGA, , ,Metro Cali S.A. 22 de agosto de 2023,3.4875178258,-76.52582063
1061304.3681,876996.7729,730,513267,Av 6N entre Cl 47 y 44B,Panadería Kuty, ,PARADA EXTERNA, ,El Bosque,Comuna 02,Zona 2 - MENGA, , ,Metro Cali S.A. 22 de agosto de 2023,3.4837668775,-76.5259237715
1060697.7405,874419.3177,731,512072,Av 6N entre Cl 16 y 18,Oasis de la 6N, ,PARADA EXTERNA, ,Granada,Comuna 02,Zona 2 - MENGA, , ,Metro Cali S.A. 22 de agosto de 2023,3.4604616351,-76.5313821003
1060467.4041,874092.5212,732,512104,Av 6 entre Cl 13N y 15N,Edificio Univalle, ,PARADA EXTERNA, ,Granada,Comuna 02,Zona 2 - MENGA, , ,Metro Cali S.A. 22 de agosto de 2023,3.4575067348,-76.5334546368
1060781.2727,874136.6444,733,512133,Av 3 entre Cl 17N y 15N,Conexión con la estación Torre de Cali, ,PARADA EXTERNA, ,Granada,Comuna 02,Zona 2 - MENGA, , ,Metro Cali S.A. 22 de agosto de 2023,3.4579057283,-76.5306304472
1060827.4449,874253.9753,734,519167,Av 4 entre Cl 17N y 18N, , ,PARADA EXTERNA, ,Granada,Comuna 02,Zona 2 - MENGA, , ,Metro Cali S.A. 22 de agosto de 2023,3.4589666317,-76.530215
1061538.9875,876732.419,735,512039,Cl 44 entre Av 4BN y 6N, , ,PARADA EXTERNA, ,La Flora,Comuna 02,Zona 2 - MENGA, , ,Metro Cali S.A. 22 de agosto de 2023,3.4813766149,-76.5238125965
1061338.8341,877027.969,736,512040,Av 6 entre Cl 45N y 47N P2,Frente a Panadería Kuty, ,PARADA EXTERNA, ,La Flora,Comuna 02,Zona 2 - MENGA, , ,Metro Cali S.A. 22 de agosto de 2023,3.4840489525,-76.5256136389
1061340.7294,877318.5363,737,512041,Av 6 entre Cl 48N y 49N,Frente a Las Vallas, ,PARADA EXTERNA, ,La Flora,Comuna 02,Zona 2 - MENGA, , ,Metro Cali S.A. 22 de agosto de 2023,3.4866762448,-76.5255965985
1061697.3085,877500.3993,738,512042,Cl 52N entre Av 5A y 5, , ,PARADA EXTERNA, ,La Flora,Comuna 02,Zona 2 - MENGA, , ,Metro Cali S.A. 22 de agosto de 2023,3.4883206509,-76.522388
1061963.8032,877400.8629,739,512043,Cl 52N entre Av 4A y 4,Don Jacobo, ,PARADA EXTERNA, ,La Flora,Comuna 02,Zona 2 - MENGA, , ,Metro Cali S.A. 22 de agosto de 2023,3.48742065,-76.51999
1061557.8109,876702.4522,740,512130,Cl 44 entre Av 5N y 4N, , ,PARADA EXTERNA, ,La Flora,Comuna 02,Zona 2 - MENGA, , ,Metro Cali S.A. 22 de agosto de 2023,3.4811056575,-76.5236432182
1061402.4753,877535.3486,741,512140,Av 6 entre Cl 50N y 52N, , ,PARADA EXTERNA, ,La Flora,Comuna 02,Zona 2 - MENGA, , ,Metro Cali S.A. 22 de agosto de 2023,3.4886366514,-76.525041
1061368.3554,877059.7867,742,512160,Cl 47N entre Av 6 y 5C, , ,PARADA EXTERNA, ,La Flora,Comuna 02,Zona 2 - MENGA, , ,Metro Cali S.A. 22 de agosto de 2023,3.4843366473,-76.525348
1061665.1901,876980.8202,743,512161,Cl 47N entre Av 5A y 4A,Parque de la Flora, ,PARADA EXTERNA, ,La Flora,Comuna 02,Zona 2 - MENGA, , ,Metro Cali S.A. 22 de agosto de 2023,3.4836226466,-76.522677
1061777.6563,876952.618,744,512169,Cl 47N entre Av 4 y 4A, , ,PARADA EXTERNA, ,La Flora,Comuna 02,Zona 2 - MENGA, , ,Metro Cali S.A. 22 de agosto de 2023,3.4833676463,-76.521665
1061531.2756,877040.8741,745,512170,Cl 47 entre Av 5A y 5B,Parque de la Flora, ,PARADA EXTERNA, ,La Flora,Comuna 02,Zona 2 - MENGA, , ,Metro Cali S.A. 22 de agosto de 2023,3.4841656471,-76.523882
1061889.678,877131.2302,746,512190,Av 4 con Cl 48N, , ,PARADA EXTERNA, ,La Flora,Comuna 02,Zona 2 - MENGA, , ,Metro Cali S.A. 22 de agosto de 2023,3.4849826478,-76.520657
1061342.6894,877365.1816,747,512207,Av 6 con Cl 49N,Frente a Las Vallas, ,PARADA EXTERNA, ,La Flora,Comuna 02,Zona 2 - MENGA, , ,Metro Cali S.A. 22 de agosto de 2023,3.4870980089,-76.5255789641
1061247.1573,876089.6606,748,512213,Av 6 entre Cl 37AN y 37BN P1,Frente al centro Comercial Chipichape, ,PARADA EXTERNA, ,La Flora,Comuna 02,Zona 2 - MENGA, , ,Metro Cali S.A. 22 de agosto de 2023,3.4755648193,-76.5264385185
1061388.0165,876543.7039,749,512214,Av 6 entre Cl 40N y 42N P2, , ,PARADA EXTERNA, ,La Flora,Comuna 02,Zona 2 - MENGA, , ,Metro Cali S.A. 22 de agosto de 2023,3.4796702587,-76.5251710614
1061966.137,877340.8094,750,512223,Av 4 entre Cl 52N y 50N, , ,PARADA EXTERNA, ,La Flora,Comuna 02,Zona 2 - MENGA, , ,Metro Cali S.A. 22 de agosto de 2023,3.4868776495,-76.519969
1061241.8293,876115.3049,751,513016,Av 6 entre Cl 37AN y 37BN P2,Frente al centro Comercial Chipichape, ,PARADA EXTERNA, ,La Flora,Comuna 02,Zona 2 - MENGA, , ,Metro Cali S.A. 22 de agosto de 2023,3.4757966932,-76.5264864623
1061346.8316,876989.0937,752,513268,Av 6 entre Cl 45N y 47N P1,Frente a Panadería Kuty, ,PARADA EXTERNA, ,La Flora,Comuna 02,Zona 2 - MENGA, , ,Metro Cali S.A. 22 de agosto de 2023,3.4836974448,-76.5255416735
1061375.641,876509.0861,753,513270,Av 6 entre Cl 40N y 42N P1, , ,PARADA EXTERNA, ,La Flora,Comuna 02,Zona 2 - MENGA, , ,Metro Cali S.A. 22 de agosto de 2023,3.479357246,-76.5252824174
1061549.0421,877950.8771,754,512210,Av 6 con Cl 67N P2,DELIMA MARSH, ,PARADA EXTERNA, ,Menga,Comuna 02,Zona 2 - MENGA, , ,Metro Cali S.A. 22 de agosto de 2023,3.4923938406,-76.5237221596
1062000.5993,875961.8399,755,502450,PRADOS DEL NORTE A1, , ,ESTACIÓN,AVENIDA 3,Prados del Norte,Comuna 02,Zona 2 - MENGA, , ,Metro Cali S.A. 22 de agosto de 2023,3.4744090899,-76.5196589097
1062016.8605,875978.0251,756,502451,PRADOS DEL NORTE B1, , ,ESTACIÓN,AVENIDA 3,Prados del Norte,Comuna 02,Zona 2 - MENGA, , ,Metro Cali S.A. 22 de agosto de 2023,3.4745554354,-76.5195125885
1061739.6242,875499.706,757,512021,Av 3N entre Cl 32A y 33,Clinica SaludCoop, ,PARADA EXTERNA, ,Prados del Norte,Comuna 02,Zona 2 - MENGA, , ,Metro Cali S.A. 22 de agosto de 2023,3.4702305021,-76.5220072025
1061738.9954,875546.8367,758,512022,Av 3N entre Cl 31 y 30,Antigüo Rumbodromo, ,PARADA EXTERNA, ,Prados del Norte,Comuna 02,Zona 2 - MENGA, , ,Metro Cali S.A. 22 de agosto de 2023,3.4706566551,-76.5220128612
1061577.4454,875673.6116,759,512054,Cl 34 entre Av 3CN y 4N, , ,PARADA EXTERNA, ,Prados del Norte,Comuna 02,Zona 2 - MENGA, , ,Metro Cali S.A. 22 de agosto de 2023,3.4718029428,-76.5234665139
1061985.7529,875481.9698,760,512105,Cl 34 entre Av 2E y 2BN,Cancha de Futbol 5, ,PARADA EXTERNA, ,Prados del Norte,Comuna 02,Zona 2 - MENGA, , ,Metro Cali S.A. 22 de agosto de 2023,3.4700701332,-76.5197925037
1062002.1018,875499.1392,761,512115,Cl 34 entre Av 2B y 2F, , ,PARADA EXTERNA, ,Prados del Norte,Comuna 02,Zona 2 - MENGA, , ,Metro Cali S.A. 22 de agosto de 2023,3.4702253778,-76.519645394
1061369.9742,874762.2727,762,502400,LAS AMÉRICAS A1, , ,ESTACIÓN,AVENIDA 3,San Vicente,Comuna 02,Zona 2 - MENGA, , ,Metro Cali S.A. 22 de agosto de 2023,3.4635626634,-76.5253333292
1061385.9015,874776.6662,763,502401,LAS AMÉRICAS B1, , ,ESTACIÓN,AVENIDA 3,San Vicente,Comuna 02,Zona 2 - MENGA, , ,Metro Cali S.A. 22 de agosto de 2023,3.4636928093,-76.5251900149
1061248.4267,875762.152,764,512006,Av 6N entre Cl 34 y 35,CAI Chipichape, ,PARADA EXTERNA, ,San Vicente,Comuna 02,Zona 2 - MENGA, , ,Metro Cali S.A. 22 de agosto de 2023,3.4726035062,-76.5264270779
1061571.9944,875043.7064,765,512020,Av 3 con Cl 23DN P1,Terminal de Transporte, ,PARADA EXTERNA, ,San Vicente,Comuna 02,Zona 2 - MENGA, , ,Metro Cali S.A. 22 de agosto de 2023,3.4661073775,-76.5235155451
1061520.3903,875144.5198,766,512023,Av 3N entre Cl 24 y 23D,Nueva Clinica Rafael Uribe Uribe, ,PARADA EXTERNA, ,San Vicente,Comuna 02,Zona 2 - MENGA, , ,Metro Cali S.A. 22 de agosto de 2023,3.4670189247,-76.5239798869
1061695.3851,874781.6455,767,512046,Cl 25 entre Av 2D y 2C,Clinica de los Remedios, ,PARADA EXTERNA, ,San Vicente,Comuna 02,Zona 2 - MENGA, , ,Metro Cali S.A. 22 de agosto de 2023,3.4637378413,-76.5224052593
1061298.7,875732.8763,768,512055,Av 2BN entre Cl 34 y 35,Concesionario de Autos, ,PARADA EXTERNA, ,San Vicente,Comuna 02,Zona 2 - MENGA, , ,Metro Cali S.A. 22 de agosto de 2023,3.4723387997,-76.5259747094
1061281.9917,875734.5338,769,512056,Av 2BN entre Cl 31 y 34,CAI Bulevar, ,PARADA EXTERNA, ,San Vicente,Comuna 02,Zona 2 - MENGA, , ,Metro Cali S.A. 22 de agosto de 2023,3.4723537859,-76.5261250533
1061441.112,875259.4316,770,512057,Av 2BN entre Cl 25 y 24,Nueva Clinica Rafael Uribe Uribe, ,PARADA EXTERNA, ,San Vicente,Comuna 02,Zona 2 - MENGA, , ,Metro Cali S.A. 22 de agosto de 2023,3.4680579475,-76.5246932458
1061556.2342,874927.8659,771,512112,Av 2F entre Av 3 y Cl 25,Terminal de Transporte, ,PARADA EXTERNA, ,San Vicente,Comuna 02,Zona 2 - MENGA, , ,Metro Cali S.A. 22 de agosto de 2023,3.4650599542,-76.5236573535
1060837.9328,874830.7879,772,512147,Av 6AN entre Cl 22 y 23,Davivienda, ,PARADA EXTERNA, ,San Vicente,Comuna 02,Zona 2 - MENGA, , ,Metro Cali S.A. 22 de agosto de 2023,3.4641821376,-76.5301206815
1060972.9646,875316.5542,773,512148,Av 6N entre Cl 26A y 27, , ,PARADA EXTERNA, ,San Vicente,Comuna 02,Zona 2 - MENGA, , ,Metro Cali S.A. 22 de agosto de 2023,3.4685744189,-76.5289056935
1061103.486,875494.9111,774,512149,Av 6 entre Cl 28N y 29AN P1,Antonio Jose Camacho, ,PARADA EXTERNA, ,San Vicente,Comuna 02,Zona 2 - MENGA, , ,Metro Cali S.A. 22 de agosto de 2023,3.470187121,-76.5277312587
1061211.6986,875669.7108,775,512154,Av 6N entre Cl 30 y 34,La 14 Bulevar, ,PARADA EXTERNA, ,San Vicente,Comuna 02,Zona 2 - MENGA, , ,Metro Cali S.A. 22 de agosto de 2023,3.4717676563,-76.5267575576
1061422.9926,875691.3409,776,512194,Cl 34 entre Av 2N Bis y 2BN, , ,PARADA EXTERNA, ,San Vicente,Comuna 02,Zona 2 - MENGA, , ,Metro Cali S.A. 22 de agosto de 2023,3.4719632448,-76.5248563038
1061376.0918,875455.0019,777,512195,Av 2B entre Cl 28N y 26N, , ,PARADA EXTERNA, ,San Vicente,Comuna 02,Zona 2 - MENGA, , ,Metro Cali S.A. 22 de agosto de 2023,3.4698262797,-76.5252783136
1061562.8232,875056.7696,778,512206,Av 3 con Cl 23DN P2,Terminal de Transporte, ,PARADA EXTERNA, ,San Vicente,Comuna 02,Zona 2 - MENGA, , ,Metro Cali S.A. 22 de agosto de 2023,3.4662254939,-76.5235980688
1060835.5121,874988.2713,779,512211,Av 6 entre Cl 23N y 24N P2,Aqui es Juaco, ,PARADA EXTERNA, ,San Vicente,Comuna 02,Zona 2 - MENGA, , ,Metro Cali S.A. 22 de agosto de 2023,3.4656060929,-76.5301424775
1061114.5621,875513.4701,780,512212,Av 6 entre Cl 28N y 29AN P2,Antonio Jose Camacho, ,PARADA EXTERNA, ,San Vicente,Comuna 02,Zona 2 - MENGA, , ,Metro Cali S.A. 22 de agosto de 2023,3.4703549311,-76.5276315958
1060836.4957,874966.6662,781,513279,Av 6 entre Cl 23N y 24N P1, , ,PARADA EXTERNA, ,San Vicente,Comuna 02,Zona 2 - MENGA, , ,Metro Cali S.A. 22 de agosto de 2023,3.465410741,-76.530133625
1060918.3302,875231.3688,782,513280,Av 6 entre Cl 25N y 26N, , ,PARADA EXTERNA, ,San Vicente,Comuna 02,Zona 2 - MENGA, , ,Metro Cali S.A. 22 de agosto de 2023,3.4678041732,-76.5293972932
1061258.0817,874813.8863,783,519166,Av 4N entre Cl 23 y 24,Parque Versalles, ,PARADA EXTERNA, ,San Vicente,Comuna 02,Zona 2 - MENGA, , ,Metro Cali S.A. 22 de agosto de 2023,3.4640293449,-76.5263401487
1060808.2215,875391.5733,784,512007,Av 6A entre Cl 27N y 26N P2,El Molino, ,PARADA EXTERNA, ,Santa Mónica,Comuna 02,Zona 2 - MENGA, , ,Metro Cali S.A. 22 de agosto de 2023,3.469252723,-76.5303880784
1061151.3794,875823.0103,785,512037,Av 6N Bis entre Av 6AN y Cl 31,Santa Monica Plaza, ,PARADA EXTERNA, ,Santa Mónica,Comuna 02,Zona 2 - MENGA, , ,Metro Cali S.A. 22 de agosto de 2023,3.4731537775,-76.5273003286
1061091.0403,875813.9385,786,512203,Av 6A con Cl 35N P2,World Trade Center, ,PARADA EXTERNA, ,Santa Mónica,Comuna 02,Zona 2 - MENGA, , ,Metro Cali S.A. 22 de agosto de 2023,3.4730717468,-76.5278432689
1060728.3909,875144.3034,787,512205,Av 6A entre Cl 25N y 24AN P2,FISCALÍA, ,PARADA EXTERNA, ,Santa Mónica,Comuna 02,Zona 2 - MENGA, , ,Metro Cali S.A. 22 de agosto de 2023,3.4670169156,-76.5311063793
1060970.9145,875646.3518,788,513271,Av 6A entre Cl 35N y 29N P1,Homecenter, ,PARADA EXTERNA, ,Santa Mónica,Comuna 02,Zona 2 - MENGA, , ,Metro Cali S.A. 22 de agosto de 2023,3.471556429,-76.5289241668
1060728.9313,874825.9016,789,513273,Av 6AN entre Cl 22A y 22,ITAU, ,PARADA EXTERNA, ,Santa Mónica,Comuna 02,Zona 2 - MENGA, , ,Metro Cali S.A. 22 de agosto de 2023,3.4641379456,-76.5311014849
1062696.1735,877072.3829,790,502550,ÁLAMOS A1, , ,ESTACIÓN,AVENIDA 3,Urbanización La Flora,Comuna 02,Zona 2 - MENGA, , ,Metro Cali S.A. 22 de agosto de 2023,3.4844505268,-76.5133999368
1062712.3151,877088.8788,791,502551,ÁLAMOS B1, , ,ESTACIÓN,AVENIDA 3,Urbanización La Flora,Comuna 02,Zona 2 - MENGA, , ,Metro Cali S.A. 22 de agosto de 2023,3.4845996806,-76.5132546892
1062518.1451,877903.9421,792,512004,Cl 70 entre Av 4 y 3C P2, , ,PARADA EXTERNA, ,Urbanización La Flora,Comuna 02,Zona 2 - MENGA, , ,Metro Cali S.A. 22 de agosto de 2023,3.4919694461,-76.51500184
1062279.9112,877222.7452,793,512044,Cl 52N entre Av 3H y 3F,Frente al Éxito la Flora, ,PARADA EXTERNA, ,Urbanización La Flora,Comuna 02,Zona 2 - MENGA, , ,Metro Cali S.A. 22 de agosto de 2023,3.4858101146,-76.5171455718
1062569.142,877076.9298,794,512068,Cl 52N entre Av 3A y 3A Bis,Conexión con la estación Álamos, ,PARADA EXTERNA, ,Urbanización La Flora,Comuna 02,Zona 2 - MENGA, , ,Metro Cali S.A. 22 de agosto de 2023,3.4844916476,-76.514543
1062131.0565,877657.1137,795,512113,Av 4 entre Cl 58N y 62N, , ,PARADA EXTERNA, ,Urbanización La Flora,Comuna 02,Zona 2 - MENGA, , ,Metro Cali S.A. 22 de agosto de 2023,3.4897376523,-76.518485
1062199.2909,877843.5785,796,512114,Av 4 entre Cl 62N y 64N, , ,PARADA EXTERNA, ,Urbanización La Flora,Comuna 02,Zona 2 - MENGA, , ,Metro Cali S.A. 22 de agosto de 2023,3.4914236541,-76.517871
1062663.6893,877860.6353,797,512200,Cl 70 entre Av 3C y 3 P1,Centro de Diagnóstico Automotor del Valle - CDAV, ,PARADA EXTERNA, ,Urbanización La Flora,Comuna 02,Zona 2 - MENGA, , ,Metro Cali S.A. 22 de agosto de 2023,3.49157786,-76.5136921866
1062174.8433,877323.6673,798,512220,Cl 52N entre Av 3F y 4,Éxito la Flora, ,PARADA EXTERNA, ,Urbanización La Flora,Comuna 02,Zona 2 - MENGA, , ,Metro Cali S.A. 22 de agosto de 2023,3.4867226494,-76.518091
1062048.2635,877430.945,799,512225,Av 4 entre Cl 52N y 58N, , ,PARADA EXTERNA, ,Urbanización La Flora,Comuna 02,Zona 2 - MENGA, , ,Metro Cali S.A. 22 de agosto de 2023,3.4876926503,-76.51923
1062852.3732,877792.7349,800,513258,Cl 70 entre Av 3C y 3 P2, , ,PARADA EXTERNA, ,Urbanización La Flora,Comuna 02,Zona 2 - MENGA, , ,Metro Cali S.A. 22 de agosto de 2023,3.4909638949,-76.511994351
1062325.7014,877962.4613,801,513260,Cl 70 entre Av 4 y 3C P1, , ,PARADA EXTERNA, ,Urbanización La Flora,Comuna 02,Zona 2 - MENGA, , ,Metro Cali S.A. 22 de agosto de 2023,3.4924985818,-76.5167335117
1061175.4912,874497.3349,802,502350,VERSALLES A1, , ,ESTACIÓN,AVENIDA 3,Versalles,Comuna 02,Zona 2 - MENGA, , ,Metro Cali S.A. 22 de agosto de 2023,3.4611671012,-76.5270832846
1061191.1754,874511.0637,803,502351,VERSALLES B1, , ,ESTACIÓN,AVENIDA 3,Versalles,Comuna 02,Zona 2 - MENGA, , ,Metro Cali S.A. 22 de agosto de 2023,3.4612912372,-76.5269421582
1060821.6758,874734.6016,804,512008,Av 6N entre Cl 21 y 22,Alianza Francesa, ,PARADA EXTERNA, ,Versalles,Comuna 02,Zona 2 - MENGA, , ,Metro Cali S.A. 22 de agosto de 2023,3.4633124254,-76.5302669544
1061107.3581,874484.8822,805,512024,Cl 21 entre Av 4N y 3N,Conexión con la estación Versalles, ,PARADA EXTERNA, ,Versalles,Comuna 02,Zona 2 - MENGA, , ,Metro Cali S.A. 22 de agosto de 2023,3.4610545003,-76.5276963487
1060761.0144,874479.686,806,512069,Cl 18 entre Av 5AN y 6N,Clinica de Occidente, ,PARADA EXTERNA, ,Versalles,Comuna 02,Zona 2 - MENGA, , ,Metro Cali S.A. 22 de agosto de 2023,3.461007488,-76.530812765
1060896.3209,874262.2102,807,512070,Cl 18 entre Av 3N y 4N,Four Point Sheraton, ,PARADA EXTERNA, ,Versalles,Comuna 02,Zona 2 - MENGA, , ,Metro Cali S.A. 22 de agosto de 2023,3.4590410972,-76.5295952522
1060916.967,874622.0615,808,512178,Cl 21 entre Av 5BN y 5AN, , ,PARADA EXTERNA, ,Versalles,Comuna 02,Zona 2 - MENGA, , ,Metro Cali S.A. 22 de agosto de 2023,3.4622948529,-76.5294095082
1061103.335,874564.6216,809,519165,Av 4N entre Cl 21 y 22,Clinica Santiago de Cali, ,PARADA EXTERNA, ,Versalles,Comuna 02,Zona 2 - MENGA, , ,Metro Cali S.A. 22 de agosto de 2023,3.4617754989,-76.5277325541
1062288.4086,876421.2632,810,502500,VIPASA A1, , ,ESTACIÓN,AVENIDA 3,Vipasa,Comuna 02,Zona 2 - MENGA, , ,Metro Cali S.A. 22 de agosto de 2023,3.4785631619,-76.5170691365
1062304.4299,876437.779,811,502501,VIPASA B1, , ,ESTACIÓN,AVENIDA 3,Vipasa,Comuna 02,Zona 2 - MENGA, , ,Metro Cali S.A. 22 de agosto de 2023,3.4787124963,-76.5169249729
1062033.4518,876534.6319,812,512015,Cl 44 entre Av 3DN y 3EN,Parque Vipasa, ,PARADA EXTERNA, ,Vipasa,Comuna 02,Zona 2 - MENGA, , ,Metro Cali S.A. 22 de agosto de 2023,3.4795882406,-76.5193632907
1061802.442,876649.5006,813,512038,Cl 44 entre Av 3HN y 4N, , ,PARADA EXTERNA, ,Vipasa,Comuna 02,Zona 2 - MENGA, , ,Metro Cali S.A. 22 de agosto de 2023,3.4806268769,-76.5214419692
1062440.7825,876240.1481,814,512100,Cl 44 entre Av 2D y 2E,Plaza Norte, ,PARADA EXTERNA, ,Vipasa,Comuna 02,Zona 2 - MENGA, , ,Metro Cali S.A. 22 de agosto de 2023,3.476925524,-76.5156980522
1062413.5728,876240.5035,815,512132,Cl 44 entre Av 2G y 2E, , ,PARADA EXTERNA, ,Vipasa,Comuna 02,Zona 2 - MENGA, , ,Metro Cali S.A. 22 de agosto de 2023,3.4769287387,-76.5159428904
1062014.7026,876518.8612,816,512163,Cl 44 entre Av 3G y 3EN, , ,PARADA EXTERNA, ,Vipasa,Comuna 02,Zona 2 - MENGA, , ,Metro Cali S.A. 22 de agosto de 2023,3.4794456431,-76.519532
1062139.8387,876441.8867,817,512164,Cl 44 entre Av 3D y 3B,Conexión con la estación Vipasa, ,PARADA EXTERNA, ,Vipasa,Comuna 02,Zona 2 - MENGA, , ,Metro Cali S.A. 22 de agosto de 2023,3.4787496426,-76.518406
1061923.9068,877085.0012,818,512199,Av 4 entre Cl 47CN y 48N, , ,PARADA EXTERNA, ,Vipasa,Comuna 02,Zona 2 - MENGA, , ,Metro Cali S.A. 22 de agosto de 2023,3.4845646474,-76.520349
1062175.7027,876444.1343,819,512208,Cl 44 entre Av 3AN y 3DN, , ,PARADA EXTERNA, ,Vipasa,Comuna 02,Zona 2 - MENGA, , ,Metro Cali S.A. 22 de agosto de 2023,3.4787699642,-76.5180832876
1062592.8642,877905.8152,820,512003,Cl 70 entre Av 3BN y 3CN, , ,PARADA EXTERNA, ,YUMBO,Municipios vecinos,Zona 2 - MENGA, , ,Metro Cali S.A. 22 de agosto de 2023,3.4919863784,-76.514329492
1061804.9102,878153.1843,821,512017,Cl 70 entre Av 4N y 6N,Antes de la glorieta de Menga, ,PARADA EXTERNA, ,YUMBO,Municipios vecinos,Zona 2 - MENGA, , ,Metro Cali S.A. 22 de agosto de 2023,3.4942230951,-76.5214197721
1063274.4704,878067.9196,822,512061,Cl 73 entre Av 3N y 2CN,Estación de servicio, ,PARADA EXTERNA, ,YUMBO,Municipios vecinos,Zona 2 - MENGA, , ,Metro Cali S.A. 22 de agosto de 2023,3.4934520566,-76.5081961484
1062869.4185,877816.2501,823,513257,Cl 70 entre Av 3N y 3BN, , ,PARADA EXTERNA, ,YUMBO,Municipios vecinos,Zona 2 - MENGA, , ,Metro Cali S.A. 22 de agosto de 2023,3.4911765165,-76.5118409698
1062333.2281,877985.4334,824,513259,Cl 70 entre Av 3CN y 4N, , ,PARADA EXTERNA, ,YUMBO,Municipios vecinos,Zona 2 - MENGA, , ,Metro Cali S.A. 22 de agosto de 2023,3.4927062939,-76.516665783
1062066.9495,878070.6734,825,513261,Cl 70 entre Av 4N y 6N,Super Inter, ,PARADA EXTERNA, ,YUMBO,Municipios vecinos,Zona 2 - MENGA, , ,Metro Cali S.A. 22 de agosto de 2023,3.4934770357,-76.519061849
1062697.8186,875052.3886,826,500400,MANZANARES A1, , ,ESTACIÓN,CARRERA 1,Bolivariano,Comuna 04,Zona 3 - PASO DEL COMERCIO, , ,Metro Cali S.A. 22 de agosto de 2023,3.4661858589,-76.5133852718
1062577.6019,874940.993,827,513204,Kr 1 entre Cl 38 y 34,Makro Cali Norte, ,PARADA EXTERNA, ,Bolivariano,Comuna 04,Zona 3 - PASO DEL COMERCIO, , ,Metro Cali S.A. 22 de agosto de 2023,3.4651786342,-76.514467
1062450.3506,875320.4464,828,513206,Kr 5N entre Cl 38A y 39, , ,PARADA EXTERNA, ,Bolivariano,Comuna 04,Zona 3 - PASO DEL COMERCIO, , ,Metro Cali S.A. 22 de agosto de 2023,3.4686096359,-76.515612
1062465.4647,875352.8511,829,513306,Kr 5N entre Cl 39 y 38A, , ,PARADA EXTERNA, ,Bolivariano,Comuna 04,Zona 3 - PASO DEL COMERCIO, , ,Metro Cali S.A. 22 de agosto de 2023,3.4689026361,-76.515476
1064374.483,876741.3645,830,500200,CHIMINANGOS A2, , ,ESTACIÓN,CARRERA 1,Calima,Comuna 04,Zona 3 - PASO DEL COMERCIO, , ,Metro Cali S.A. 22 de agosto de 2023,3.4814572442,-76.4982981278
1064416.3744,876788.4614,831,500202,CHIMINANGOS A1, , ,ESTACIÓN,CARRERA 1,Calima,Comuna 04,Zona 3 - PASO DEL COMERCIO, , ,Metro Cali S.A. 22 de agosto de 2023,3.4818830827,-76.4979211688
1064086.8447,877279.3768,832,513032,Kr 5N entre Cl 68N y 69N, , ,PARADA EXTERNA, ,Calima,Comuna 04,Zona 3 - PASO DEL COMERCIO, , ,Metro Cali S.A. 22 de agosto de 2023,3.4863219764,-76.5008862652
1064491.4501,877274.8959,833,513049,Cl 70 entre Kr 4N y 1N,La 14 de Calima, ,PARADA EXTERNA, ,Calima,Comuna 04,Zona 3 - PASO DEL COMERCIO, , ,Metro Cali S.A. 22 de agosto de 2023,3.486281378,-76.497245511
1064605.0269,877127.3234,834,513050,Kr 1 entre Cl 70 y 66,La 14 de Calima, ,PARADA EXTERNA, ,Calima,Comuna 04,Zona 3 - PASO DEL COMERCIO, , ,Metro Cali S.A. 22 de agosto de 2023,3.4849470106,-76.4962235488
1064685.6967,877229.6164,835,513114,Cl 70 con Kr 1,Puente del Comercio, ,PARADA EXTERNA, ,Calima,Comuna 04,Zona 3 - PASO DEL COMERCIO, , ,Metro Cali S.A. 22 de agosto de 2023,3.485871919,-76.4954976354
1064020.3278,877064.0811,836,513211,Kr 5N entre Cl 63N y 65N, , ,PARADA EXTERNA, ,Calima,Comuna 04,Zona 3 - PASO DEL COMERCIO, , ,Metro Cali S.A. 22 de agosto de 2023,3.4843752978,-76.5014848425
1064062.2977,877379.123,837,513252,Cl 70 entre Kr 6N y 5N,Calima, ,PARADA EXTERNA, ,Calima,Comuna 04,Zona 3 - PASO DEL COMERCIO, , ,Metro Cali S.A. 22 de agosto de 2023,3.4872238802,-76.5011071276
1064041.2194,877172.6761,838,513325,Kr 5N entre Cl 67 y 65,Tiendas ARA, ,PARADA EXTERNA, ,Calima,Comuna 04,Zona 3 - PASO DEL COMERCIO, , ,Metro Cali S.A. 22 de agosto de 2023,3.4853572035,-76.5012968344
1063431.8281,875887.0886,839,500300,SALOMIA A1, , ,ESTACIÓN,CARRERA 1,Evaristo García,Comuna 04,Zona 3 - PASO DEL COMERCIO, , ,Metro Cali S.A. 22 de agosto de 2023,3.4737330935,-76.506780475
1063429.2076,876308.6296,840,513210,Kr 5N entre Cl 51A y 51B, , ,PARADA EXTERNA, ,Evaristo García,Comuna 04,Zona 3 - PASO DEL COMERCIO, , ,Metro Cali S.A. 22 de agosto de 2023,3.4775446427,-76.5068039999
1063531.0436,876343.4658,841,513248,Cl 52 entre Kr 5N y 4N, , ,PARADA EXTERNA, ,Evaristo García,Comuna 04,Zona 3 - PASO DEL COMERCIO, , ,Metro Cali S.A. 22 de agosto de 2023,3.4778596155,-76.5058876536
1062245.4706,874687.2852,842,500450,FÁTIMA A1, , ,ESTACIÓN,CARRERA 1,Fátima,Comuna 04,Zona 3 - PASO DEL COMERCIO, , ,Metro Cali S.A. 22 de agosto de 2023,3.4628846378,-76.517455553
1063925.9745,876385.5885,843,500250,FLORA INDUSTRIAL A1, , ,ESTACIÓN,CARRERA 1,Flora Industrial,Comuna 04,Zona 3 - PASO DEL COMERCIO, , ,Metro Cali S.A. 22 de agosto de 2023,3.4782404249,-76.5023339767
1063860.5067,876800.4564,844,513073,Kr 5N entre Cl 58N y 59N, , ,PARADA EXTERNA, ,Flora Industrial,Comuna 04,Zona 3 - PASO DEL COMERCIO, , ,Metro Cali S.A. 22 de agosto de 2023,3.4819916471,-76.5029229997
1063927.9629,876875.3311,845,513086,Kr 5N entre Cl 61N y Cl 62N, , ,PARADA EXTERNA, ,Flora Industrial,Comuna 04,Zona 3 - PASO DEL COMERCIO, , ,Metro Cali S.A. 22 de agosto de 2023,3.4826686478,-76.5023159997
1063915.4048,876880.4183,846,513173,Kr 5N entre Cl 61N y 60N, , ,PARADA EXTERNA, ,Flora Industrial,Comuna 04,Zona 3 - PASO DEL COMERCIO, , ,Metro Cali S.A. 22 de agosto de 2023,3.4827146478,-76.5024289997
1063772.9355,876720.1623,847,513174,Kr 5N entre Cl 57N y 56N, , ,PARADA EXTERNA, ,Flora Industrial,Comuna 04,Zona 3 - PASO DEL COMERCIO, , ,Metro Cali S.A. 22 de agosto de 2023,3.4812656463,-76.5037109998
1063620.1306,876550.2845,848,513175,Kr 5N entre Cl 55 y 52, , ,PARADA EXTERNA, ,Flora Industrial,Comuna 04,Zona 3 - PASO DEL COMERCIO, , ,Metro Cali S.A. 22 de agosto de 2023,3.4797296447,-76.5050859998
1063367.1687,876540.5882,849,513191,Cl 52 entre Kr 7N y 9N, , ,PARADA EXTERNA, ,Flora Industrial,Comuna 04,Zona 3 - PASO DEL COMERCIO, , ,Metro Cali S.A. 22 de agosto de 2023,3.4796420061,-76.5073622089
1063579.3726,876332.3899,850,513289,Cl 52 entre Kr 4N y 5N, , ,PARADA EXTERNA, ,Flora Industrial,Comuna 04,Zona 3 - PASO DEL COMERCIO, , ,Metro Cali S.A. 22 de agosto de 2023,3.4777594611,-76.5054527809
1063587.0138,876497.0873,851,513304,Kr 5N entre Cl 52 y 55, , ,PARADA EXTERNA, ,Flora Industrial,Comuna 04,Zona 3 - PASO DEL COMERCIO, , ,Metro Cali S.A. 22 de agosto de 2023,3.4792486443,-76.5053839998
1064139.1763,876823.3721,852,513326,Cl 62 entre Kr 5N y 4N,Institución educativa INEM - Jorge Isaacs, ,PARADA EXTERNA, ,Flora Industrial,Comuna 04,Zona 3 - PASO DEL COMERCIO, , ,Metro Cali S.A. 22 de agosto de 2023,3.4821987993,-76.5004154582
1063038.8009,875884.6003,853,513178,Kr 5N entre Cl 46 y 45A, , ,PARADA EXTERNA, ,Guillermo Valencia,Comuna 04,Zona 3 - PASO DEL COMERCIO, , ,Metro Cali S.A. 22 de agosto de 2023,3.4737106394,-76.5103169999
1062970.6769,875787.0541,854,513208,Kr 5N entre Cl 45 y 45A, , ,PARADA EXTERNA, ,Guillermo Valencia,Comuna 04,Zona 3 - PASO DEL COMERCIO, , ,Metro Cali S.A. 22 de agosto de 2023,3.4728286388,-76.51093
1063005.9636,875587.6635,855,513235,Cl 44 entre Kr 2N y 3AN,Helados DANCALI, ,PARADA EXTERNA, ,Guillermo Valencia,Comuna 04,Zona 3 - PASO DEL COMERCIO, , ,Metro Cali S.A. 22 de agosto de 2023,3.4710257576,-76.5106125031
1062804.3074,875820.5678,856,513236,Cl 44 entre Kr 6N y 7N, , ,PARADA EXTERNA, ,Guillermo Valencia,Comuna 04,Zona 3 - PASO DEL COMERCIO, , ,Metro Cali S.A. 22 de agosto de 2023,3.4731316816,-76.512427016
1062737.2975,875572.4961,857,513207,Kr 5N entre Cl 42 y 42A, , ,PARADA EXTERNA, ,Ignacio Rengifo,Comuna 04,Zona 3 - PASO DEL COMERCIO, , ,Metro Cali S.A. 22 de agosto de 2023,3.4708886374,-76.51303
1062828.9599,875761.8347,858,513216,Cl 44 entre Kr 6N y 5N,Taller de maderas, ,PARADA EXTERNA, ,Ignacio Rengifo,Comuna 04,Zona 3 - PASO DEL COMERCIO, , ,Metro Cali S.A. 22 de agosto de 2023,3.4726006185,-76.5122051935
1062809.5339,875652.7893,859,513305,Kr 5N entre Cl 43A y 43, , ,PARADA EXTERNA, ,Ignacio Rengifo,Comuna 04,Zona 3 - PASO DEL COMERCIO, , ,Metro Cali S.A. 22 de agosto de 2023,3.4716146379,-76.51238
1062235.1016,874102.4147,860,513118,Kr 5 entre Cl 28 y 29, , ,PARADA EXTERNA, ,Jorge Isaacs,Comuna 04,Zona 3 - PASO DEL COMERCIO, , ,Metro Cali S.A. 22 de agosto de 2023,3.457596274,-76.5175488706
1063450.7214,875898.1079,861,500301,SALOMIA B1, , ,ESTACIÓN,CARRERA 1,La Alianza,Comuna 04,Zona 3 - PASO DEL COMERCIO, , ,Metro Cali S.A. 22 de agosto de 2023,3.4738327269,-76.5066104684
1063485.4498,875724.9058,862,513090,Cl 47 entre Kr 1B y 1A, , ,PARADA EXTERNA, ,La Alianza,Comuna 04,Zona 3 - PASO DEL COMERCIO, , ,Metro Cali S.A. 22 de agosto de 2023,3.4722666389,-76.5062979999
1063503.7098,875926.6332,863,513182,Kr 1 entre Cl 47 y 50,Conexión con la estación Salomia, ,PARADA EXTERNA, ,La Alianza,Comuna 04,Zona 3 - PASO DEL COMERCIO, , ,Metro Cali S.A. 22 de agosto de 2023,3.4740906438,-76.506133666
1063759.4996,875975.3653,864,513192,Cl 52 entre Kr 1 y 1B, , ,PARADA EXTERNA, ,La Alianza,Comuna 04,Zona 3 - PASO DEL COMERCIO, , ,Metro Cali S.A. 22 de agosto de 2023,3.4745312388,-76.5038320181
1065550.8394,875997.4982,865,513309,Cl 70 con Kr 1G, , ,PARADA EXTERNA, ,Los Guayacanes,Comuna 05,Zona 3 - PASO DEL COMERCIO, , ,Metro Cali S.A. 22 de agosto de 2023,3.4747309425,-76.4877132234
1063829.0549,875722.4166,866,513193,Cl 52 entre Kr 1B y 1D,Centro Comercial Carrera, ,PARADA EXTERNA, ,La Alianza,Comuna 04,Zona 3 - PASO DEL COMERCIO, , ,Metro Cali S.A. 22 de agosto de 2023,3.4722440806,-76.5032061892
1063018.7486,874332.957,867,513123,Kr 5 entre Cl 37 y 38,Frente al Comfandi de las Delicias, ,PARADA EXTERNA, ,La Esmeralda,Comuna 04,Zona 3 - PASO DEL COMERCIO, , ,Metro Cali S.A. 22 de agosto de 2023,3.4596807751,-76.5104975817
1063429.0881,874311.1245,868,513222,Cl 44 entre Kr 7 y 6A, , ,PARADA EXTERNA, ,La Esmeralda,Comuna 04,Zona 3 - PASO DEL COMERCIO, , ,Metro Cali S.A. 22 de agosto de 2023,3.4594833207,-76.5068053358
1062768.4712,874067.3602,869,513225,Cl 34 entre Kr 7 y 5A, , ,PARADA EXTERNA, ,La Esmeralda,Comuna 04,Zona 3 - PASO DEL COMERCIO, , ,Metro Cali S.A. 22 de agosto de 2023,3.4572792859,-76.5127496059
1063411.1372,874291.493,870,513233,Cl 44 entre Kr 6B y 6C, , ,PARADA EXTERNA, ,La Esmeralda,Comuna 04,Zona 3 - PASO DEL COMERCIO, , ,Metro Cali S.A. 22 de agosto de 2023,3.4593058161,-76.5069668611
1063435.3165,874465.042,871,513291,Kr 5 entre Cl 44 y 44B, , ,PARADA EXTERNA, ,La Esmeralda,Comuna 04,Zona 3 - PASO DEL COMERCIO, , ,Metro Cali S.A. 22 de agosto de 2023,3.4608750327,-76.5067492723
1062989.8376,874340.5823,872,513122,Kr 5 entre Cl 38 y 36A, , ,PARADA EXTERNA, ,Las Delicias,Comuna 04,Zona 3 - PASO DEL COMERCIO, , ,Metro Cali S.A. 22 de agosto de 2023,3.4597497254,-76.5107577232
1063345.2381,874453.5143,873,513124,Kr 5 entre Cl 44 y 43, , ,PARADA EXTERNA, ,Las Delicias,Comuna 04,Zona 3 - PASO DEL COMERCIO, , ,Metro Cali S.A. 22 de agosto de 2023,3.4607708114,-76.5075598033
1063375.0753,874541.4002,874,513232,Cl 44 entre Kr 4E y 4B,Colegio Cendoe, ,PARADA EXTERNA, ,Las Delicias,Comuna 04,Zona 3 - PASO DEL COMERCIO, , ,Metro Cali S.A. 22 de agosto de 2023,3.4615654667,-76.5072913158
1063354.8301,874542.7323,875,513234,Cl 44 entre Kr 4B y 4E,Manuel Santiago Vallecilla, ,PARADA EXTERNA, ,Las Delicias,Comuna 04,Zona 3 - PASO DEL COMERCIO, , ,Metro Cali S.A. 22 de agosto de 2023,3.461577514,-76.507473483
1063314.0016,874697.3953,876,513329,Cl 44 entre Kr 3 y 4, , ,PARADA EXTERNA, ,Las Delicias,Comuna 04,Zona 3 - PASO DEL COMERCIO, , ,Metro Cali S.A. 22 de agosto de 2023,3.4629759726,-76.5078408413
1063321.1917,874750.9526,877,513330,Cl 44 entre Kr 3 y 2C, , ,PARADA EXTERNA, ,Las Delicias,Comuna 04,Zona 3 - PASO DEL COMERCIO, , ,Metro Cali S.A. 22 de agosto de 2023,3.4634602336,-76.5077761378
1063163.5381,875277.6453,878,513219,Cl 44 entre Kr 1D1 y 1H, , ,PARADA EXTERNA, ,Manzanares,Comuna 04,Zona 3 - PASO DEL COMERCIO, , ,Metro Cali S.A. 22 de agosto de 2023,3.4682225756,-76.509194659
1063252.1864,874932.6486,879,513220,Cl 44 entre Kr 2 y 2B, , ,PARADA EXTERNA, ,Manzanares,Comuna 04,Zona 3 - PASO DEL COMERCIO, , ,Metro Cali S.A. 22 de agosto de 2023,3.4651031262,-76.5083970313
1063245.6394,875049.1615,880,513224,Cl 44 entre Kr 2 y 1E, , ,PARADA EXTERNA, ,Manzanares,Comuna 04,Zona 3 - PASO DEL COMERCIO, , ,Metro Cali S.A. 22 de agosto de 2023,3.4661566296,-76.5084559284
1063093.8116,875927.9545,881,513302,Kr 5N entre Cl 46A y 46B, , ,PARADA EXTERNA, ,Marco Fidel Suárez,Comuna 04,Zona 3 - PASO DEL COMERCIO, , ,Metro Cali S.A. 22 de agosto de 2023,3.4741026398,-76.5098219999
1063413.2043,876314.1592,882,513176,Kr 5N entre Cl 52 y 51, , ,PARADA EXTERNA, ,Olaya Herrera,Comuna 04,Zona 3 - PASO DEL COMERCIO, , ,Metro Cali S.A. 22 de agosto de 2023,3.4775946427,-76.5069479999
1063195.4973,876060.4495,883,513177,Kr 5N entre Cl 48N y 47N, , ,PARADA EXTERNA, ,Olaya Herrera,Comuna 04,Zona 3 - PASO DEL COMERCIO, , ,Metro Cali S.A. 22 de agosto de 2023,3.4753006407,-76.5089069999
1063286.8382,876578.8101,884,513247,Cl 52 entre Kr 9N y 8N,Nuestra Señora de las Lajas, ,PARADA EXTERNA, ,Olaya Herrera,Comuna 04,Zona 3 - PASO DEL COMERCIO, , ,Metro Cali S.A. 22 de agosto de 2023,3.4799876161,-76.5080850361
1062986.784,875425.3996,885,500350,POPULAR A1, , ,ESTACIÓN,CARRERA 1,Popular,Comuna 04,Zona 3 - PASO DEL COMERCIO, , ,Metro Cali S.A. 22 de agosto de 2023,3.4695585789,-76.5107850989
1062946.6761,875372.0984,886,500352,POPULAR A2, , ,ESTACIÓN,CARRERA 1,Popular,Comuna 04,Zona 3 - PASO DEL COMERCIO, , ,Metro Cali S.A. 22 de agosto de 2023,3.4690766365,-76.511146
1063002.6855,875438.4983,887,500353,POPULAR B2, , ,ESTACIÓN,CARRERA 1,Popular,Comuna 04,Zona 3 - PASO DEL COMERCIO, , ,Metro Cali S.A. 22 de agosto de 2023,3.469677015,-76.510642014
1062958.6895,875614.5296,888,513328,Cl 44 entre Kr 4N y 3AN,Conexión con la estación Popular, ,PARADA EXTERNA, ,Popular,Comuna 04,Zona 3 - PASO DEL COMERCIO, , ,Metro Cali S.A. 22 de agosto de 2023,3.4712686836,-76.5110378797
1062594.761,874196.2599,889,513119,Kr 5 entre Cl 32 y 33,Galería Porvenir, ,PARADA EXTERNA, ,Porvenir,Comuna 04,Zona 3 - PASO DEL COMERCIO, , ,Metro Cali S.A. 22 de agosto de 2023,3.4584448009,-76.5143126447
1062740.5861,874242.2829,890,513121,Kr 5 entre Cl 34 y 35, , ,PARADA EXTERNA, ,Porvenir,Comuna 04,Zona 3 - PASO DEL COMERCIO, , ,Metro Cali S.A. 22 de agosto de 2023,3.4588609286,-76.5130005039
1062756.4303,874051.8793,891,513149,Cl 34 entre Kr 6A y 7, , ,PARADA EXTERNA, ,Porvenir,Comuna 04,Zona 3 - PASO DEL COMERCIO, , ,Metro Cali S.A. 22 de agosto de 2023,3.4571393094,-76.5128579512
1062800.1025,874280.8338,892,513303,Kr 5 entre Cl 36 y 35, , ,PARADA EXTERNA, ,Porvenir,Comuna 04,Zona 3 - PASO DEL COMERCIO, , ,Metro Cali S.A. 22 de agosto de 2023,3.4592094991,-76.5124649708
1063795.2619,874575.908,893,513127,Kr 5 entre Cl 46 y 47, , ,PARADA EXTERNA, ,Salomia,Comuna 04,Zona 3 - PASO DEL COMERCIO, , ,Metro Cali S.A. 22 de agosto de 2023,3.4618774238,-76.5035104494
1063157.7039,875372.7474,894,513218,Cl 44 entre Kr 1D1 y 1D, , ,PARADA EXTERNA, ,Salomia,Comuna 04,Zona 3 - PASO DEL COMERCIO, , ,Metro Cali S.A. 22 de agosto de 2023,3.4690824837,-76.5092471456
1063621.9014,874540.4569,895,513292,Kr 5 entre Cl 45C y 45, , ,PARADA EXTERNA, ,Salomia,Comuna 04,Zona 3 - PASO DEL COMERCIO, , ,Metro Cali S.A. 22 de agosto de 2023,3.4615569038,-76.5050703619
1062712.5121,875065.0647,896,500401,MANZANARES B1, , ,ESTACIÓN,CARRERA 1,Santander,Comuna 04,Zona 3 - PASO DEL COMERCIO, , ,Metro Cali S.A. 22 de agosto de 2023,3.4663004744,-76.5132530574
1062265.4888,874696.0709,897,500451,FÁTIMA B1, , ,ESTACIÓN,CARRERA 1,Santander,Comuna 04,Zona 3 - PASO DEL COMERCIO, , ,Metro Cali S.A. 22 de agosto de 2023,3.462964077,-76.5172754277
1062364.6332,875086.4566,898,513205,Cl 34 entre Kr 2AN y 5N, , ,PARADA EXTERNA, ,Unidad Residencial Bueno Madrid,Comuna 04,Zona 3 - PASO DEL COMERCIO, , ,Metro Cali S.A. 22 de agosto de 2023,3.4664939176,-76.5163833045
1065325.2749,876127.5193,899,513217,Kr 1D con Cl 67,Parque de Alcala, ,PARADA EXTERNA, ,Chiminangos I,Comuna 05,Zona 3 - PASO DEL COMERCIO, , ,Metro Cali S.A. 22 de agosto de 2023,3.4759066535,-76.4897428544
1064920.3781,876199.0497,900,513166,Cl 62A entre Kr 1B4 y 1B5,ChimiSexta, ,PARADA EXTERNA, ,Chiminangos II,Comuna 05,Zona 3 - PASO DEL COMERCIO, , ,Metro Cali S.A. 22 de agosto de 2023,3.4765535384,-76.4933861731
1064985.1057,876487.8228,901,513167,Cl 62A entre Kr 1A8 y 1A7,ChimiSexta, ,PARADA EXTERNA, ,Chiminangos II,Comuna 05,Zona 3 - PASO DEL COMERCIO, , ,Metro Cali S.A. 22 de agosto de 2023,3.4791645906,-76.4928036653
1065006.0096,875773.9511,902,513310,Cl 62 entre Kr 1HBis y 1H, , ,PARADA EXTERNA, ,Los Guayacanes,Comuna 05,Zona 3 - PASO DEL COMERCIO, , ,Metro Cali S.A. 22 de agosto de 2023,3.4727097999,-76.4926157574
1065142.7473,876522.5883,903,513168,Cl 66 con Kr 1A15,Parque de Chiminangos, ,PARADA EXTERNA, ,Chiminangos II,Comuna 05,Zona 3 - PASO DEL COMERCIO, , ,Metro Cali S.A. 22 de agosto de 2023,3.4794788957,-76.4913851621
1064911.4316,876081.5594,904,513212,Cl 62 entre Kr 1D y 1C, , ,PARADA EXTERNA, ,Chiminangos II,Comuna 05,Zona 3 - PASO DEL COMERCIO, , ,Metro Cali S.A. 22 de agosto de 2023,3.4754912004,-76.4934667058
1065035.298,876037.3599,905,513221,Kr 1D entre Cl 63 y 62, , ,PARADA EXTERNA, ,Chiminangos II,Comuna 05,Zona 3 - PASO DEL COMERCIO, , ,Metro Cali S.A. 22 de agosto de 2023,3.4750915187,-76.4923521451
1064991.4978,876665.5609,906,513308,Cl 66 entre Kr 1A6 y 1A10, , ,PARADA EXTERNA, ,Chiminangos II,Comuna 05,Zona 3 - PASO DEL COMERCIO, , ,Metro Cali S.A. 22 de agosto de 2023,3.4807716862,-76.4927461007
1064006.674,875046.9659,907,513093,Cl 52 entre Kr 2C y 2E, , ,PARADA EXTERNA, ,El Sena,Comuna 05,Zona 3 - PASO DEL COMERCIO, , ,Metro Cali S.A. 22 de agosto de 2023,3.4661366651,-76.5016080671
1064201.5876,875027.4381,908,513094,Kr 3 entre Cl 52 y 53,Centro Comercial UNICO, ,PARADA EXTERNA, ,El Sena,Comuna 05,Zona 3 - PASO DEL COMERCIO, , ,Metro Cali S.A. 22 de agosto de 2023,3.4659600593,-76.4998542198
1064256.3639,875055.745,909,513099,Kr 3 entre Cl 54 y 53,Detras del SENA, ,PARADA EXTERNA, ,El Sena,Comuna 05,Zona 3 - PASO DEL COMERCIO, , ,Metro Cali S.A. 22 de agosto de 2023,3.4662159977,-76.4993613319
1064043.7162,875037.0921,910,513100,Cl 52 entre Kr 3 y 2 P1,SENA Salomia, ,PARADA EXTERNA, ,El Sena,Comuna 05,Zona 3 - PASO DEL COMERCIO, , ,Metro Cali S.A. 22 de agosto de 2023,3.4660473801,-76.5012747596
1064001.179,875198.2197,911,513101,Cl 52 entre Kr 3 y 2 P2,SENA Salomia, ,PARADA EXTERNA, ,El Sena,Comuna 05,Zona 3 - PASO DEL COMERCIO, , ,Metro Cali S.A. 22 de agosto de 2023,3.4675042939,-76.5016574844
1064114.4905,875307.0455,912,513129,Kr 2 entre Cl 52 y 56,SENA Salomia - Entrada estudiantes, ,PARADA EXTERNA, ,El Sena,Comuna 05,Zona 3 - PASO DEL COMERCIO, , ,Metro Cali S.A. 22 de agosto de 2023,3.4684882695,-76.5006378747
1064054.9179,874852.7574,913,513147,Cl 52 entre Kr 3 y 4C,Centro Comercial UNICO, ,PARADA EXTERNA, ,El Sena,Comuna 05,Zona 3 - PASO DEL COMERCIO, , ,Metro Cali S.A. 22 de agosto de 2023,3.464380635,-76.5011739996
1063920.2769,874627.8729,914,513148,Kr 5 entre Cl 52 y 47, , ,PARADA EXTERNA, ,El Sena,Comuna 05,Zona 3 - PASO DEL COMERCIO, , ,Metro Cali S.A. 22 de agosto de 2023,3.4623472665,-76.5023855487
1064397.3601,874770.7809,915,513188,Kr 5 entre Cl 55 y 54,Unidad residencial, ,PARADA EXTERNA, ,El Sena,Comuna 05,Zona 3 - PASO DEL COMERCIO, , ,Metro Cali S.A. 22 de agosto de 2023,3.4636393402,-76.4980926954
1063897.4384,875462.8481,916,513194,Cl 52 entre Kr 1D2 y 1E,Boutique Chavez, ,PARADA EXTERNA, ,El Sena,Comuna 05,Zona 3 - PASO DEL COMERCIO, , ,Metro Cali S.A. 22 de agosto de 2023,3.4698970663,-76.5025909084
1063755.8399,875216.5838,917,513195,Kr 2 entre Cl 49 y 47, , ,PARADA EXTERNA, ,El Sena,Comuna 05,Zona 3 - PASO DEL COMERCIO, , ,Metro Cali S.A. 22 de agosto de 2023,3.4676703824,-76.5038650692
1063633.0516,875558.8113,918,513196,Cl 47 entre Kr 1D Bis y 1D, , ,PARADA EXTERNA, ,El Sena,Comuna 05,Zona 3 - PASO DEL COMERCIO, , ,Metro Cali S.A. 22 de agosto de 2023,3.4707648018,-76.504969881
1064125.4526,875334.201,919,513092,Kr 2 entre Cl 53 y 52B, , ,PARADA EXTERNA, ,Los Andes,Comuna 05,Zona 3 - PASO DEL COMERCIO, , ,Metro Cali S.A. 22 de agosto de 2023,3.4687338058,-76.5005392313
1063929.0637,875476.5255,920,513102,Cl 52 entre Kr 1E y 1D2, , ,PARADA EXTERNA, ,Los Andes,Comuna 05,Zona 3 - PASO DEL COMERCIO, , ,Metro Cali S.A. 22 de agosto de 2023,3.4700207311,-76.5023063374
1064370.0577,875408.1498,921,513130,Kr 2 entre Cl 57 y 56, , ,PARADA EXTERNA, ,Los Andes,Comuna 05,Zona 3 - PASO DEL COMERCIO, , ,Metro Cali S.A. 22 de agosto de 2023,3.4694023975,-76.4983382298
1064729.2115,875519.726,922,513132,Kr 2 entre Cl 60 y 59B, , ,PARADA EXTERNA, ,Los Andes,Comuna 05,Zona 3 - PASO DEL COMERCIO, , ,Metro Cali S.A. 22 de agosto de 2023,3.4704111817,-76.4951064917
1064316.1432,875785.2698,923,513197,Kr 1D entre Cl 56 y 58, , ,PARADA EXTERNA, ,Los Andes,Comuna 05,Zona 3 - PASO DEL COMERCIO, , ,Metro Cali S.A. 22 de agosto de 2023,3.4728123052,-76.4988232813
1064545.2967,875855.0418,924,513198,Kr 1D entre Cl 59 y 59B, , ,PARADA EXTERNA, ,Los Andes,Comuna 05,Zona 3 - PASO DEL COMERCIO, , ,Metro Cali S.A. 22 de agosto de 2023,3.4734431301,-76.4967613061
1064934.7773,875276.6951,925,513096,Kr 3 entre Cl 60 y 59D, , ,PARADA EXTERNA, ,Los Andes B - La Riviera,Comuna 05,Zona 3 - PASO DEL COMERCIO, , ,Metro Cali S.A. 22 de agosto de 2023,3.4682136595,-76.4932568459
1064672.7946,875192.976,926,513097,Kr 3 entre Cl 59 y 58, , ,PARADA EXTERNA, ,Los Andes B - La Riviera,Comuna 05,Zona 3 - PASO DEL COMERCIO, , ,Metro Cali S.A. 22 de agosto de 2023,3.4674567412,-76.4956142161
1064449.3095,875123.7027,927,513098,Kr 3 entre Cl 57 y 58,Frente a Servicios de Transito, ,PARADA EXTERNA, ,Los Andes B - La Riviera,Comuna 05,Zona 3 - PASO DEL COMERCIO, , ,Metro Cali S.A. 22 de agosto de 2023,3.4668304269,-76.4976251741
1064435.2873,875404.0683,928,513131,Kr 2 entre Cl 57 y 58, , ,PARADA EXTERNA, ,Los Andes B - La Riviera,Comuna 05,Zona 3 - PASO DEL COMERCIO, , ,Metro Cali S.A. 22 de agosto de 2023,3.4693654789,-76.4977512865
1064703.0075,875486.9454,929,513133,Kr 2 entre Cl 59A y 60, , ,PARADA EXTERNA, ,Los Andes B - La Riviera,Comuna 05,Zona 3 - PASO DEL COMERCIO, , ,Metro Cali S.A. 22 de agosto de 2023,3.4701147878,-76.4953422867
1064976.68,875569.2023,930,513135,Kr 2 entre Cl 61A y 62, , ,PARADA EXTERNA, ,Los Andes B - La Riviera,Comuna 05,Zona 3 - PASO DEL COMERCIO, , ,Metro Cali S.A. 22 de agosto de 2023,3.4708584812,-76.4928797237
1065075.9536,875436.052,931,513202,Cl 62 entre Kr 2 y 2B1,Parque Los Almendros, ,PARADA EXTERNA, ,Los Andes B - La Riviera,Comuna 05,Zona 3 - PASO DEL COMERCIO, , ,Metro Cali S.A. 22 de agosto de 2023,3.4696545177,-76.4919864821
1065611.416,875803.0918,932,513035,Cl 70 entre Kr 1J y 2,Puente peatonal, ,PARADA EXTERNA, ,Los Guayacanes,Comuna 05,Zona 3 - PASO DEL COMERCIO, , ,Metro Cali S.A. 22 de agosto de 2023,3.4729731124,-76.4871682063
1065186.8285,875646.9479,933,513136,Kr 2 entre Cl 64 y 62, , ,PARADA EXTERNA, ,Los Guayacanes,Comuna 05,Zona 3 - PASO DEL COMERCIO, , ,Metro Cali S.A. 22 de agosto de 2023,3.4715613952,-76.4909887563
1065228.9536,875651.2407,934,513137,Kr 2 entre Cl 62 y 65, , ,PARADA EXTERNA, ,Los Guayacanes,Comuna 05,Zona 3 - PASO DEL COMERCIO, , ,Metro Cali S.A. 22 de agosto de 2023,3.4716001986,-76.4906097072
1065357.9826,875699.196,935,513138,Kr 2 entre Cl 67 y 66, , ,PARADA EXTERNA, ,Los Guayacanes,Comuna 05,Zona 3 - PASO DEL COMERCIO, , ,Metro Cali S.A. 22 de agosto de 2023,3.4720337702,-76.4894486712
1065428.6998,875710.8663,936,513139,Kr 2 entre Cl 65 y 67,Cancha de futbol, ,PARADA EXTERNA, ,Los Guayacanes,Comuna 05,Zona 3 - PASO DEL COMERCIO, , ,Metro Cali S.A. 22 de agosto de 2023,3.4721392713,-76.4888123436
1065633.9087,875728.7726,937,513140,Cl 70 entre Kr 2 y 2A, , ,PARADA EXTERNA, ,Los Guayacanes,Comuna 05,Zona 3 - PASO DEL COMERCIO, , ,Metro Cali S.A. 22 de agosto de 2023,3.4723011155,-76.4869658371
1065574.9398,875765.149,938,513215,Kr 2 entre Cl 70 y 69, , ,PARADA EXTERNA, ,Los Guayacanes,Comuna 05,Zona 3 - PASO DEL COMERCIO, , ,Metro Cali S.A. 22 de agosto de 2023,3.4726300474,-76.4874964369
1064486.8464,876568.4282,939,513164,Cl 62 entre Kr 1Bis y 1A, , ,PARADA EXTERNA, ,Los Parques Barranquilla,Comuna 05,Zona 3 - PASO DEL COMERCIO, , ,Metro Cali S.A. 22 de agosto de 2023,3.4798935403,-76.4972870933
1064788.3969,876287.3372,940,513183,Cl 62 entre Kr 1B y 1C, , ,PARADA EXTERNA, ,Los Parques Barranquilla,Comuna 05,Zona 3 - PASO DEL COMERCIO, , ,Metro Cali S.A. 22 de agosto de 2023,3.4773518619,-76.4945737437
1064740.7077,875948.8205,941,513223,Kr 1D con Cl 61A, , ,PARADA EXTERNA, ,Los Parques Barranquilla,Comuna 05,Zona 3 - PASO DEL COMERCIO, , ,Metro Cali S.A. 22 de agosto de 2023,3.4742910258,-76.495002943
1064661.8425,876422.0438,942,513301,Cl 62 entre Kr 1A9 y 1A10, , ,PARADA EXTERNA, ,Los Parques Barranquilla,Comuna 05,Zona 3 - PASO DEL COMERCIO, , ,Metro Cali S.A. 22 de agosto de 2023,3.4785699014,-76.4957124737
1065473.2321,876239.5756,943,513014,Cl 70 entre Kr 1C1 y 1D, , ,PARADA EXTERNA, ,Metropolitano del Norte,Comuna 05,Zona 3 - PASO DEL COMERCIO, , ,Metro Cali S.A. 22 de agosto de 2023,3.4769198158,-76.4884114735
1065321.4362,876719.5082,944,513063,Cl 70 entre Kr 1A10 y 1A11, , ,PARADA EXTERNA, ,Metropolitano del Norte,Comuna 05,Zona 3 - PASO DEL COMERCIO, , ,Metro Cali S.A. 22 de agosto de 2023,3.4812593829,-76.4897772221
1065186.0262,877017.4721,945,513112,Cl 70 entre Kr 1 y 1A6,Puente peatonal, ,PARADA EXTERNA, ,Metropolitano del Norte,Comuna 05,Zona 3 - PASO DEL COMERCIO, , ,Metro Cali S.A. 22 de agosto de 2023,3.4839535934,-76.4909955894
1064904.5237,877140.1227,946,513203,Cl 70 entre Kr 1 y 1A5,CAI, ,PARADA EXTERNA, ,Metropolitano del Norte,Comuna 05,Zona 3 - PASO DEL COMERCIO, , ,Metro Cali S.A. 22 de agosto de 2023,3.4850626683,-76.4935285915
1065395.3098,876488.7416,947,513231,Cl 70 entre Kr 1B y 1B1, , ,PARADA EXTERNA, ,Metropolitano del Norte,Comuna 05,Zona 3 - PASO DEL COMERCIO, , ,Metro Cali S.A. 22 de agosto de 2023,3.4791727833,-76.489112559
1064987.669,876680.4465,948,513311,Cl 66 entre Kr 1A10 y 1A6, , ,PARADA EXTERNA, ,Metropolitano del Norte,Comuna 05,Zona 3 - PASO DEL COMERCIO, , ,Metro Cali S.A. 22 de agosto de 2023,3.4809062819,-76.4927805492
1064970.4624,875591.5596,949,513134,Kr 2 entre Cl 62 y 60, , ,PARADA EXTERNA, ,Paseo de los Almendros,Comuna 05,Zona 3 - PASO DEL COMERCIO, , ,Metro Cali S.A. 22 de agosto de 2023,3.4710606362,-76.4929356646
1064748.8414,875917.5317,950,513199,Kr 1D entre Cl 60A y 60A1, , ,PARADA EXTERNA, ,Paseo de los Almendros,Comuna 05,Zona 3 - PASO DEL COMERCIO, , ,Metro Cali S.A. 22 de agosto de 2023,3.4740081123,-76.4949297622
1064933.2658,875913.6346,951,513200,Cl 62 entre Kr 1D y 1DBis, , ,PARADA EXTERNA, ,Paseo de los Almendros,Comuna 05,Zona 3 - PASO DEL COMERCIO, , ,Metro Cali S.A. 22 de agosto de 2023,3.4739728288,-76.4932702813
1064992.5373,875713.8797,952,513201,Cl 62 entre Kr 1G y 1G1, , ,PARADA EXTERNA, ,Paseo de los Almendros,Comuna 05,Zona 3 - PASO DEL COMERCIO, , ,Metro Cali S.A. 22 de agosto de 2023,3.4721666415,-76.4927369989
1063944.3415,876393.4412,953,500251,FLORA INDUSTRIAL B1, , ,ESTACIÓN,CARRERA 1,Torres de Comfandi,Comuna 05,Zona 3 - PASO DEL COMERCIO, , ,Metro Cali S.A. 22 de agosto de 2023,3.4783114254,-76.5021687052
1063857.5724,875746.9586,954,513037,Cl 52 entre Kr 1D y 1C3, , ,PARADA EXTERNA, ,Torres de Comfandi,Comuna 05,Zona 3 - PASO DEL COMERCIO, , ,Metro Cali S.A. 22 de agosto de 2023,3.4724659831,-76.5029495802
1063788.7711,875975.726,955,513038,Cl 52 entre Kr 1B1 y 1B, , ,PARADA EXTERNA, ,Torres de Comfandi,Comuna 05,Zona 3 - PASO DEL COMERCIO, , ,Metro Cali S.A. 22 de agosto de 2023,3.4745344956,-76.503568628
1063960.1294,876384.0186,956,513088,Kr 1 entre Cl 55 y 56,Conexión con la estación Flora Industrial, ,PARADA EXTERNA, ,Torres de Comfandi,Comuna 05,Zona 3 - PASO DEL COMERCIO, , ,Metro Cali S.A. 22 de agosto de 2023,3.478226224,-76.5020266441
1064144.2795,876104.0471,957,513089,Cl 56 entre Kr 1B y 1C,Unidad residencial, ,PARADA EXTERNA, ,Torres de Comfandi,Comuna 05,Zona 3 - PASO DEL COMERCIO, , ,Metro Cali S.A. 22 de agosto de 2023,3.4756947047,-76.5003696768
1064026.6108,876403.042,958,513209,Cl 56 con Kr 1,Conexión con la estación Flora Industrial, ,PARADA EXTERNA, ,Torres de Comfandi,Comuna 05,Zona 3 - PASO DEL COMERCIO, , ,Metro Cali S.A. 22 de agosto de 2023,3.4783982206,-76.501428427
1064460.419,875860.0568,959,513227,Kr 1D entre Cl 59 y 58, , ,PARADA EXTERNA, ,Torres de Comfandi,Comuna 05,Zona 3 - PASO DEL COMERCIO, , ,Metro Cali S.A. 22 de agosto de 2023,3.4734884942,-76.4975250484
1064232.3117,875864.1046,960,513246,Cl 56 entre Kr 1D y 1C, , ,PARADA EXTERNA, ,Torres de Comfandi,Comuna 05,Zona 3 - PASO DEL COMERCIO, , ,Metro Cali S.A. 22 de agosto de 2023,3.4735251418,-76.4995775946
1064167.4413,876106.2838,961,513250,Cl 56 entre Kr 1C y 1B, , ,PARADA EXTERNA, ,Torres de Comfandi,Comuna 05,Zona 3 - PASO DEL COMERCIO, , ,Metro Cali S.A. 22 de agosto de 2023,3.4757149243,-76.5001612622
1064682.3377,875168.7531,962,513077,Kr 3 entre Cl 58 y 59, , ,PARADA EXTERNA, ,Villa del Prado - El Guabito,Comuna 05,Zona 3 - PASO DEL COMERCIO, , ,Metro Cali S.A. 22 de agosto de 2023,3.4672377169,-76.495528352
1064941.4275,875247.4742,963,513078,Kr 3 entre Cl 59D y 60, , ,PARADA EXTERNA, ,Villa del Prado - El Guabito,Comuna 05,Zona 3 - PASO DEL COMERCIO, , ,Metro Cali S.A. 22 de agosto de 2023,3.4679494441,-76.4931970142
1065231.5201,875339.3153,964,513079,Kr 3 entre Cl 63 y 63B, , ,PARADA EXTERNA, ,Villa del Prado - El Guabito,Comuna 05,Zona 3 - PASO DEL COMERCIO, , ,Metro Cali S.A. 22 de agosto de 2023,3.468779787,-76.4905867024
1065518.4868,875429.9559,965,513080,Kr 3 entre Cl 65B y 69, , ,PARADA EXTERNA, ,Villa del Prado - El Guabito,Comuna 05,Zona 3 - PASO DEL COMERCIO, , ,Metro Cali S.A. 22 de agosto de 2023,3.4695992689,-76.4880045136
1065704.4862,875160.3278,966,513082,Kr 5 entre Cl 70 y 69,Despues de la Estacion de Servicio, ,PARADA EXTERNA, ,Villa del Prado - El Guabito,Comuna 05,Zona 3 - PASO DEL COMERCIO, , ,Metro Cali S.A. 22 de agosto de 2023,3.4671612489,-76.4863309549
1065477.8694,875093.8908,967,513083,Kr 5 entre Cl 65A y 64B, , ,PARADA EXTERNA, ,Villa del Prado - El Guabito,Comuna 05,Zona 3 - PASO DEL COMERCIO, , ,Metro Cali S.A. 22 de agosto de 2023,3.4665606008,-76.4883700969
1065280.5073,875031.9548,968,513084,Kr 5 entre Cl 62B y 62, , ,PARADA EXTERNA, ,Villa del Prado - El Guabito,Comuna 05,Zona 3 - PASO DEL COMERCIO, , ,Metro Cali S.A. 22 de agosto de 2023,3.4660006379,-76.4901459986
1065178.8571,875198.3317,969,513085,Cl 62 entre Kr 4C y 4B, , ,PARADA EXTERNA, ,Villa del Prado - El Guabito,Comuna 05,Zona 3 - PASO DEL COMERCIO, , ,Metro Cali S.A. 22 de agosto de 2023,3.4675050366,-76.4910606099
1064464.8075,875108.2621,970,513095,Kr 3 entre Cl 56 y 57,Servicios de Transito, ,PARADA EXTERNA, ,Villa del Prado - El Guabito,Comuna 05,Zona 3 - PASO DEL COMERCIO, , ,Metro Cali S.A. 22 de agosto de 2023,3.4666908105,-76.4974857249
1065828.8281,875115.588,971,513104,Cl 70 entre Kr 5 y 7,Estación de servicio, ,PARADA EXTERNA, ,Villa del Prado - El Guabito,Comuna 05,Zona 3 - PASO DEL COMERCIO, , ,Metro Cali S.A. 22 de agosto de 2023,3.4667566733,-76.4852121285
1065741.8541,875371.9214,972,513106,Cl 70 entre Kr 3 y 4C P2,Metro de la 70, ,PARADA EXTERNA, ,Villa del Prado - El Guabito,Comuna 05,Zona 3 - PASO DEL COMERCIO, , ,Metro Cali S.A. 22 de agosto de 2023,3.4690744534,-76.4859946452
1064589.0887,874824.8184,973,513189,Kr 5 entre Cl 58 y 56, , ,PARADA EXTERNA, ,Villa del Prado - El Guabito,Comuna 05,Zona 3 - PASO DEL COMERCIO, , ,Metro Cali S.A. 22 de agosto de 2023,3.4641279017,-76.4963674953
1064949.0433,874934.1552,974,513190,Kr 5 entre Cl 60 y 59,Supermercado, ,PARADA EXTERNA, ,Villa del Prado - El Guabito,Comuna 05,Zona 3 - PASO DEL COMERCIO, , ,Metro Cali S.A. 22 de agosto de 2023,3.4651164304,-76.493128568
1065714.4591,875458.6149,975,513290,Cl 70 entre Kr 3 y 4C P1,Metro de la 70, ,PARADA EXTERNA, ,Villa del Prado - El Guabito,Comuna 05,Zona 3 - PASO DEL COMERCIO, , ,Metro Cali S.A. 22 de agosto de 2023,3.4698583398,-76.4862411204
1064390.796,876752.5351,976,500201,CHIMINANGOS B1, , ,ESTACIÓN,CARRERA 1,Villa del Sol,Comuna 05,Zona 3 - PASO DEL COMERCIO, , ,Metro Cali S.A. 22 de agosto de 2023,3.4815582447,-76.4981513371
1064433.8893,876802.7046,977,500203,CHIMINANGOS B2, , ,ESTACIÓN,CARRERA 1,Villa del Sol,Comuna 05,Zona 3 - PASO DEL COMERCIO, , ,Metro Cali S.A. 22 de agosto de 2023,3.4820118651,-76.4977635623
1064410.0645,876746.2584,978,513001,Kr 1 entre Cl 62 y 62A,Conexión con la estación Chiminangos, ,PARADA EXTERNA, ,Villa del Sol,Comuna 05,Zona 3 - PASO DEL COMERCIO, , ,Metro Cali S.A. 22 de agosto de 2023,3.481501487,-76.4979779559
1064596.3929,876994.1697,979,513058,Kr 1 entre Cl 62A y 66,Puente peatonal, ,PARADA EXTERNA, ,Villa del Sol,Comuna 05,Zona 3 - PASO DEL COMERCIO, , ,Metro Cali S.A. 22 de agosto de 2023,3.4837430448,-76.4963012707
1064847.2774,876801.5078,980,513059,Cl 66 entre Kr 1A y 1A6,Frente unidad residencial Villa Almendros, ,PARADA EXTERNA, ,Villa del Sol,Comuna 05,Zona 3 - PASO DEL COMERCIO, , ,Metro Cali S.A. 22 de agosto de 2023,3.4820009471,-76.4940437951
1064546.2732,876546.534,981,513214,Cl 62 entre Kr 1A6 y 1Bis,Unidad residencial, ,PARADA EXTERNA, ,Villa del Sol,Comuna 05,Zona 3 - PASO DEL COMERCIO, , ,Metro Cali S.A. 22 de agosto de 2023,3.479695561,-76.4967523626
1064778.7667,876620.9695,982,513312,Kr 1A6 entre Cl 62A y 62, , ,PARADA EXTERNA, ,Villa del Sol,Comuna 05,Zona 3 - PASO DEL COMERCIO, , ,Metro Cali S.A. 22 de agosto de 2023,3.4803685476,-76.4946603158
1065310.9551,878542.3784,983,513000,Cl 84 entre Kr 3AN y 3N, , ,PARADA EXTERNA, ,Ciudadela Floralia,Comuna 06,Zona 3 - PASO DEL COMERCIO, , ,Metro Cali S.A. 22 de agosto de 2023,3.4977416691,-76.4898709985
1064562.4281,877846.0794,984,513024,Kr 4N entre Cl 72 y 72BIS,Polideportivo, ,PARADA EXTERNA, ,Ciudadela Floralia,Comuna 06,Zona 3 - PASO DEL COMERCIO, , ,Metro Cali S.A. 22 de agosto de 2023,3.4914459692,-76.4966066999
1064765.4383,878162.8255,985,513025,Kr 4N entre Cl 72G y 72H, , ,PARADA EXTERNA, ,Ciudadela Floralia,Comuna 06,Zona 3 - PASO DEL COMERCIO, , ,Metro Cali S.A. 22 de agosto de 2023,3.4943099207,-76.494779868
1064907.7591,878414.2538,986,513026,Kr 4N entre Cl 76 y 77, , ,PARADA EXTERNA, ,Ciudadela Floralia,Comuna 06,Zona 3 - PASO DEL COMERCIO, , ,Metro Cali S.A. 22 de agosto de 2023,3.4965832847,-76.4934991488
1065005.4661,878587.676,987,513027,Kr 4N entre Cl 82 y 83, , ,PARADA EXTERNA, ,Ciudadela Floralia,Comuna 06,Zona 3 - PASO DEL COMERCIO, , ,Metro Cali S.A. 22 de agosto de 2023,3.4981513324,-76.4926198972
1065566.2964,878412.4133,988,513029,Cl 84 entre Kr 2AN y 2BisN, , ,PARADA EXTERNA, ,Ciudadela Floralia,Comuna 06,Zona 3 - PASO DEL COMERCIO, , ,Metro Cali S.A. 22 de agosto de 2023,3.4965664557,-76.4875733779
1065039.2203,878665.4141,989,513041,Kr 4N entre Cl 84 y 83, , ,PARADA EXTERNA, ,Ciudadela Floralia,Comuna 06,Zona 3 - PASO DEL COMERCIO, , ,Metro Cali S.A. 22 de agosto de 2023,3.4988542267,-76.4923161424
1064918.7199,878452.6357,990,513042,Kr 4N entre Cl 78 y 77, , ,PARADA EXTERNA, ,Ciudadela Floralia,Comuna 06,Zona 3 - PASO DEL COMERCIO, , ,Metro Cali S.A. 22 de agosto de 2023,3.4969303288,-76.4934005093
1064820.4442,878278.5009,991,513043,Kr 4N entre Cl 72K y 72J, , ,PARADA EXTERNA, ,Ciudadela Floralia,Comuna 06,Zona 3 - PASO DEL COMERCIO, , ,Metro Cali S.A. 22 de agosto de 2023,3.4953558372,-76.4942848759
1064704.0447,878072.2646,992,513044,Kr 4N entre Cl 72D y 72B, , ,PARADA EXTERNA, ,Ciudadela Floralia,Comuna 06,Zona 3 - PASO DEL COMERCIO, , ,Metro Cali S.A. 22 de agosto de 2023,3.4934910893,-76.4953323317
1065053.3936,877893.8704,993,513053,Kr 3N entre Cl 72C y 72D, , ,PARADA EXTERNA, ,Ciudadela Floralia,Comuna 06,Zona 3 - PASO DEL COMERCIO, , ,Metro Cali S.A. 22 de agosto de 2023,3.4918779709,-76.492188815
1065212.2835,878203.2026,994,513054,Kr 3N entre Cl 74 y 75, , ,PARADA EXTERNA, ,Ciudadela Floralia,Comuna 06,Zona 3 - PASO DEL COMERCIO, , ,Metro Cali S.A. 22 de agosto de 2023,3.4946748904,-76.4907589815
1065358.7946,878482.8777,995,513055,Kr 3N entre Cl 83A y 84, , ,PARADA EXTERNA, ,Ciudadela Floralia,Comuna 06,Zona 3 - PASO DEL COMERCIO, , ,Metro Cali S.A. 22 de agosto de 2023,3.4972036536,-76.4894405377
1065282.0298,878572.2446,996,513276,Cl 84 entre Kr 3N y 3AN, , ,PARADA EXTERNA, ,Ciudadela Floralia,Comuna 06,Zona 3 - PASO DEL COMERCIO, , ,Metro Cali S.A. 22 de agosto de 2023,3.4980117262,-76.4901312713
1065540.7789,878438.8385,997,513294,Cl 84 entre Kr 2Bis y 2AN, , ,PARADA EXTERNA, ,Ciudadela Floralia,Comuna 06,Zona 3 - PASO DEL COMERCIO, , ,Metro Cali S.A. 22 de agosto de 2023,3.4968053987,-76.4878029859
1065246.7589,877059.5968,998,513111,Cl 70 entre Kr 1A6 y 1A5,Entrada Alcazares, ,PARADA EXTERNA, ,Fonaviemcali,Comuna 06,Zona 3 - PASO DEL COMERCIO, , ,Metro Cali S.A. 22 de agosto de 2023,3.4843344652,-76.4904490885
1065904.2233,875169.729,999,513103,Cl 70 entre Kr 7 y 5, , ,PARADA EXTERNA, ,Jorge Eliécer Gaitán,Comuna 06,Zona 3 - PASO DEL COMERCIO, , ,Metro Cali S.A. 22 de agosto de 2023,3.4672461875,-76.4845336964
1065835.3891,875385.999,1000,513105,Cl 70 entre Kr 4 y 3D,Frente a Metro de la 70, ,PARADA EXTERNA, ,Jorge Eliécer Gaitán,Comuna 06,Zona 3 - PASO DEL COMERCIO, , ,Metro Cali S.A. 22 de agosto de 2023,3.4692017112,-76.485153001
1066390.1899,875367.598,1001,513141,Cl 73 entre Kr 7 y 2F,PTAR, ,PARADA EXTERNA, ,Jorge Eliécer Gaitán,Comuna 06,Zona 3 - PASO DEL COMERCIO, , ,Metro Cali S.A. 22 de agosto de 2023,3.4690351312,-76.4801608418
1066230.8267,875639.9368,1002,513142,Cl 73 entre Kr 4 y 3, , ,PARADA EXTERNA, ,Jorge Eliécer Gaitán,Comuna 06,Zona 3 - PASO DEL COMERCIO, , ,Metro Cali S.A. 22 de agosto de 2023,3.4714976623,-76.4815947104
1066099.1588,875973.4547,1003,513143,Cl 73 entre Kr 1I y 1J, , ,PARADA EXTERNA, ,Jorge Eliécer Gaitán,Comuna 06,Zona 3 - PASO DEL COMERCIO, , ,Metro Cali S.A. 22 de agosto de 2023,3.4745133591,-76.4827793575
1066028.3108,876196.3186,1004,513144,Cl 73 entre Kr 1G y 1F, , ,PARADA EXTERNA, ,Jorge Eliécer Gaitán,Comuna 06,Zona 3 - PASO DEL COMERCIO, , ,Metro Cali S.A. 22 de agosto de 2023,3.4765285063,-76.4834167813
1065964.8747,876224.7619,1005,513159,Cl 73 entre Kr 1E y 1F, , ,PARADA EXTERNA, ,Jorge Eliécer Gaitán,Comuna 06,Zona 3 - PASO DEL COMERCIO, , ,Metro Cali S.A. 22 de agosto de 2023,3.4767857111,-76.4839875817
1066087.6713,875850.3204,1006,513160,Cl 73 entre Kr 2A y 2B, , ,PARADA EXTERNA, ,Jorge Eliécer Gaitán,Comuna 06,Zona 3 - PASO DEL COMERCIO, , ,Metro Cali S.A. 22 de agosto de 2023,3.4733999902,-76.4828827682
1066195.5851,875642.255,1007,513161,Cl 73A entre Kr 3 y 4,Bahía junto al CAI - PTAR, ,PARADA EXTERNA, ,Jorge Eliécer Gaitán,Comuna 06,Zona 3 - PASO DEL COMERCIO, , ,Metro Cali S.A. 22 de agosto de 2023,3.4715186363,-76.4819118186
1066342.8022,875354.4334,1008,513162,Cl 73A con Kr 5, , ,PARADA EXTERNA, ,Jorge Eliécer Gaitán,Comuna 06,Zona 3 - PASO DEL COMERCIO, , ,Metro Cali S.A. 22 de agosto de 2023,3.4689161158,-76.4805872471
1065825.0899,875420.6889,1009,513300,Cl 70 entre Kr 3D y 3C,Frente a Metro de la 70, ,PARADA EXTERNA, ,Jorge Eliécer Gaitán,Comuna 06,Zona 3 - PASO DEL COMERCIO, , ,Metro Cali S.A. 22 de agosto de 2023,3.4695153787,-76.4852456628
1065700.0757,875819.4536,1010,513107,Cl 70 entre Kr 2 y 1J, , ,PARADA EXTERNA, ,La Rivera I,Comuna 06,Zona 3 - PASO DEL COMERCIO, , ,Metro Cali S.A. 22 de agosto de 2023,3.4731210264,-76.4863704268
1065754.675,876229.0603,1011,513117,Kr 1D entre Cl 71A y 72, , ,PARADA EXTERNA, ,La Rivera I,Comuna 06,Zona 3 - PASO DEL COMERCIO, , ,Metro Cali S.A. 22 de agosto de 2023,3.4768246475,-76.4858789979
1065805.2528,875905.4587,1012,513145,Kr 1J entre Cl 71A y 70C,Polideportivo La Rivera 1, ,PARADA EXTERNA, ,La Rivera I,Comuna 06,Zona 3 - PASO DEL COMERCIO, , ,Metro Cali S.A. 22 de agosto de 2023,3.4738986451,-76.4854239978
1065620.417,876071.3174,1013,513327,Cl 70 entre Kr 1GBis y 1F, , ,PARADA EXTERNA, ,La Rivera I,Comuna 06,Zona 3 - PASO DEL COMERCIO, , ,Metro Cali S.A. 22 de agosto de 2023,3.4753983894,-76.4870871284
1065043.8211,877718.4197,1014,504004,PASO DEL COMERCIO C4, , ,ESTACIÓN,CARRERA 1,Los Alcázares,Comuna 06,Zona 3 - PASO DEL COMERCIO, , ,Metro Cali S.A. 22 de agosto de 2023,3.4902915588,-76.4922749989
1065012.8088,877692.7879,1015,504006,PASO DEL COMERCIO C6, , ,TERMINAL,CARRERA 1,Los Alcázares,Comuna 06,Zona 3 - PASO DEL COMERCIO, , ,Metro Cali S.A. 22 de agosto de 2023,3.4900598058,-76.4925540646
1065080.0147,877730.0024,1016,504009,PASO DEL COMERCIO A2, , ,TERMINAL,CARRERA 1,Los Alcázares,Comuna 06,Zona 3 - PASO DEL COMERCIO, , ,Metro Cali S.A. 22 de agosto de 2023,3.490396279,-76.4919493141
1065032.6553,877691.5084,1017,504010,PASO DEL COMERCIO A3, , ,TERMINAL,CARRERA 1,Los Alcázares,Comuna 06,Zona 3 - PASO DEL COMERCIO, , ,Metro Cali S.A. 22 de agosto de 2023,3.4900482313,-76.4923754798
1064979.1445,877648.4217,1018,504011,PASO DEL COMERCIO A4, , ,TERMINAL, ,Los Alcázares,Comuna 06,Zona 3 - PASO DEL COMERCIO, , ,Metro Cali S.A. 22 de agosto de 2023,3.4896586578,-76.4928569989
1064972.8792,877618.4804,1019,504015,PASO DEL COMERCIO B2, , ,TERMINAL,CARRERA 1,Los Alcázares,Comuna 06,Zona 3 - PASO DEL COMERCIO, , ,Metro Cali S.A. 22 de agosto de 2023,3.4893879323,-76.4929133836
1065005.7715,877649.8143,1020,504016,PASO DEL COMERCIO B3, , ,TERMINAL,CARRERA 1,Los Alcázares,Comuna 06,Zona 3 - PASO DEL COMERCIO, , ,Metro Cali S.A. 22 de agosto de 2023,3.4896712429,-76.4926174
1065043.1841,877680.0285,1021,504017,PASO DEL COMERCIO B4, , ,TERMINAL,CARRERA 1,Los Alcázares,Comuna 06,Zona 3 - PASO DEL COMERCIO, , ,Metro Cali S.A. 22 de agosto de 2023,3.4899444279,-76.4922807413
1064840.0152,877368.389,1022,513060,Kr 1 entre Cl 70 y 70A,Portal Sur Terminal Paso del Comercio, ,PARADA EXTERNA, ,Los Alcázares,Comuna 06,Zona 3 - PASO DEL COMERCIO, , ,Metro Cali S.A. 22 de agosto de 2023,3.4871266546,-76.4941089991
1064762.1877,877261.032,1023,513113,Cl 70 con Kr 1,Puente del Comercio, ,PARADA EXTERNA, ,Los Alcázares,Comuna 06,Zona 3 - PASO DEL COMERCIO, , ,Metro Cali S.A. 22 de agosto de 2023,3.4861559585,-76.4948093401
1064523.5867,877805.1728,1024,513045,Kr 4N entre Cl 72A y 72, , ,PARADA EXTERNA, ,Los Guaduales,Comuna 06,Zona 3 - PASO DEL COMERCIO, , ,Metro Cali S.A. 22 de agosto de 2023,3.4910761029,-76.4969562171
1064399.0438,877627.0001,1025,513046,Kr 4N entre Cl 71E y 71D, , ,PARADA EXTERNA, ,Los Guaduales,Comuna 06,Zona 3 - PASO DEL COMERCIO, , ,Metro Cali S.A. 22 de agosto de 2023,3.4894651032,-76.4980769337
1064263.2336,877431.3611,1026,513047,Kr 4N entre Cl 71 y 70,Estación de servicio, ,PARADA EXTERNA, ,Los Guaduales,Comuna 06,Zona 3 - PASO DEL COMERCIO, , ,Metro Cali S.A. 22 de agosto de 2023,3.4876961752,-76.4992990365
1064170.4195,877437.5994,1027,513251,Cl 70 entre Kr 4CN y 5N,Estación de servicio, ,PARADA EXTERNA, ,Los Guaduales,Comuna 06,Zona 3 - PASO DEL COMERCIO, , ,Metro Cali S.A. 22 de agosto de 2023,3.4877525999,-76.5001342044
1065811.6865,878196.5419,1028,513030,Cl 84 entre Kr 1GN y 1HN, , ,PARADA EXTERNA, ,Paso del Comercio,Comuna 06,Zona 3 - PASO DEL COMERCIO, , ,Metro Cali S.A. 22 de agosto de 2023,3.4946144801,-76.4853653364
1064878.7038,877644.2156,1029,513052,Kr 3N entre Cl 71I y 72, , ,PARADA EXTERNA, ,Paso del Comercio,Comuna 06,Zona 3 - PASO DEL COMERCIO, , ,Metro Cali S.A. 22 de agosto de 2023,3.4896206527,-76.493760797
1065641.97,878139.2832,1030,513277,Kr 1FN entre Cl 81 y 80, , ,PARADA EXTERNA, ,Paso del Comercio,Comuna 06,Zona 3 - PASO DEL COMERCIO, , ,Metro Cali S.A. 22 de agosto de 2023,3.4940968058,-76.4868925259
1065504.0814,878088.1543,1031,513278,Cl 80 entre Kr 1FN y 1EN, , ,PARADA EXTERNA, ,Paso del Comercio,Comuna 06,Zona 3 - PASO DEL COMERCIO, , ,Metro Cali S.A. 22 de agosto de 2023,3.4936345445,-76.4881333131
1065377.315,878099.3335,1032,513282,Kr 1FN entre Cl 77 y 73, , ,PARADA EXTERNA, ,Paso del Comercio,Comuna 06,Zona 3 - PASO DEL COMERCIO, , ,Metro Cali S.A. 22 de agosto de 2023,3.4937356643,-76.4892739984
1065526.5402,877947.0061,1033,513283,Cl 80 entre Kr 1AN y 1N, , ,PARADA EXTERNA, ,Paso del Comercio,Comuna 06,Zona 3 - PASO DEL COMERCIO, , ,Metro Cali S.A. 22 de agosto de 2023,3.492358284,-76.4879312649
1065481.0899,878269.4727,1034,513293,Kr 2AN entre Cl 73 y 81, , ,PARADA EXTERNA, ,Paso del Comercio,Comuna 06,Zona 3 - PASO DEL COMERCIO, , ,Metro Cali S.A. 22 de agosto de 2023,3.4952740217,-76.4883401428
1066040.1654,876516.5097,1035,513125,Cl 73A entre Kr 1C1 y 1C, , ,PARADA EXTERNA, ,Petecuy II,Comuna 06,Zona 3 - PASO DEL COMERCIO, , ,Metro Cali S.A. 22 de agosto de 2023,3.4794236511,-76.4833099974
1065976.366,876748.9797,1036,513126,Cl 73A entre Kr 1A15 y 1A14,IE Pedro Antonio Molina, ,PARADA EXTERNA, ,Petecuy II,Comuna 06,Zona 3 - PASO DEL COMERCIO, , ,Metro Cali S.A. 22 de agosto de 2023,3.4815256529,-76.4838839975
1066323.0026,876435.4545,1037,513155,Kr 1D entre Cl 78 y 79, , ,PARADA EXTERNA, ,Petecuy II,Comuna 06,Zona 3 - PASO DEL COMERCIO, , ,Metro Cali S.A. 22 de agosto de 2023,3.4786906514,-76.4807649968
1066170.0863,876361.6807,1038,513154,Kr 1D entre Cl 75 y 76, , ,PARADA EXTERNA, ,Petecuy III,Comuna 06,Zona 3 - PASO DEL COMERCIO, , ,Metro Cali S.A. 22 de agosto de 2023,3.4780236502,-76.4821409971
1065734.8543,876987.1244,1039,513008,Cl 73 entre Kr 1A7 y 1A8,Sobre el separador vial, ,PARADA EXTERNA, ,San Luis,Comuna 06,Zona 3 - PASO DEL COMERCIO, , ,Metro Cali S.A. 22 de agosto de 2023,3.4836790247,-76.4860570995
1065805.4896,876720.0279,1040,513009,Cl 73 entre Kr 1A12 y 1A13, , ,PARADA EXTERNA, ,San Luis,Comuna 06,Zona 3 - PASO DEL COMERCIO, , ,Metro Cali S.A. 22 de agosto de 2023,3.4812639308,-76.4854215941
1065542.3393,876311.7327,1041,513013,Cl 70 entre Kr 1C1 y 1C, , ,PARADA EXTERNA, ,San Luis,Comuna 06,Zona 3 - PASO DEL COMERCIO, , ,Metro Cali S.A. 22 de agosto de 2023,3.4775722347,-76.4877896107
1065423.7096,876692.104,1042,513062,Cl 70 entre Kr 1A12 y 1A11, , ,PARADA EXTERNA, ,San Luis,Comuna 06,Zona 3 - PASO DEL COMERCIO, , ,Metro Cali S.A. 22 de agosto de 2023,3.4810115655,-76.4888569499
1065957.8123,876605.9785,1043,513091,Cl 73A entre Kr 1B1 y 1B2, , ,PARADA EXTERNA, ,San Luis,Comuna 06,Zona 3 - PASO DEL COMERCIO, , ,Metro Cali S.A. 22 de agosto de 2023,3.4802326516,-76.4840509975
1065958.6714,876401.8582,1044,513150,Cl 73 entre Kr 1D y 1C1, , ,PARADA EXTERNA, ,San Luis,Comuna 06,Zona 3 - PASO DEL COMERCIO, , ,Metro Cali S.A. 22 de agosto de 2023,3.4783870074,-76.4840433386
1065850.033,876742.0834,1045,513151,Cl 73 entre Kr 1A14 y 1A13, , ,PARADA EXTERNA, ,San Luis,Comuna 06,Zona 3 - PASO DEL COMERCIO, , ,Metro Cali S.A. 22 de agosto de 2023,3.4814633404,-76.4850207745
1065763.7534,877017.6496,1046,513152,Cl 73 entre Kr 1A8 y 1A7, , ,PARADA EXTERNA, ,San Luis,Comuna 06,Zona 3 - PASO DEL COMERCIO, , ,Metro Cali S.A. 22 de agosto de 2023,3.4839550223,-76.4857970477
1065866.1803,876533.5611,1047,513158,Cl 73 entre Kr 1B2 y 1B3, , ,PARADA EXTERNA, ,San Luis,Comuna 06,Zona 3 - PASO DEL COMERCIO, , ,Metro Cali S.A. 22 de agosto de 2023,3.4795778888,-76.4848755482
1065552.4609,877598.7212,1048,513006,Cl 73 entre Kr 1A3 y 1A4, , ,PARADA EXTERNA, ,San Luis II,Comuna 06,Zona 3 - PASO DEL COMERCIO, , ,Metro Cali S.A. 22 de agosto de 2023,3.4892091047,-76.4876981309
1065632.3292,877361.6436,1049,513007,Cl 73 entre Kr 1A45 y 1A5, , ,PARADA EXTERNA, ,San Luis II,Comuna 06,Zona 3 - PASO DEL COMERCIO, , ,Metro Cali S.A. 22 de agosto de 2023,3.487065438,-76.486979527
1065651.136,877378.181,1050,513153,Cl 73 entre Kr 1A4E y 1A4D, , ,PARADA EXTERNA, ,San Luis II,Comuna 06,Zona 3 - PASO DEL COMERCIO, , ,Metro Cali S.A. 22 de agosto de 2023,3.4872149622,-76.4868102926
1065576.6077,877610.6463,1051,513163,Cl 73 entre Kr 1A2C y 1A2B, , ,PARADA EXTERNA, ,San Luis II,Comuna 06,Zona 3 - PASO DEL COMERCIO, , ,Metro Cali S.A. 22 de agosto de 2023,3.4893169232,-76.4874808467
1065489.2363,877752.398,1052,513165,Cl 73 entre Kr 1A1 y K1, , ,PARADA EXTERNA, ,San Luis II,Comuna 06,Zona 3 - PASO DEL COMERCIO, , ,Metro Cali S.A. 22 de agosto de 2023,3.490598661,-76.4882669983
1065737.2839,877826.6023,1053,513237,Cl 73A entre Kr 1A y 1A1, , ,PARADA EXTERNA, ,San Luis II,Comuna 06,Zona 3 - PASO DEL COMERCIO, , ,Metro Cali S.A. 22 de agosto de 2023,3.491269533,-76.4860349604
1065750.1154,877830.1551,1054,513245,Cl 73A entre Kr 1A1 y 1A, , ,PARADA EXTERNA, ,San Luis II,Comuna 06,Zona 3 - PASO DEL COMERCIO, , ,Metro Cali S.A. 22 de agosto de 2023,3.491301653,-76.4859194971
1064352.6784,877476.4031,1055,513033,Kr 4AN entre Cl 70 y 71, , ,PARADA EXTERNA, ,Sector Puente del Comercio,Comuna 06,Zona 3 - PASO DEL COMERCIO, , ,Metro Cali S.A. 22 de agosto de 2023,3.4881034239,-76.498494176
1064461.7804,877695.3313,1056,513034,Kr 4N entre Cl 71F y 71H, , ,PARADA EXTERNA, ,Sector Puente del Comercio,Comuna 06,Zona 3 - PASO DEL COMERCIO, , ,Metro Cali S.A. 22 de agosto de 2023,3.4900829363,-76.4975123949
1064484.7779,877344.8675,1057,513048,Cl 70 entre Kr 3BN y 3EN,Puente peatonal La 14 Calima, ,PARADA EXTERNA, ,Sector Puente del Comercio,Comuna 06,Zona 3 - PASO DEL COMERCIO, , ,Metro Cali S.A. 22 de agosto de 2023,3.4869140585,-76.4973055339
1064641.1809,877653.6349,1058,513051,Cl 71I entre Kr 3C y 3B, , ,PARADA EXTERNA, ,Sector Puente del Comercio,Comuna 06,Zona 3 - PASO DEL COMERCIO, , ,Metro Cali S.A. 22 de agosto de 2023,3.4897058794,-76.4958981012
1065842.0906,877560.0805,1059,513238,Cl 76 entre Kr 1A4A y 1A4ABIS, , ,PARADA EXTERNA, ,Urbanización Calimio,Comuna 06,Zona 3 - PASO DEL COMERCIO, , ,Metro Cali S.A. 22 de agosto de 2023,3.488859624,-76.4850919652
1065911.1024,877317.8593,1060,513239,Cl 76 entre Kr 1A5ABIS y 1A5B, , ,PARADA EXTERNA, ,Urbanización Calimio,Comuna 06,Zona 3 - PASO DEL COMERCIO, , ,Metro Cali S.A. 22 de agosto de 2023,3.486669451,-76.4844710591
1066008.8115,876887.3683,1061,513241,Kr 1A12 entre Cl 76 y 73A, , ,PARADA EXTERNA, ,Urbanización Calimio,Comuna 06,Zona 3 - PASO DEL COMERCIO, , ,Metro Cali S.A. 22 de agosto de 2023,3.4827769433,-76.4835919963
1065911.8088,877018.0801,1062,513242,Cl 73A entre Kr 1A8 y 1A7BIS, , ,PARADA EXTERNA, ,Urbanización Calimio,Comuna 06,Zona 3 - PASO DEL COMERCIO, , ,Metro Cali S.A. 22 de agosto de 2023,3.4839588651,-76.484464806
1065850.4244,877265.3507,1063,513243,Cl 73A entre Kr 1A5D y 1A5CBIS, , ,PARADA EXTERNA, ,Urbanización Calimio,Comuna 06,Zona 3 - PASO DEL COMERCIO, , ,Metro Cali S.A. 22 de agosto de 2023,3.486194692,-76.4850170751
1065790.0041,877501.5674,1064,513244,Cl 73A entre Kr 1A4B1 y 1A4B, , ,PARADA EXTERNA, ,Urbanización Calimio,Comuna 06,Zona 3 - PASO DEL COMERCIO, , ,Metro Cali S.A. 22 de agosto de 2023,3.4883305694,-76.4855606752
1065949.7886,877179.1965,1065,513284,Cl 76 con Kr 1A5F Bis, , ,PARADA EXTERNA, ,Urbanización Calimio,Comuna 06,Zona 3 - PASO DEL COMERCIO, , ,Metro Cali S.A. 22 de agosto de 2023,3.485415657,-76.4841229975
1066112.825,877051.3541,1066,513285,Cl 84 entre Kr 1A8 Bis y 1A9, , ,PARADA EXTERNA, ,Urbanización Calimio,Comuna 06,Zona 3 - PASO DEL COMERCIO, , ,Metro Cali S.A. 22 de agosto de 2023,3.4842596565,-76.4826559972
1066034.6264,874755.3794,1067,514013,Cl 70 entre Kr 7C y 7BBis, , ,PARADA EXTERNA, ,Alfonso López I,Comuna 07,Zona 4 - ANDRÉS SANÍN, , ,Metro Cali S.A. 22 de agosto de 2023,3.463499618,-76.4833604619
1066411.9495,874934.426,1068,514097,Cl 73 entre Kr 7B y 7BBis, , ,PARADA EXTERNA, ,Alfonso López I,Comuna 07,Zona 4 - ANDRÉS SANÍN, , ,Metro Cali S.A. 22 de agosto de 2023,3.4651184076,-76.4799652132
1066408.2231,874720.4233,1069,514099,Cl 73 entre Kr 7D y 7C, , ,PARADA EXTERNA, ,Alfonso López I,Comuna 07,Zona 4 - ANDRÉS SANÍN, , ,Metro Cali S.A. 22 de agosto de 2023,3.4631834094,-76.4799988261
1066080.6946,874735.6248,1070,514110,Kr 7C entre Cl 70 y 72A, , ,PARADA EXTERNA, ,Alfonso López I,Comuna 07,Zona 4 - ANDRÉS SANÍN, , ,Metro Cali S.A. 22 de agosto de 2023,3.4633209817,-76.482945944
1066331.0455,874814.551,1071,514112,Kr 7C entre Cl 72A y 73, , ,PARADA EXTERNA, ,Alfonso López I,Comuna 07,Zona 4 - ANDRÉS SANÍN, , ,Metro Cali S.A. 22 de agosto de 2023,3.4640345358,-76.4806932397
1066465.4641,874981.5894,1072,514113,Cl 73 entre Kr 7C y 7ABis,Estación de servicio, ,PARADA EXTERNA, ,Alfonso López I,Comuna 07,Zona 4 - ANDRÉS SANÍN, , ,Metro Cali S.A. 22 de agosto de 2023,3.4655448355,-76.4794836659
1066369.7385,874751.9904,1073,514218,Cl 73 entre Kr 7C Bis y 7D, , ,PARADA EXTERNA, ,Alfonso López I,Comuna 07,Zona 4 - ANDRÉS SANÍN, , ,Metro Cali S.A. 22 de agosto de 2023,3.4634688519,-76.480345101
1066043.5966,874099.9153,1074,514009,Cl 70 entre Kr 7LBis y 7L, , ,PARADA EXTERNA, ,Alfonso López II,Comuna 07,Zona 4 - ANDRÉS SANÍN, , ,Metro Cali S.A. 22 de agosto de 2023,3.4575729476,-76.483279979
1066117.1307,874431.3633,1075,514011,Cl 70 entre Kr 7G y 7EBis, , ,PARADA EXTERNA, ,Alfonso López II,Comuna 07,Zona 4 - ANDRÉS SANÍN, , ,Metro Cali S.A. 22 de agosto de 2023,3.4605698544,-76.482618199
1066275.4423,874169.9772,1076,514096,Cl 73 entre Kr 7JBis y 7J, , ,PARADA EXTERNA, ,Alfonso López II,Comuna 07,Zona 4 - ANDRÉS SANÍN, , ,Metro Cali S.A. 22 de agosto de 2023,3.4582063589,-76.481193802
1066343.2718,874430.1416,1077,514098,Cl 73 entre Kr 7G y 7FBis, , ,PARADA EXTERNA, ,Alfonso López II,Comuna 07,Zona 4 - ANDRÉS SANÍN, , ,Metro Cali S.A. 22 de agosto de 2023,3.4605587244,-76.4805833723
1066305.5776,874455.142,1078,514152,Cl 73 entre Kr 7F y 7G, , ,PARADA EXTERNA, ,Alfonso López II,Comuna 07,Zona 4 - ANDRÉS SANÍN, , ,Metro Cali S.A. 22 de agosto de 2023,3.4607847907,-76.4809225369
1066203.7886,874048.0147,1079,514153,Cl 73 con Kr 7LBis, , ,PARADA EXTERNA, ,Alfonso López II,Comuna 07,Zona 4 - ANDRÉS SANÍN, , ,Metro Cali S.A. 22 de agosto de 2023,3.4571036078,-76.4818385882
1066065.1188,874142.1633,1080,514413,Cl 70 entre Kr 7L y 7JBis, , ,PARADA EXTERNA, ,Alfonso López II,Comuna 07,Zona 4 - ANDRÉS SANÍN, , ,Metro Cali S.A. 22 de agosto de 2023,3.4579549438,-76.483086307
1066109.0241,874498.0514,1081,514414,Cl 70 entre Kr 7E Bis y 7E, , ,PARADA EXTERNA, ,Alfonso López II,Comuna 07,Zona 4 - ANDRÉS SANÍN, , ,Metro Cali S.A. 22 de agosto de 2023,3.4611728471,-76.4826911186
1066113.7963,873424.8224,1082,514080,Cl 73 con Kr 8,Debajo del puente de la Kr 8, ,PARADA EXTERNA, ,Alfonso López III,Comuna 07,Zona 4 - ANDRÉS SANÍN, , ,Metro Cali S.A. 22 de agosto de 2023,3.4514687729,-76.4826485634
1066170.6361,873707.5962,1083,514082,Cl 73 entre Kr 7RBis y 7S, , ,PARADA EXTERNA, ,Alfonso López III,Comuna 07,Zona 4 - ANDRÉS SANÍN, , ,Metro Cali S.A. 22 de agosto de 2023,3.4540255761,-76.4821370185
1066227.9982,873949.8884,1084,514095,Cl 73 entre Kr 7M y 7LBis,CALI 7, ,PARADA EXTERNA, ,Alfonso López III,Comuna 07,Zona 4 - ANDRÉS SANÍN, , ,Metro Cali S.A. 22 de agosto de 2023,3.4562163467,-76.4816207862
1065901.0854,873823.8468,1085,514150,Cl 70 entre Kr 7RBis y 7MBis, , ,PARADA EXTERNA, ,Alfonso López III,Comuna 07,Zona 4 - ANDRÉS SANÍN, , ,Metro Cali S.A. 22 de agosto de 2023,3.4550768022,-76.4845623909
1066127.8365,873720.655,1086,514154,Cl 73 entre Kr 7R Bis y 7S Bis,Detrás de la institución educativa Alfonso López Pumarejo, ,PARADA EXTERNA, ,Alfonso López III,Comuna 07,Zona 4 - ANDRÉS SANÍN, , ,Metro Cali S.A. 22 de agosto de 2023,3.4541436685,-76.4825221238
1066071.2736,873434.8382,1087,514155,Cl 73 con Kr 8,Bajo el puente de la Kr 8, ,PARADA EXTERNA, ,Alfonso López III,Comuna 07,Zona 4 - ANDRÉS SANÍN, , ,Metro Cali S.A. 22 de agosto de 2023,3.4515593504,-76.4830311772
1065857.2984,873797.7087,1088,514410,Cl 70 con Kr 7R Bis,Puente de 8va hacia el Norte, ,PARADA EXTERNA, ,Alfonso López III,Comuna 07,Zona 4 - ANDRÉS SANÍN, , ,Metro Cali S.A. 22 de agosto de 2023,3.4548404779,-76.4849563947
1065821.9167,873511.0562,1089,514412,Kr 8 entre Cl 72 y 71, , ,PARADA EXTERNA, ,Alfonso López III,Comuna 07,Zona 4 - ANDRÉS SANÍN, , ,Metro Cali S.A. 22 de agosto de 2023,3.452248595,-76.4852748546
1064269.6202,873571.5512,1090,514125,Kr 8 con Cl 51,Base Aérea Marco Fidel Suárez, ,PARADA EXTERNA, ,Base Aérea,Comuna 07,Zona 4 - ANDRÉS SANÍN, , ,Metro Cali S.A. 22 de agosto de 2023,3.4527960034,-76.4992423503
1064942.5288,873562.3865,1091,514131,Kr 8 entre Cl 59 y 58, , ,PARADA EXTERNA, ,Base Aérea,Comuna 07,Zona 4 - ANDRÉS SANÍN, , ,Metro Cali S.A. 22 de agosto de 2023,3.4527129815,-76.4931875419
1063578.3087,873748.6053,1092,514313,Cl 44 entre Kr 8 y 7,Base Aérea Marco Fidel Suárez, ,PARADA EXTERNA, ,Base Aérea,Comuna 07,Zona 4 - ANDRÉS SANÍN, , ,Metro Cali S.A. 22 de agosto de 2023,3.4543970353,-76.5054627245
1066028.4805,874423.7936,1093,514012,Cl 70 entre Kr 7EBis y 7J, , ,PARADA EXTERNA, ,Fepicol,Comuna 07,Zona 4 - ANDRÉS SANÍN, , ,Metro Cali S.A. 22 de agosto de 2023,3.4605014411,-76.4834158799
1065943.5923,874751.306,1094,514014,Cl 70 entre Kr 7BBis y 7C, , ,PARADA EXTERNA, ,Fepicol,Comuna 07,Zona 4 - ANDRÉS SANÍN, , ,Metro Cali S.A. 22 de agosto de 2023,3.4634628182,-76.4841795945
1065676.1609,873529.3867,1095,514346,Kr 8 con Cl 70, , ,PARADA EXTERNA, ,Las Ceibas,Comuna 07,Zona 4 - ANDRÉS SANÍN, , ,Metro Cali S.A. 22 de agosto de 2023,3.4524143861,-76.4865863541
1065823.2141,873821.5662,1096,514399,Cl 70 con Kr 7R,Puente de 8va hacia el Sur, ,PARADA EXTERNA, ,Las Ceibas,Comuna 07,Zona 4 - ANDRÉS SANÍN, , ,Metro Cali S.A. 22 de agosto de 2023,3.4550562074,-76.4852630769
1065944.7604,874103.4199,1097,514010,Cl 70 entre Kr 7L y 7LBis, , ,PARADA EXTERNA, ,Los Pinos,Comuna 07,Zona 4 - ANDRÉS SANÍN, , ,Metro Cali S.A. 22 de agosto de 2023,3.4576046704,-76.4841693074
1063394.0415,873663.2854,1098,514119,Kr 8 entre Cl 44 y 36,Acuaparque de la Caña, ,PARADA EXTERNA, ,Parque de la Caña,Comuna 07,Zona 4 - ANDRÉS SANÍN, , ,Metro Cali S.A. 22 de agosto de 2023,3.4536256027,-76.5071207687
1063557.9416,873739.7703,1099,514312,Cl 44 entre Kr 7 y 8,Acuaparque de la Caña, ,PARADA EXTERNA, ,Parque de la Caña,Comuna 07,Zona 4 - ANDRÉS SANÍN, , ,Metro Cali S.A. 22 de agosto de 2023,3.4543171526,-76.5056459886
1065631.3782,872746.7108,1100,501050,7 DE AGOSTO A1, , ,ESTACIÓN,CARRERA 15,Siete de Agosto,Comuna 07,Zona 4 - ANDRÉS SANÍN, , ,Metro Cali S.A. 22 de agosto de 2023,3.4453374917,-76.4869895555
1065602.6197,872727.177,1101,501051,7 DE AGOSTO B1, , ,ESTACIÓN,CARRERA 15,Siete de Agosto,Comuna 07,Zona 4 - ANDRÉS SANÍN, , ,Metro Cali S.A. 22 de agosto de 2023,3.4451608773,-76.4872483278
1065583.6845,872729.7606,1102,501052,7 DE AGOSTO A2, , ,ESTACIÓN,CARRERA 15,Siete de Agosto,Comuna 07,Zona 4 - ANDRÉS SANÍN, , ,Metro Cali S.A. 22 de agosto de 2023,3.4451842441,-76.4874187039
1065650.2799,872743.8342,1103,501053,7 DE AGOSTO B2, , ,ESTACIÓN,CARRERA 15,Siete de Agosto,Comuna 07,Zona 4 - ANDRÉS SANÍN, , ,Metro Cali S.A. 22 de agosto de 2023,3.4453114756,-76.4868194809
1065461.536,872981.9336,1104,514002,Cl 70 entre Kr 11C y 11B, , ,PARADA EXTERNA, ,Siete de Agosto,Comuna 07,Zona 4 - ANDRÉS SANÍN, , ,Metro Cali S.A. 22 de agosto de 2023,3.447464415,-76.4885177073
1065956.1373,872986.9957,1105,514156,Cl 73 entre Kr 11 y Dg 14, , ,PARADA EXTERNA, ,Siete de Agosto,Comuna 07,Zona 4 - ANDRÉS SANÍN, , ,Metro Cali S.A. 22 de agosto de 2023,3.4475100256,-76.4840673232
1066018.0663,873254.7067,1106,514345,Cl 73 entre Kr 8C y 8D, , ,PARADA EXTERNA, ,Siete de Agosto,Comuna 07,Zona 4 - ANDRÉS SANÍN, , ,Metro Cali S.A. 22 de agosto de 2023,3.4499306308,-76.4835099974
1065934.5852,872798.0793,1107,514365,Cl 73 entre Dg 15 y 16, , ,PARADA EXTERNA, ,Siete de Agosto,Comuna 07,Zona 4 - ANDRÉS SANÍN, , ,Metro Cali S.A. 22 de agosto de 2023,3.4458018622,-76.484261312
1065541.8231,873183.5018,1108,514409,Cl 70 con Kr 11,Puente de 8va hacia el Norte, ,PARADA EXTERNA, ,Siete de Agosto,Comuna 07,Zona 4 - ANDRÉS SANÍN, , ,Metro Cali S.A. 22 de agosto de 2023,3.449286958,-76.4877952281
1065899.3524,873458.0136,1109,514411,Kr 8 entre Cl 72 y 72B, , ,PARADA EXTERNA, ,Siete de Agosto,Comuna 07,Zona 4 - ANDRÉS SANÍN, , ,Metro Cali S.A. 22 de agosto de 2023,3.4517689608,-76.484578109
1065368.2319,872801.5001,1110,518030,Cl 70 entre Dg 15 y 13,Puente peatonal, ,PARADA EXTERNA, ,Siete de Agosto,Comuna 07,Zona 4 - ANDRÉS SANÍN, , ,Metro Cali S.A. 22 de agosto de 2023,3.445832974,-76.4893573032
1066086.2272,872846.822,1111,514017,Kr 15 entre Cl 73 y 74, , ,PARADA EXTERNA, ,Urbanización El Ángel del Hogar,Comuna 07,Zona 4 - ANDRÉS SANÍN, , ,Metro Cali S.A. 22 de agosto de 2023,3.4462425377,-76.4828968346
1066179.8093,872860.8931,1112,514058,Kr 15 entre Cl 74A y 74, , ,PARADA EXTERNA, ,Urbanización El Ángel del Hogar,Comuna 07,Zona 4 - ANDRÉS SANÍN, , ,Metro Cali S.A. 22 de agosto de 2023,3.446369734,-76.4820547864
1066049.9414,873070.6549,1113,514157,Cl 73 entre Kr 11 y 10, , ,PARADA EXTERNA, ,Urbanización El Ángel del Hogar,Comuna 07,Zona 4 - ANDRÉS SANÍN, , ,Metro Cali S.A. 22 de agosto de 2023,3.4482664343,-76.4832232519
1065995.297,872733.2886,1114,514401,Cl 73 entre Dg 18 y 17, , ,PARADA EXTERNA, ,Urbanización El Ángel del Hogar,Comuna 07,Zona 4 - ANDRÉS SANÍN, , ,Metro Cali S.A. 22 de agosto de 2023,3.4452160076,-76.4837150556
1063257.4881,872694.4724,1115,501250,ATANASIO GIRARDOT A1, , ,ESTACIÓN,CARRERA 15,Atanasio Girardot,Comuna 08,Zona 4 - ANDRÉS SANÍN, , ,Metro Cali S.A. 22 de agosto de 2023,3.4448656701,-76.5083495849
1063273.5769,872683.1698,1116,501251,ATANASIO GIRARDOT B1, , ,ESTACIÓN,CARRERA 15,Atanasio Girardot,Comuna 08,Zona 4 - ANDRÉS SANÍN, , ,Metro Cali S.A. 22 de agosto de 2023,3.4447634708,-76.5082048208
1064306.2256,872588.5721,1117,501150,VILLACOLOMBIA A1, , ,ESTACIÓN,CARRERA 15,Chapinero,Comuna 08,Zona 4 - ANDRÉS SANÍN, , ,Metro Cali S.A. 22 de agosto de 2023,3.4439079577,-76.4989131771
1064322.2869,872577.9731,1118,501151,VILLACOLOMBIA B1, , ,ESTACIÓN,CARRERA 15,Chapinero,Comuna 08,Zona 4 - ANDRÉS SANÍN, , ,Metro Cali S.A. 22 de agosto de 2023,3.4438121188,-76.4987686615
1063930.697,872636.6343,1119,501200,CHAPINERO A1, , ,ESTACIÓN,CARRERA 15,Chapinero,Comuna 08,Zona 4 - ANDRÉS SANÍN, , ,Metro Cali S.A. 22 de agosto de 2023,3.4443426042,-76.5022921321
1063946.4958,872626.4173,1120,501201,CHAPINERO B1, , ,ESTACIÓN,CARRERA 15,Chapinero,Comuna 08,Zona 4 - ANDRÉS SANÍN, , ,Metro Cali S.A. 22 de agosto de 2023,3.44425022,-76.5021499781
1063854.9291,872686.9611,1121,514348,Cl 44 entre Kr 15 y 14,Conexión con la estación Chapinero, ,PARADA EXTERNA, ,Chapinero,Comuna 08,Zona 4 - ANDRÉS SANÍN, , ,Metro Cali S.A. 22 de agosto de 2023,3.444797669,-76.502973875
1063866.5976,872558.2122,1122,514350,Cl 44 entre Kr 15A y 16,Conexión con la estación Chapinero, ,PARADA EXTERNA, ,Chapinero,Comuna 08,Zona 4 - ANDRÉS SANÍN, , ,Metro Cali S.A. 22 de agosto de 2023,3.4436335272,-76.5028689046
1064623.5982,872552.8231,1123,501100,EL TRÉBOL A1, , ,ESTACIÓN,CARRERA 15,El Trébol,Comuna 08,Zona 4 - ANDRÉS SANÍN, , ,Metro Cali S.A. 22 de agosto de 2023,3.443584648,-76.496057503
1064639.6162,872542.2942,1124,501101,EL TRÉBOL B1, , ,ESTACIÓN,CARRERA 15,El Trébol,Comuna 08,Zona 4 - ANDRÉS SANÍN, , ,Metro Cali S.A. 22 de agosto de 2023,3.4434894425,-76.4959133774
1064747.1301,872462.5781,1125,514402,Kr 23 entre Kr 15 y Cl 58, , ,PARADA EXTERNA, ,El Trébol,Comuna 08,Zona 4 - ANDRÉS SANÍN, , ,Metro Cali S.A. 22 de agosto de 2023,3.4427686286,-76.4949459991
1064896.6102,872449.5319,1126,518029,Kr 23 entre Cl 60 y 61, , ,PARADA EXTERNA, ,El Trébol,Comuna 08,Zona 4 - ANDRÉS SANÍN, , ,Metro Cali S.A. 22 de agosto de 2023,3.4426506286,-76.493600999
1063730.2251,873168.8999,1127,514019,Cl 44 entre Kr 12 y 11D, , ,PARADA EXTERNA, ,El Troncal,Comuna 08,Zona 4 - ANDRÉS SANÍN, , ,Metro Cali S.A. 22 de agosto de 2023,3.449155351,-76.5040958734
1063407.8754,873639.5905,1128,514120,Kr 8 entre Cl 39 y 41,Frente al Acuaparque de la Cana, ,PARADA EXTERNA, ,El Troncal,Comuna 08,Zona 4 - ANDRÉS SANÍN, , ,Metro Cali S.A. 22 de agosto de 2023,3.4534113531,-76.5069962946
1063931.9835,873590.1736,1129,514121,Kr 8 con Cl 47,Base Aérea Marco Fidel Suárez, ,PARADA EXTERNA, ,El Troncal,Comuna 08,Zona 4 - ANDRÉS SANÍN, , ,Metro Cali S.A. 22 de agosto de 2023,3.4529644494,-76.5022803917
1063623.848,873495.0758,1130,514262,Cl 44 entre Kr 8A y 9, , ,PARADA EXTERNA, ,El Troncal,Comuna 08,Zona 4 - ANDRÉS SANÍN, , ,Metro Cali S.A. 22 de agosto de 2023,3.4521046299,-76.5050529998
1063834.0898,873589.5739,1131,514314,Kr 8 entre Cl 44B y 47, , ,PARADA EXTERNA, ,El Troncal,Comuna 08,Zona 4 - ANDRÉS SANÍN, , ,Metro Cali S.A. 22 de agosto de 2023,3.4529590435,-76.5031612364
1063053.7166,873710.398,1132,514343,Kr 8 entre Cl 35 y 34A, , ,PARADA EXTERNA, ,El Troncal,Comuna 08,Zona 4 - ANDRÉS SANÍN, , ,Metro Cali S.A. 22 de agosto de 2023,3.4540516302,-76.5101829999
1063777.8323,872983.7715,1133,514349,Cl 44 entre Kr 12C y 12, , ,PARADA EXTERNA, ,El Troncal,Comuna 08,Zona 4 - ANDRÉS SANÍN, , ,Metro Cali S.A. 22 de agosto de 2023,3.4474814235,-76.5036675365
1063045.9372,873693.1449,1134,514357,Kr 8 entre Cl 34 y 35,Zona Industrial, ,PARADA EXTERNA, ,El Troncal,Comuna 08,Zona 4 - ANDRÉS SANÍN, , ,Metro Cali S.A. 22 de agosto de 2023,3.4538956301,-76.5102529999
1063647.0334,873492.7931,1135,514386,Cl 44 entre Kr 9 y 8A,Servientrega, ,PARADA EXTERNA, ,El Troncal,Comuna 08,Zona 4 - ANDRÉS SANÍN, , ,Metro Cali S.A. 22 de agosto de 2023,3.4520839866,-76.5048443788
1063933.4679,873131.8672,1136,514388,Kr 12 entre Cl 48 y 47, , ,PARADA EXTERNA, ,El Troncal,Comuna 08,Zona 4 - ANDRÉS SANÍN, , ,Metro Cali S.A. 22 de agosto de 2023,3.44882047,-76.5022671143
1062817.4051,873852.6388,1137,514114,Cl 34 entre Kr 7 y 8, , ,PARADA EXTERNA, ,Industrial,Comuna 08,Zona 4 - ANDRÉS SANÍN, , ,Metro Cali S.A. 22 de agosto de 2023,3.4553377841,-76.5123093149
1062500.2799,873671.2358,1138,514115,Kr 8 entre Cl 34 y 26,Antigua Bavaria, ,PARADA EXTERNA, ,Industrial,Comuna 08,Zona 4 - ANDRÉS SANÍN, , ,Metro Cali S.A. 22 de agosto de 2023,3.4536975696,-76.5151628145
1062256.6495,873632.1746,1139,514116,Kr 8 entre Cl 27 y 26, , ,PARADA EXTERNA, ,Industrial,Comuna 08,Zona 4 - ANDRÉS SANÍN, , ,Metro Cali S.A. 22 de agosto de 2023,3.4533443905,-76.5173549966
1062199.4611,873376.686,1140,514354,Cl 26 entre Kr 10 y 9,Zona Industrial, ,PARADA EXTERNA, ,Industrial,Comuna 08,Zona 4 - ANDRÉS SANÍN, , ,Metro Cali S.A. 22 de agosto de 2023,3.4510342794,-76.5178695829
1062282.9033,873608.113,1141,514355,Kr 8 entre Cl 26 y 28,Zona Industrial, ,PARADA EXTERNA, ,Industrial,Comuna 08,Zona 4 - ANDRÉS SANÍN, , ,Metro Cali S.A. 22 de agosto de 2023,3.4531268261,-76.5171187664
1062711.4774,873696.9753,1142,514356,Kr 8 entre Cl 32 y 33,Zona Industrial, ,PARADA EXTERNA, ,Industrial,Comuna 08,Zona 4 - ANDRÉS SANÍN, , ,Metro Cali S.A. 22 de agosto de 2023,3.4539302919,-76.5132624624
1064624.2766,873546.1102,1143,514129,Kr 8 entre Cl 56 y 54,Base Aérea Marco Fidel Suárez, ,PARADA EXTERNA, ,La Base,Comuna 08,Zona 4 - ANDRÉS SANÍN, , ,Metro Cali S.A. 22 de agosto de 2023,3.4525658904,-76.4960511689
1064644.2696,873529.5215,1144,514130,Kr 8 entre Cl 54 y 56, , ,PARADA EXTERNA, ,La Base,Comuna 08,Zona 4 - ANDRÉS SANÍN, , ,Metro Cali S.A. 22 de agosto de 2023,3.4524158917,-76.4958712764
1064907.8995,873540.7965,1145,514132,Kr 8 entre Cl 58 y 59, , ,PARADA EXTERNA, ,La Base,Comuna 08,Zona 4 - ANDRÉS SANÍN, , ,Metro Cali S.A. 22 de agosto de 2023,3.452517775,-76.4934991408
1064841.3867,873021.906,1146,514257,Kr 12 entre Cl 59 y 58A,Base Aérea Marco Fidel Suárez, ,PARADA EXTERNA, ,La Base,Comuna 08,Zona 4 - ANDRÉS SANÍN, , ,Metro Cali S.A. 22 de agosto de 2023,3.4478260149,-76.4940977505
1064916.2993,873247.2243,1147,514342,Cl 59 entre Kr 10 y 10A,Base Aérea Marco Fidel Suárez, ,PARADA EXTERNA, ,La Base,Comuna 08,Zona 4 - ANDRÉS SANÍN, , ,Metro Cali S.A. 22 de agosto de 2023,3.4498633105,-76.493423635
1064566.1954,873063.1299,1148,514392,Kr 12 entre Cl 56 y 54, , ,PARADA EXTERNA, ,La Base,Comuna 08,Zona 4 - ANDRÉS SANÍN, , ,Metro Cali S.A. 22 de agosto de 2023,3.4481988247,-76.4965738911
1064949.0087,873411.1432,1149,514396,Cl 59 entre Kr 8A y 8B, , ,PARADA EXTERNA, ,La Base,Comuna 08,Zona 4 - ANDRÉS SANÍN, , ,Metro Cali S.A. 22 de agosto de 2023,3.4513454469,-76.4931292752
1062558.0783,872744.0219,1150,501300,FLORESTA A1, , ,ESTACIÓN,CARRERA 15,La Floresta,Comuna 08,Zona 4 - ANDRÉS SANÍN, , ,Metro Cali S.A. 22 de agosto de 2023,3.4453137538,-76.5146427977
1062574.3589,872733.9472,1151,501301,FLORESTA B1, , ,ESTACIÓN,CARRERA 15,La Floresta,Comuna 08,Zona 4 - ANDRÉS SANÍN, , ,Metro Cali S.A. 22 de agosto de 2023,3.445222658,-76.5144963071
1063764.0981,872955.7216,1152,514285,Cl 44 entre Kr 12B y 12C, , ,PARADA EXTERNA, ,Las Américas,Comuna 08,Zona 4 - ANDRÉS SANÍN, , ,Metro Cali S.A. 22 de agosto de 2023,3.4472278002,-76.5037911201
1063702.232,873196.5524,1153,514387,Cl 44 entre Kr 11D y 11F, , ,PARADA EXTERNA, ,Las Américas,Comuna 08,Zona 4 - ANDRÉS SANÍN, , ,Metro Cali S.A. 22 de agosto de 2023,3.4494053876,-76.5043477493
1065294.716,872914.6251,1154,514003,Cl 70 con Kr 12,Paso Peatonal, ,PARADA EXTERNA, ,Urbanización La Nueva Base,Comuna 08,Zona 4 - ANDRÉS SANÍN, , ,Metro Cali S.A. 22 de agosto de 2023,3.446855865,-76.4900187596
1065308.6031,873551.8623,1155,514133,Kr 8 entre Cl 62 y 61, , ,PARADA EXTERNA, ,Urbanización La Nueva Base,Comuna 08,Zona 4 - ANDRÉS SANÍN, , ,Metro Cali S.A. 22 de agosto de 2023,3.4526177217,-76.48989362
1065267.7651,873540.2227,1156,514134,Kr 8 entre Cl 59 y 70, , ,PARADA EXTERNA, ,Urbanización La Nueva Base,Comuna 08,Zona 4 - ANDRÉS SANÍN, , ,Metro Cali S.A. 22 de agosto de 2023,3.4525124889,-76.4902610823
1065664.8216,873494.0209,1157,514347,Kr 8 con Cl 70, , ,PARADA EXTERNA, ,Urbanización La Nueva Base,Comuna 08,Zona 4 - ANDRÉS SANÍN, , ,Metro Cali S.A. 22 de agosto de 2023,3.4520946143,-76.4866883961
1065074.3666,872578.946,1158,514408,Kr 23 entre Cl 70 y 63,Parque la Base, ,PARADA EXTERNA, ,Urbanización La Nueva Base,Comuna 08,Zona 4 - ANDRÉS SANÍN, , ,Metro Cali S.A. 22 de agosto de 2023,3.4438207363,-76.4920015348
1065394.8244,873048.509,1159,514558,Cl 70 entre Kr 11A y 11B,Urbanización La Nueva Base, ,PARADA EXTERNA, ,Urbanización La Nueva Base,Comuna 08,Zona 4 - ANDRÉS SANÍN, , ,Metro Cali S.A. 22 de agosto de 2023,3.4480664058,-76.4891179531
1064136.2926,873555.6597,1160,514126,Kr 8 entre Cl 49 y 50,Nueva EPS, ,PARADA EXTERNA, ,Villa Colombia,Comuna 08,Zona 4 - ANDRÉS SANÍN, , ,Metro Cali S.A. 22 de agosto de 2023,3.4526523396,-76.5004420309
1064436.415,873540.7573,1161,514128,Kr 8 entre Cl 52 y 54, , ,PARADA EXTERNA, ,Villa Colombia,Comuna 08,Zona 4 - ANDRÉS SANÍN, , ,Metro Cali S.A. 22 de agosto de 2023,3.4525175319,-76.4977415425
1064262.1155,873096.0332,1162,514390,Kr 12 entre Cl 52 y 51, , ,PARADA EXTERNA, ,Villa Colombia,Comuna 08,Zona 4 - ANDRÉS SANÍN, , ,Metro Cali S.A. 22 de agosto de 2023,3.4484963996,-76.4993099729
1065823.022,872191.0331,1163,514287,Cl 72H1 entre Kr 22 y 22B,Centro de Salud - Misión medica, ,PARADA EXTERNA, ,Charco Azul,Comuna 13,Zona 4 - ANDRÉS SANÍN, , ,Metro Cali S.A. 22 de agosto de 2023,3.4403130246,-76.485265349
1065922.4253,872263.767,1164,514367,Cl 73 entre Kr 25S y 25T, , ,PARADA EXTERNA, ,Charco Azul,Comuna 13,Zona 4 - ANDRÉS SANÍN, , ,Metro Cali S.A. 22 de agosto de 2023,3.4409706465,-76.484370908
1065924.5394,872568.2914,1165,514382,Cl 73 entre Kr 19 y 22, , ,PARADA EXTERNA, ,Charco Azul,Comuna 13,Zona 4 - ANDRÉS SANÍN, , ,Metro Cali S.A. 22 de agosto de 2023,3.4437241372,-76.4843517816
1064826.9258,871756.6005,1166,518049,Cl 70 entre Kr 26E y 26D, , ,PARADA EXTERNA, ,Lleras Restrepo,Comuna 13,Zona 4 - ANDRÉS SANÍN, , ,Metro Cali S.A. 22 de agosto de 2023,3.4363852018,-76.4942281827
1065335.1582,872045.2253,1167,514290,Cl 72D con Kr 25 Bis, , ,PARADA EXTERNA, ,Lleras Restrepo II,Comuna 13,Zona 4 - ANDRÉS SANÍN, , ,Metro Cali S.A. 22 de agosto de 2023,3.4389947922,-76.4896551176
1065104.9489,871841.7883,1168,514291,Cl 72D entre Kr 26 y 26A, , ,PARADA EXTERNA, ,Lleras Restrepo II,Comuna 13,Zona 4 - ANDRÉS SANÍN, , ,Metro Cali S.A. 22 de agosto de 2023,3.4371553921,-76.4917265592
1064687.7273,871499.5753,1169,518051,Cl 70 entre Dg 69 y Kr 26H, , ,PARADA EXTERNA, ,Lleras Restrepo II,Comuna 13,Zona 4 - ANDRÉS SANÍN, , ,Metro Cali S.A. 22 de agosto de 2023,3.4340612292,-76.4954807257
1064808.1799,870459.1966,1170,502700,TRONCAL UNIDA B1, , ,ESTACIÓN,AGUABLANCA,Los Comuneros II,Comuna 13,Zona 4 - ANDRÉS SANÍN, , ,Metro Cali S.A. 22 de agosto de 2023,3.4246541579,-76.4943971739
1064803.4162,870479.1975,1171,502701,TRONCAL UNIDA A1, , ,ESTACIÓN,AGUABLANCA,Los Comuneros II,Comuna 13,Zona 4 - ANDRÉS SANÍN, , ,Metro Cali S.A. 22 de agosto de 2023,3.424835006,-76.4944400313
1065274.8674,870274.1238,1172,514416,Cl 72U entre Kr 28A y 28A1,Parque, ,PARADA EXTERNA, ,Los Comuneros II,Comuna 13,Zona 4 - ANDRÉS SANÍN, , ,Metro Cali S.A. 22 de agosto de 2023,3.4229806157,-76.49019811
1064705.4965,870542.4004,1173,515250,Kr 28D entre Cl 72G y 72I, , ,PARADA EXTERNA, ,Los Comuneros II,Comuna 13,Zona 4 - ANDRÉS SANÍN, , ,Metro Cali S.A. 22 de agosto de 2023,3.4254065067,-76.4953210691
1065704.9439,870978.8399,1174,514303,Cl 72U entre Kr 26J y 26I3, , ,PARADA EXTERNA, ,Los Lagos,Comuna 13,Zona 4 - ANDRÉS SANÍN, , ,Metro Cali S.A. 22 de agosto de 2023,3.429352485,-76.4863281887
1065794.7493,871150.0727,1175,514304,Cl 72U entre Kr 26H3 y 26H2, , ,PARADA EXTERNA, ,Los Lagos,Comuna 13,Zona 4 - ANDRÉS SANÍN, , ,Metro Cali S.A. 22 de agosto de 2023,3.4309007323,-76.4855200858
1065782.7,871175.5095,1176,514307,Cl 72U entre Kr 26G11 y 26H3, , ,PARADA EXTERNA, ,Los Lagos,Comuna 13,Zona 4 - ANDRÉS SANÍN, , ,Metro Cali S.A. 22 de agosto de 2023,3.4311307343,-76.4856284942
1065684.2346,870986.9892,1177,514308,Cl 72U entre Kr 26I2 y 26J, , ,PARADA EXTERNA, ,Los Lagos,Comuna 13,Zona 4 - ANDRÉS SANÍN, , ,Metro Cali S.A. 22 de agosto de 2023,3.4294261772,-76.4865145231
1065951.8663,871025.2437,1178,514372,Cl 73 entre Kr 26H3 y 26I, , ,PARADA EXTERNA, ,Los Lagos,Comuna 13,Zona 4 - ANDRÉS SANÍN, , ,Metro Cali S.A. 22 de agosto de 2023,3.4297719827,-76.4841064269
1065890.9672,870694.935,1179,514374,Cl 73 entre Kr 26M y 26N,Frente a la estación de Policía Los Mangos, ,PARADA EXTERNA, ,Los Lagos,Comuna 13,Zona 4 - ANDRÉS SANÍN, , ,Metro Cali S.A. 22 de agosto de 2023,3.426785372,-76.4846544934
1065949.5417,871238.5669,1180,514417,Cl 73 entre Dg 26G11 y Kr 26H, , ,PARADA EXTERNA, ,Los Lagos,Comuna 13,Zona 4 - ANDRÉS SANÍN, , ,Metro Cali S.A. 22 de agosto de 2023,3.4317008391,-76.4841272701
1065941.1563,870816.1818,1181,514541,Cl 73 entre Kr 26J y 26K, , ,PARADA EXTERNA, ,Los Lagos,Comuna 13,Zona 4 - ANDRÉS SANÍN, , ,Metro Cali S.A. 22 de agosto de 2023,3.4278816612,-76.4842028643
1065908.7759,871392.866,1182,514305,Cl 72U entre Kr 26G8 y 26G7, , ,PARADA EXTERNA, ,Marroquín III,Comuna 13,Zona 4 - ANDRÉS SANÍN, , ,Metro Cali S.A. 22 de agosto de 2023,3.4330960164,-76.4844940191
1065888.3288,871370.2971,1183,514306,Cl 72U entre Kr 26G7 y 26G8, , ,PARADA EXTERNA, ,Marroquín III,Comuna 13,Zona 4 - ANDRÉS SANÍN, , ,Metro Cali S.A. 22 de agosto de 2023,3.4328919567,-76.4846780053
1065946.3174,871434.2216,1184,514370,Cl 73 entre Kr 26G6 y 26G7,Marroqui III, ,PARADA EXTERNA, ,Marroquín III,Comuna 13,Zona 4 - ANDRÉS SANÍN, , ,Metro Cali S.A. 22 de agosto de 2023,3.4334699384,-76.4841562146
1065427.0028,870442.8554,1185,514301,Cl 72U entre Kr 27G y 27F, , ,PARADA EXTERNA, ,Omar Torrijos,Comuna 13,Zona 4 - ANDRÉS SANÍN, , ,Metro Cali S.A. 22 de agosto de 2023,3.424506232,-76.4888291926
1065553.0679,870685.7478,1186,514302,Cl 72U entre Kr 27 y 26R, , ,PARADA EXTERNA, ,Omar Torrijos,Comuna 13,Zona 4 - ANDRÉS SANÍN, , ,Metro Cali S.A. 22 de agosto de 2023,3.426702412,-76.4876948213
1065725.2096,870306.3815,1187,514376,Cl 72Y entre Kr 27A y 27B, , ,PARADA EXTERNA, ,Omar Torrijos,Comuna 13,Zona 4 - ANDRÉS SANÍN, , ,Metro Cali S.A. 22 de agosto de 2023,3.4232721497,-76.4861460602
1065086.8408,871646.6772,1188,514561,Kr 26H entre Cl 72D y 72H, , ,PARADA EXTERNA, ,Ricardo Balcázar,Comuna 13,Zona 4 - ANDRÉS SANÍN, , ,Metro Cali S.A. 22 de agosto de 2023,3.4353912142,-76.4918895453
1065162.0786,871513.5446,1189,514562,Kr 26H entre Cl 72H5 y 72I, , ,PARADA EXTERNA, ,Ricardo Balcázar,Comuna 13,Zona 4 - ANDRÉS SANÍN, , ,Metro Cali S.A. 22 de agosto de 2023,3.4341874165,-76.491212607
1065544.0405,870717.3011,1190,514309,Cl 72U entre Kr 26S y 27, , ,PARADA EXTERNA, ,Rodrigo Lara Bonilla,Comuna 13,Zona 4 - ANDRÉS SANÍN, , ,Metro Cali S.A. 22 de agosto de 2023,3.4269877179,-76.4877760376
1065937.353,871937.6414,1191,514400,Cl 73 entre Kr 26 y 26G3,Laguna del Pondaje, ,PARADA EXTERNA, ,Sector Laguna del Pondaje,Comuna 13,Zona 4 - ANDRÉS SANÍN, , ,Metro Cali S.A. 22 de agosto de 2023,3.4380218332,-76.4842367023
1065852.3185,872204.2354,1192,514449,Kr 25U entre Kr 22 y Cl 72U,Cancha multiple frente al CAI de Charco Azul, ,PARADA EXTERNA, ,Sector Laguna del Pondaje,Comuna 13,Zona 4 - ANDRÉS SANÍN, , ,Metro Cali S.A. 22 de agosto de 2023,3.4404323892,-76.485001739
1065393.3284,871786.433,1193,514477,Cl 72H1 con Kr 25C,Unidad Recreativa Villa del Lago, ,PARADA EXTERNA, ,Sector Laguna del Pondaje,Comuna 13,Zona 4 - ANDRÉS SANÍN, , ,Metro Cali S.A. 22 de agosto de 2023,3.4366547905,-76.4891317881
1065567.4645,871863.0805,1194,514478,Cl 72H1 con Kr 24C, , ,PARADA EXTERNA, ,Sector Laguna del Pondaje,Comuna 13,Zona 4 - ANDRÉS SANÍN, , ,Metro Cali S.A. 22 de agosto de 2023,3.4373477795,-76.4875649194
1065244.4186,871490.7195,1195,514507,Kr 26 entre Cl 72I1 y 72I Bis, , ,PARADA EXTERNA, ,Sector Laguna del Pondaje,Comuna 13,Zona 4 - ANDRÉS SANÍN, , ,Metro Cali S.A. 22 de agosto de 2023,3.4339810101,-76.490471735
1065273.1824,871693.9403,1196,514508,Cl 72H1 entre Kr 26 y 25G,Cancha de futbol - Villa del Lago, ,PARADA EXTERNA, ,Sector Laguna del Pondaje,Comuna 13,Zona 4 - ANDRÉS SANÍN, , ,Metro Cali S.A. 22 de agosto de 2023,3.4358185122,-76.4902128663
1065092.2365,871350.8506,1197,514517,Cl 72J entre Kr 26I1 y 26I, , ,PARADA EXTERNA, ,Sector Laguna del Pondaje,Comuna 13,Zona 4 - ANDRÉS SANÍN, , ,Metro Cali S.A. 22 de agosto de 2023,3.4327163663,-76.4918410758
1065246.8573,871441.0134,1198,514529,Cl 72J entre Kr 26H y 26, , ,PARADA EXTERNA, ,Sector Laguna del Pondaje,Comuna 13,Zona 4 - ANDRÉS SANÍN, , ,Metro Cali S.A. 22 de agosto de 2023,3.4335315698,-76.4904498062
1065160.7582,871285.9304,1199,514530,Cl 72K entre Kr 26H4 y 26I, , ,PARADA EXTERNA, ,Sector Laguna del Pondaje,Comuna 13,Zona 4 - ANDRÉS SANÍN, , ,Metro Cali S.A. 22 de agosto de 2023,3.4321293428,-76.4912245504
1065139.1084,871131.7166,1200,514532,Cl 72K entre Kr 26K1 y 26J,SENA El Pondaje, ,PARADA EXTERNA, ,Sector Laguna del Pondaje,Comuna 13,Zona 4 - ANDRÉS SANÍN, , ,Metro Cali S.A. 22 de agosto de 2023,3.4307349569,-76.4914193927
1065131.9646,871149.4437,1201,514551,Cl 72K entre Kr 26J y 26K1,SENA El Pondaje, ,PARADA EXTERNA, ,Sector Laguna del Pondaje,Comuna 13,Zona 4 - ANDRÉS SANÍN, , ,Metro Cali S.A. 22 de agosto de 2023,3.4308952462,-76.4914836661
1064964.4607,872016.5967,1202,514137,Cl 70 entre Kr 26 y 25B,Asadero Cali&Cali, ,PARADA EXTERNA, ,Ulpiano Lloreda,Comuna 13,Zona 4 - ANDRÉS SANÍN, , ,Metro Cali S.A. 22 de agosto de 2023,3.4387360368,-76.4929906016
1065113.9988,872310.5756,1203,514138,Cl 70 entre Kr 24B y 24A, , ,PARADA EXTERNA, ,Ulpiano Lloreda,Comuna 13,Zona 4 - ANDRÉS SANÍN, , ,Metro Cali S.A. 22 de agosto de 2023,3.4413941364,-76.4916450021
1065525.5676,871917.0599,1204,514425,Kr 24C entre Cl 72H1 y 72F3,Villa del Lago, ,PARADA EXTERNA, ,Villa del Lago,Comuna 13,Zona 4 - ANDRÉS SANÍN, , ,Metro Cali S.A. 22 de agosto de 2023,3.437835871,-76.4879418838
1065422.8463,872097.8071,1205,514426,Kr 24C entre Cl 72D2 y 72D1, , ,PARADA EXTERNA, ,Villa del Lago,Comuna 13,Zona 4 - ANDRÉS SANÍN, , ,Metro Cali S.A. 22 de agosto de 2023,3.4394702077,-76.4888660985
1064790.3421,871099.7645,1206,514560,Kr 27 entre Cl 72J y 72K,Frente al Parque - Villablanca, ,PARADA EXTERNA, ,Villablanca,Comuna 13,Zona 4 - ANDRÉS SANÍN, , ,Metro Cali S.A. 22 de agosto de 2023,3.430446139,-76.4945575167
1064789.1883,871111.4653,1207,514563,Kr 27 entre Cl 72J2 y 72J1,Parque Villablanca, ,PARADA EXTERNA, ,Villablanca,Comuna 13,Zona 4 - ANDRÉS SANÍN, , ,Metro Cali S.A. 22 de agosto de 2023,3.4305519372,-76.4945678955
1066512.0525,869589.2787,1208,514074,Tv 103 entre Kr 27C y 27D, , ,PARADA EXTERNA, ,Alfonso Bonilla Aragón,Comuna 14,Zona 4 - ANDRÉS SANÍN, , ,Metro Cali S.A. 22 de agosto de 2023,3.4167878661,-76.4790665686
1065780.779,870301.025,1209,514076,Cl 73 entre Kr 27B y 27D, , ,PARADA EXTERNA, ,Alfonso Bonilla Aragón,Comuna 14,Zona 4 - ANDRÉS SANÍN, , ,Metro Cali S.A. 22 de agosto de 2023,3.4232236983,-76.4856460656
1066461.5583,869330.4563,1210,514077,Tv 103 entre Kr 28 y 28-3,CAI Alfonso Bonilla Aragón, ,PARADA EXTERNA, ,Alfonso Bonilla Aragón,Comuna 14,Zona 4 - ANDRÉS SANÍN, , ,Metro Cali S.A. 22 de agosto de 2023,3.4144476295,-76.4795209965
1065978.0723,870277.0246,1211,514081,Kr 27 entre Cl 77 y 78, , ,PARADA EXTERNA, ,Alfonso Bonilla Aragón,Comuna 14,Zona 4 - ANDRÉS SANÍN, , ,Metro Cali S.A. 22 de agosto de 2023,3.4230066212,-76.4838708895
1066204.7911,870060.1885,1212,514083,Kr 27 entre Cl 85 y 86, , ,PARADA EXTERNA, ,Alfonso Bonilla Aragón,Comuna 14,Zona 4 - ANDRÉS SANÍN, , ,Metro Cali S.A. 22 de agosto de 2023,3.4210459212,-76.4818310228
1066441.3046,869838.1999,1213,514084,Kr 27 entre Cl 91 y 96, , ,PARADA EXTERNA, ,Alfonso Bonilla Aragón,Comuna 14,Zona 4 - ANDRÉS SANÍN, , ,Metro Cali S.A. 22 de agosto de 2023,3.4190386243,-76.4797030369
1066298.6819,870004.3122,1214,514192,Kr 27 entre Cl 91 y 88, , ,PARADA EXTERNA, ,Alfonso Bonilla Aragón,Comuna 14,Zona 4 - ANDRÉS SANÍN, , ,Metro Cali S.A. 22 de agosto de 2023,3.4205406562,-76.4809862449
1066085.762,870202.9207,1215,514193,Kr 27 entre Cl 81 y 80, , ,PARADA EXTERNA, ,Alfonso Bonilla Aragón,Comuna 14,Zona 4 - ANDRÉS SANÍN, , ,Metro Cali S.A. 22 de agosto de 2023,3.4223365403,-76.4829019571
1065689.8466,869994.5286,1216,514278,Cl 79 entre Kr 28C y 28D,Ciudadela Educativa Nuevo Latir, ,PARADA EXTERNA, ,Alfonso Bonilla Aragón,Comuna 14,Zona 4 - ANDRÉS SANÍN, , ,Metro Cali S.A. 22 de agosto de 2023,3.4204524059,-76.4864643453
1065845.7526,870448.1481,1217,514377,Cl 73 entre Kr 27 y 26U, , ,PARADA EXTERNA, ,Alfonso Bonilla Aragón,Comuna 14,Zona 4 - ANDRÉS SANÍN, , ,Metro Cali S.A. 22 de agosto de 2023,3.4245539549,-76.4850614042
1065728.1583,869989.5317,1218,514415,Cl 73 entre Kr 28A y 28, , ,PARADA EXTERNA, ,Alfonso Bonilla Aragón,Comuna 14,Zona 4 - ANDRÉS SANÍN, , ,Metro Cali S.A. 22 de agosto de 2023,3.4204072118,-76.486119631
1066493.3257,869815.7456,1219,514421,Kr 27 entre Cl 96 y 95, , ,PARADA EXTERNA, ,Alfonso Bonilla Aragón,Comuna 14,Zona 4 - ANDRÉS SANÍN, , ,Metro Cali S.A. 22 de agosto de 2023,3.4188355736,-76.4792349778
1066332.328,871925.008,1220,514067,Tv 103 entre Cl 74 y Kr 26B2, , ,PARADA EXTERNA, ,Alirio Mora Beltrán,Comuna 14,Zona 4 - ANDRÉS SANÍN, , ,Metro Cali S.A. 22 de agosto de 2023,3.4379074602,-76.480682789
1066419.6334,871688.0672,1221,514068,Tv 103 entre Cl 76 y 77, , ,PARADA EXTERNA, ,Alirio Mora Beltrán,Comuna 14,Zona 4 - ANDRÉS SANÍN, , ,Metro Cali S.A. 22 de agosto de 2023,3.4357650223,-76.4798973206
1066436.7615,871720.4153,1222,514091,Tv 103 entre Cl 77 y 76,Colegio Francisco Eladio Ramirez, ,PARADA EXTERNA, ,Alirio Mora Beltrán,Comuna 14,Zona 4 - ANDRÉS SANÍN, , ,Metro Cali S.A. 22 de agosto de 2023,3.4360575053,-76.4797431928
1066348.1636,871973.6722,1223,514092,Tv 103 entre Cl 75 y 74, , ,PARADA EXTERNA, ,Alirio Mora Beltrán,Comuna 14,Zona 4 - ANDRÉS SANÍN, , ,Metro Cali S.A. 22 de agosto de 2023,3.438347473,-76.4805402846
1066271.0412,872112.3009,1224,514219,Tv 103 entre Kr 26A2 y 26A3, , ,PARADA EXTERNA, ,Alirio Mora Beltrán,Comuna 14,Zona 4 - ANDRÉS SANÍN, , ,Metro Cali S.A. 22 de agosto de 2023,3.4396009744,-76.4812341678
1066293.247,872129.7681,1225,514220,Tv 103 con Cl 73C, , ,PARADA EXTERNA, ,Alirio Mora Beltrán,Comuna 14,Zona 4 - ANDRÉS SANÍN, , ,Metro Cali S.A. 22 de agosto de 2023,3.4397589035,-76.4810343569
1066676.6843,870490.8992,1226,514071,Tv 103 entre Dg 26P3 y 26P4, , ,PARADA EXTERNA, ,José Manuel Marroquín I,Comuna 14,Zona 4 - ANDRÉS SANÍN, , ,Metro Cali S.A. 22 de agosto de 2023,3.4249401989,-76.4775849091
1066635.6448,870269.0306,1227,514072,Tv 103 entre Dg 26P8 y 26P9, , ,PARADA EXTERNA, ,José Manuel Marroquín I,Comuna 14,Zona 4 - ANDRÉS SANÍN, , ,Metro Cali S.A. 22 de agosto de 2023,3.4229340929,-76.4779542592
1066592.0736,870028.6707,1228,514073,Tv 103 entre Dg 26P14 y 26P15, , ,PARADA EXTERNA, ,José Manuel Marroquín I,Comuna 14,Zona 4 - ANDRÉS SANÍN, , ,Metro Cali S.A. 22 de agosto de 2023,3.4207607906,-76.4783463945
1066605.183,869952.6352,1229,514085,Tv 103 entre Dg 26P17 y 26P16, , ,PARADA EXTERNA, ,José Manuel Marroquín I,Comuna 14,Zona 4 - ANDRÉS SANÍN, , ,Metro Cali S.A. 22 de agosto de 2023,3.4200732769,-76.4782284706
1066663.2721,870270.0448,1230,514086,Tv 103 entre Dg 26P9 y 26P8, , ,PARADA EXTERNA, ,José Manuel Marroquín I,Comuna 14,Zona 4 - ANDRÉS SANÍN, , ,Metro Cali S.A. 22 de agosto de 2023,3.4229432521,-76.477705677
1066645.9016,869677.8857,1231,514190,Kr 27 entre Cl 106 y Tv 103,Comfandi CASONA, ,PARADA EXTERNA, ,José Manuel Marroquín I,Comuna 14,Zona 4 - ANDRÉS SANÍN, , ,Metro Cali S.A. 22 de agosto de 2023,3.4175889919,-76.4778622082
1065922.0842,870633.4056,1232,514443,Cl 73 entre Kr 26M y Dg 26M,"Estación de Bomberos, junto a la estación de Policía Los Mangos", ,PARADA EXTERNA, ,José Manuel Marroquín I,Comuna 14,Zona 4 - ANDRÉS SANÍN, , ,Metro Cali S.A. 22 de agosto de 2023,3.4262290163,-76.4843745321
1066705.0252,870496.5819,1233,514559,Tv 103 entre Dg 26P4 y Kr 26J, , ,PARADA EXTERNA, ,José Manuel Marroquín I,Comuna 14,Zona 4 - ANDRÉS SANÍN, , ,Metro Cali S.A. 22 de agosto de 2023,3.42499157,-76.4773299037
1065991.3455,872059.6919,1234,514368,Cl 73 entre Kr 26B2 y 26B1,Frente a la laguna del Pondaje, ,PARADA EXTERNA, ,José Manuel Marroquín II,Comuna 14,Zona 4 - ANDRÉS SANÍN, , ,Metro Cali S.A. 22 de agosto de 2023,3.4391253878,-76.4837508446
1065999.8055,871541.949,1235,514371,Cl 73 entre Kr 26G4 y 26G3, , ,PARADA EXTERNA, ,José Manuel Marroquín II,Comuna 14,Zona 4 - ANDRÉS SANÍN, , ,Metro Cali S.A. 22 de agosto de 2023,3.4344439845,-76.4836749027
1066009.5231,871060.0155,1236,514373,Cl 73 entre Kr 26H3 y 26H2, , ,PARADA EXTERNA, ,José Manuel Marroquín II,Comuna 14,Zona 4 - ANDRÉS SANÍN, , ,Metro Cali S.A. 22 de agosto de 2023,3.4300863672,-76.4835876332
1065993.5585,871740.1522,1237,514381,Cl 73 entre Kr 26F1 y 26F, , ,PARADA EXTERNA, ,José Manuel Marroquín II,Comuna 14,Zona 4 - ANDRÉS SANÍN, , ,Metro Cali S.A. 22 de agosto de 2023,3.4362361282,-76.4837310432
1066009.5549,870859.3707,1238,514384,Cl 73 entre Dg 26I3 y 26I2, , ,PARADA EXTERNA, ,José Manuel Marroquín II,Comuna 14,Zona 4 - ANDRÉS SANÍN, , ,Metro Cali S.A. 22 de agosto de 2023,3.4282721489,-76.4835874168
1066002.7473,871347.1743,1239,514431,Cl 73 entre Kr 26G9 y 26G8, , ,PARADA EXTERNA, ,José Manuel Marroquín II,Comuna 14,Zona 4 - ANDRÉS SANÍN, , ,Metro Cali S.A. 22 de agosto de 2023,3.4326828423,-76.4836485006
1066610.2039,869678.4132,1240,514186,Kr 27 entre Tv 103 y Cl 104,Galería CASONA, ,PARADA EXTERNA, ,Las Orquídeas,Comuna 14,Zona 4 - ANDRÉS SANÍN, , ,Metro Cali S.A. 22 de agosto de 2023,3.4175937759,-76.4781834031
1066910.7973,869149.5419,1241,514337,Kr 28 entre Cl 116A y 112, , ,PARADA EXTERNA, ,Las Orquídeas,Comuna 14,Zona 4 - ANDRÉS SANÍN, , ,Metro Cali S.A. 22 de agosto de 2023,3.4128116285,-76.4754789953
1066859.7828,869167.5666,1242,514338,Kr 28 entre Cl 112 y 116, , ,PARADA EXTERNA, ,Las Orquídeas,Comuna 14,Zona 4 - ANDRÉS SANÍN, , ,Metro Cali S.A. 22 de agosto de 2023,3.4129746286,-76.4759379955
1066692.9075,869264.6059,1243,514339,Kr 28 entre Cl 108 y 112, , ,PARADA EXTERNA, ,Las Orquídeas,Comuna 14,Zona 4 - ANDRÉS SANÍN, , ,Metro Cali S.A. 22 de agosto de 2023,3.4138521215,-76.4774394328
1066866.7234,869233.0566,1244,514340,Cl 112 entre Kr 27G y 27F, , ,PARADA EXTERNA, ,Las Orquídeas,Comuna 14,Zona 4 - ANDRÉS SANÍN, , ,Metro Cali S.A. 22 de agosto de 2023,3.4135667823,-76.4758755193
1066969.4529,869416.5442,1245,514341,Cl 112 entre Kr 27D y 27, , ,PARADA EXTERNA, ,Las Orquídeas,Comuna 14,Zona 4 - ANDRÉS SANÍN, , ,Metro Cali S.A. 22 de agosto de 2023,3.4152258223,-76.4749511219
1066482.7883,869280.3574,1246,514403,Tv 103 entre Kr 28-4 y 28-3,Despues de la Glorieta, ,PARADA EXTERNA, ,Las Orquídeas,Comuna 14,Zona 4 - ANDRÉS SANÍN, , ,Metro Cali S.A. 22 de agosto de 2023,3.4139946296,-76.4793299964
1066550.2392,869648.2599,1247,514404,Tv 103 entre Kr 27B y 27A, , ,PARADA EXTERNA, ,Las Orquídeas,Comuna 14,Zona 4 - ANDRÉS SANÍN, , ,Metro Cali S.A. 22 de agosto de 2023,3.4173211555,-76.4787229556
1066858.0245,869538.5322,1248,514468,Kr 27 entre Cl 108 y 109, , ,PARADA EXTERNA, ,Las Orquídeas,Comuna 14,Zona 4 - ANDRÉS SANÍN, , ,Metro Cali S.A. 22 de agosto de 2023,3.4163288782,-76.475953661
1066654.3091,869296.2783,1249,514494,Kr 28 entre Cl 108 y 107B, , ,PARADA EXTERNA, ,Las Orquídeas,Comuna 14,Zona 4 - ANDRÉS SANÍN, , ,Metro Cali S.A. 22 de agosto de 2023,3.4141385172,-76.4777867133
1066511.4321,869426.7396,1250,514495,Tv 103 entre Kr 28 y Cl 97, , ,PARADA EXTERNA, ,Las Orquídeas,Comuna 14,Zona 4 - ANDRÉS SANÍN, , ,Metro Cali S.A. 22 de agosto de 2023,3.4153181975,-76.4790722138
1066545.0228,871324.3065,1251,514069,Tv 103 entre Cl 79 y 79A, , ,PARADA EXTERNA, ,Los Naranjos II,Comuna 14,Zona 4 - ANDRÉS SANÍN, , ,Metro Cali S.A. 22 de agosto de 2023,3.4324758708,-76.4787692337
1066691.7396,871006.4489,1252,514088,Tv 103 entre Cl 84 y 80F, , ,PARADA EXTERNA, ,Los Naranjos II,Comuna 14,Zona 4 - ANDRÉS SANÍN, , ,Metro Cali S.A. 22 de agosto de 2023,3.4296017624,-76.4774492373
1066550.16,871401.1413,1253,514090,Tv 103 entre Cl 79 y 78, , ,PARADA EXTERNA, ,Los Naranjos II,Comuna 14,Zona 4 - ANDRÉS SANÍN, , ,Metro Cali S.A. 22 de agosto de 2023,3.4331706044,-76.4787229801
1067075.6389,869604.7648,1254,514173,Cl 112 entre Kr 27 y 26Q, , ,PARADA EXTERNA, ,Manuela Beltrán,Comuna 14,Zona 4 - ANDRÉS SANÍN, , ,Metro Cali S.A. 22 de agosto de 2023,3.4169276554,-76.4739956188
1067293.1961,869977.8087,1255,514174,Cl 112 entre Kr 26J5 y 26J, , ,PARADA EXTERNA, ,Manuela Beltrán,Comuna 14,Zona 4 - ANDRÉS SANÍN, , ,Metro Cali S.A. 22 de agosto de 2023,3.420300598,-76.4720379494
1067279.34,870003.2638,1256,514175,Cl 112 entre Kr 26J y 26J5, , ,PARADA EXTERNA, ,Manuela Beltrán,Comuna 14,Zona 4 - ANDRÉS SANÍN, , ,Metro Cali S.A. 22 de agosto de 2023,3.4205307679,-76.4721626104
1067540.7746,870409.7184,1257,514176,Cl 112 entre Kr 26F y 26E, , ,PARADA EXTERNA, ,Manuela Beltrán,Comuna 14,Zona 4 - ANDRÉS SANÍN, , ,Metro Cali S.A. 22 de agosto de 2023,3.4242057833,-76.4698101156
1067529.5113,870439.7597,1258,514181,Cl 112 entre Kr 26D y 26E, , ,PARADA EXTERNA, ,Manuela Beltrán,Comuna 14,Zona 4 - ANDRÉS SANÍN, , ,Metro Cali S.A. 22 de agosto de 2023,3.4244774203,-76.4699114452
1067425.1965,870252.0192,1259,514182,Cl 112 entre Kr 26H2 y 26H3, , ,PARADA EXTERNA, ,Manuela Beltrán,Comuna 14,Zona 4 - ANDRÉS SANÍN, , ,Metro Cali S.A. 22 de agosto de 2023,3.4227799315,-76.4708501263
1067030.5276,869564.9601,1260,514183,Cl 112 entre Kr 26Q y 27, , ,PARADA EXTERNA, ,Manuela Beltrán,Comuna 14,Zona 4 - ANDRÉS SANÍN, , ,Metro Cali S.A. 22 de agosto de 2023,3.4165677635,-76.474401531
1067556.3411,870534.6749,1261,514184,Kr 26C entre Cl 111 y 112, , ,PARADA EXTERNA, ,Manuela Beltrán,Comuna 14,Zona 4 - ANDRÉS SANÍN, , ,Metro Cali S.A. 22 de agosto de 2023,3.4253356249,-76.4696699933
1067156.894,869785.8282,1262,514275,Cl 112 entre Kr 26L y 26M,Supermercado el Canario, ,PARADA EXTERNA, ,Manuela Beltrán,Comuna 14,Zona 4 - ANDRÉS SANÍN, , ,Metro Cali S.A. 22 de agosto de 2023,3.4185647837,-76.4732644351
1067188.5102,869803.1479,1263,514276,Cl 112 entre Kr 26L y 26K1, , ,PARADA EXTERNA, ,Manuela Beltrán,Comuna 14,Zona 4 - ANDRÉS SANÍN, , ,Metro Cali S.A. 22 de agosto de 2023,3.4187213732,-76.4729799559
1067445.001,870246.4231,1264,514277,Cl 112 entre Kr 26H3 y 26H2, , ,PARADA EXTERNA, ,Manuela Beltrán,Comuna 14,Zona 4 - ANDRÉS SANÍN, , ,Metro Cali S.A. 22 de agosto de 2023,3.4227293226,-76.4706719342
1066870.6434,869555.8008,1265,514469,Kr 27 entre Cl 109 y 108, , ,PARADA EXTERNA, ,Manuela Beltrán,Comuna 14,Zona 4 - ANDRÉS SANÍN, , ,Metro Cali S.A. 22 de agosto de 2023,3.4164850145,-76.4758401137
1066682.8265,870940.5603,1266,514070,Tv 103 entre Cl 84 y 85, , ,PARADA EXTERNA, ,Promociones Populares B,Comuna 14,Zona 4 - ANDRÉS SANÍN, , ,Metro Cali S.A. 22 de agosto de 2023,3.4290060052,-76.4775294618
1066737.4663,870660.4812,1267,514087,Tv 103 entre Cl 95 y 92,Clinica Versalles, ,PARADA EXTERNA, ,Promociones Populares B,Comuna 14,Zona 4 - ANDRÉS SANÍN, , ,Metro Cali S.A. 22 de agosto de 2023,3.4264735243,-76.4770379412
1067684.9868,870698.0475,1268,514123,Cl 112 entre Kr 26A y 26A1, , ,PARADA EXTERNA, ,Promociones Populares B,Comuna 14,Zona 4 - ANDRÉS SANÍN, , ,Metro Cali S.A. 22 de agosto de 2023,3.4268127675,-76.4685123965
1067589.4512,870536.0803,1269,514124,Cl 112 entre Kr 26B3 y 26C, , ,PARADA EXTERNA, ,Promociones Populares B,Comuna 14,Zona 4 - ANDRÉS SANÍN, , ,Metro Cali S.A. 22 de agosto de 2023,3.4253483165,-76.4693720774
1066781.8576,870604.5464,1270,514161,Cl 95 entre Kr 26I7 y 26I6,Clinica Versalles, ,PARADA EXTERNA, ,Promociones Populares B,Comuna 14,Zona 4 - ANDRÉS SANÍN, , ,Metro Cali S.A. 22 de agosto de 2023,3.4259677468,-76.4766385437
1067013.2449,870640.2268,1271,514162,Cl 95 entre Kr 26H y 26G4,Polideportivo Villa San Marcos, ,PARADA EXTERNA, ,Promociones Populares B,Comuna 14,Zona 4 - ANDRÉS SANÍN, , ,Metro Cali S.A. 22 de agosto de 2023,3.4262902683,-76.4745565707
1067437.0785,870726.5522,1272,514177,Kr 26C entre Cl 100 y 99, , ,PARADA EXTERNA, ,Promociones Populares B,Comuna 14,Zona 4 - ANDRÉS SANÍN, , ,Metro Cali S.A. 22 de agosto de 2023,3.4270706253,-76.4707429937
1067180.4618,870652.5507,1273,514178,Kr 26G entre Cl 97 y 94, , ,PARADA EXTERNA, ,Promociones Populares B,Comuna 14,Zona 4 - ANDRÉS SANÍN, , ,Metro Cali S.A. 22 de agosto de 2023,3.4264016258,-76.4730519946
1066973.3983,870615.9859,1274,514179,Cl 94 entre Kr 26H y 26I, , ,PARADA EXTERNA, ,Promociones Populares B,Comuna 14,Zona 4 - ANDRÉS SANÍN, , ,Metro Cali S.A. 22 de agosto de 2023,3.4260711008,-76.4749151096
1067462.4206,870681.2093,1275,514180,Kr 26C entre Cl 97 y 108, , ,PARADA EXTERNA, ,Promociones Populares B,Comuna 14,Zona 4 - ANDRÉS SANÍN, , ,Metro Cali S.A. 22 de agosto de 2023,3.4266606252,-76.4705149936
1067547.8928,870565.8624,1276,514185,Kr 26C entre Cl 112 y 110, , ,PARADA EXTERNA, ,Promociones Populares B,Comuna 14,Zona 4 - ANDRÉS SANÍN, , ,Metro Cali S.A. 22 de agosto de 2023,3.425617625,-76.4697459933
1067305.8101,870890.341,1277,514358,Kr 26C entre Cl 94 y 91, , ,PARADA EXTERNA, ,Promociones Populares B,Comuna 14,Zona 4 - ANDRÉS SANÍN, , ,Metro Cali S.A. 22 de agosto de 2023,3.4285516548,-76.4719240366
1067328.3782,870848.0914,1278,514424,Kr 26C entre Cl 94 y 97, , ,PARADA EXTERNA, ,Promociones Populares B,Comuna 14,Zona 4 - ANDRÉS SANÍN, , ,Metro Cali S.A. 22 de agosto de 2023,3.4281696256,-76.4717209941
1066705.9366,870650.7354,1279,514427,Tv 103 con Dg 26O,Clinica Versalles, ,PARADA EXTERNA, ,Promociones Populares B,Comuna 14,Zona 4 - ANDRÉS SANÍN, , ,Metro Cali S.A. 22 de agosto de 2023,3.4263854163,-76.4773216406
1067638.4903,870583.7702,1280,514485,Cl 112 entre Kr 26B1 y 26, , ,PARADA EXTERNA, ,Promociones Populares B,Comuna 14,Zona 4 - ANDRÉS SANÍN, , ,Metro Cali S.A. 22 de agosto de 2023,3.4257795019,-76.4689308146
1066876.8113,871035.7503,1281,514556,Kr 26G entre Cl 84 y 89, , ,PARADA EXTERNA, ,Promociones Populares B,Comuna 14,Zona 4 - ANDRÉS SANÍN, , ,Metro Cali S.A. 22 de agosto de 2023,3.4298666264,-76.4757839954
1067053.5051,870804.7349,1282,514557,Kr 26G con Cl 91,Parque Lineal UNIMETRO, ,PARADA EXTERNA, ,Promociones Populares B,Comuna 14,Zona 4 - ANDRÉS SANÍN, , ,Metro Cali S.A. 22 de agosto de 2023,3.4277777231,-76.474194249
1067096.5461,870764.8012,1283,514564,Kr 26G entre Cl 94 y 91, , ,PARADA EXTERNA, ,Promociones Populares B,Comuna 14,Zona 4 - ANDRÉS SANÍN, , ,Metro Cali S.A. 22 de agosto de 2023,3.427416626,-76.4738069948
1067164.0913,871072.8875,1284,514359,Kr 26C entre Cl 91 y 89,Puertas del Sol, ,PARADA EXTERNA, ,Puerta del Sol,Comuna 14,Zona 4 - ANDRÉS SANÍN, , ,Metro Cali S.A. 22 de agosto de 2023,3.4302022937,-76.4731991045
1067178.3311,871035.986,1285,514398,Kr 26C entre Cl 89 y 90, , ,PARADA EXTERNA, ,Puerta del Sol,Comuna 14,Zona 4 - ANDRÉS SANÍN, , ,Metro Cali S.A. 22 de agosto de 2023,3.429868626,-76.4730709946
1067047.1499,871214.2534,1286,514555,Kr 26C entre Cl 85 y 84,Puertas del Sol - CAI, ,PARADA EXTERNA, ,Puerta del Sol,Comuna 14,Zona 4 - ANDRÉS SANÍN, , ,Metro Cali S.A. 22 de agosto de 2023,3.4314805677,-76.4742512533
1066916.3784,871002.2416,1287,514565,Kr 26G entre Cl 91 y 84, , ,PARADA EXTERNA, ,Puerta del Sol,Comuna 14,Zona 4 - ANDRÉS SANÍN, , ,Metro Cali S.A. 22 de agosto de 2023,3.4295636263,-76.4754279953
1066963.4931,871173.7778,1288,514566,Cl 84 entre Kr 26E y 26C, , ,PARADA EXTERNA, ,Puerta del Sol,Comuna 14,Zona 4 - ANDRÉS SANÍN, , ,Metro Cali S.A. 22 de agosto de 2023,3.4311146264,-76.4750039952
1067874.9023,869598.3471,1289,514033,Cl 123 entre Kr 26J1 y 26J2, , ,PARADA EXTERNA, ,Calimio Desepaz,Comuna 21,Zona 4 - ANDRÉS SANÍN, , ,Metro Cali S.A. 22 de agosto de 2023,3.416869247,-76.4668041431
1067567.8557,869070.5119,1290,514035,Cl 123 entre Kr 27C y 27D, , ,PARADA EXTERNA, ,Calimio Desepaz,Comuna 21,Zona 4 - ANDRÉS SANÍN, , ,Metro Cali S.A. 22 de agosto de 2023,3.4120967451,-76.4695670874
1067672.7499,869252.4474,1291,514037,Cl 123 entre Kr 26P y 26Q, , ,PARADA EXTERNA, ,Calimio Desepaz,Comuna 21,Zona 4 - ANDRÉS SANÍN, , ,Metro Cali S.A. 22 de agosto de 2023,3.4137417438,-76.4686232042
1067347.5668,869112.8404,1292,514039,Cl 121 entre Kr 27F y 27D1,Restaurante Comunitario, ,PARADA EXTERNA, ,Calimio Desepaz,Comuna 21,Zona 4 - ANDRÉS SANÍN, , ,Metro Cali S.A. 22 de agosto de 2023,3.4124795812,-76.4715491368
1067770.3247,869398.8763,1293,514041,Cl 123 entre Kr 26M3 y 26M1, , ,PARADA EXTERNA, ,Calimio Desepaz,Comuna 21,Zona 4 - ANDRÉS SANÍN, , ,Metro Cali S.A. 22 de agosto de 2023,3.4150656968,-76.4677451925
1067897.1379,869614.6258,1294,514042,Cl 123 entre Kr 26J2 y 26J, , ,PARADA EXTERNA, ,Calimio Desepaz,Comuna 21,Zona 4 - ANDRÉS SANÍN, , ,Metro Cali S.A. 22 de agosto de 2023,3.4170164267,-76.4666040671
1067670.0511,869710.4769,1295,514201,Cl 121 entre Kr 26K y 26K1, , ,PARADA EXTERNA, ,Calimio Desepaz,Comuna 21,Zona 4 - ANDRÉS SANÍN, , ,Metro Cali S.A. 22 de agosto de 2023,3.4178832205,-76.4686472645
1067471.8652,869369.8428,1296,514202,Cl 121 entre Kr 26R y 26R1, , ,PARADA EXTERNA, ,Calimio Desepaz,Comuna 21,Zona 4 - ANDRÉS SANÍN, , ,Metro Cali S.A. 22 de agosto de 2023,3.4148033232,-76.4704306301
1067463.7475,869318.548,1297,514208,Cl 121 con Kr 26P, , ,PARADA EXTERNA, ,Calimio Desepaz,Comuna 21,Zona 4 - ANDRÉS SANÍN, , ,Metro Cali S.A. 22 de agosto de 2023,3.4143395225,-76.470503694
1067668.8799,869672.6067,1298,514209,Cl 121 entre Kr 26J2 y 26J3, , ,PARADA EXTERNA, ,Calimio Desepaz,Comuna 21,Zona 4 - ANDRÉS SANÍN, , ,Metro Cali S.A. 22 de agosto de 2023,3.417540801,-76.4686578209
1067286.6932,869047.7095,1299,514232,Cl 121 entre Kr 27I y 27J, , ,PARADA EXTERNA, ,Calimio Desepaz,Comuna 21,Zona 4 - ANDRÉS SANÍN, , ,Metro Cali S.A. 22 de agosto de 2023,3.4118906996,-76.4720968822
1067642.0232,869177.0967,1300,514236,Cl 123 entre Kr 26T y 26S, , ,PARADA EXTERNA, ,Calimio Desepaz,Comuna 21,Zona 4 - ANDRÉS SANÍN, , ,Metro Cali S.A. 22 de agosto de 2023,3.4130604424,-76.4688997073
1067575.8767,869066.7953,1301,514271,Cl 123 entre Kr 27B y 27, , ,PARADA EXTERNA, ,Calimio Desepaz,Comuna 21,Zona 4 - ANDRÉS SANÍN, , ,Metro Cali S.A. 22 de agosto de 2023,3.4120631359,-76.4694949195
1067594.9421,869582.6677,1302,514534,Cl 121 entre Kr 26M y 26M1, , ,PARADA EXTERNA, ,Calimio Desepaz,Comuna 21,Zona 4 - ANDRÉS SANÍN, , ,Metro Cali S.A. 22 de agosto de 2023,3.4167276141,-76.4693231297
1067598.5824,869550.2708,1303,514535,Cl 121 con Kr 26M, , ,PARADA EXTERNA, ,Calimio Desepaz,Comuna 21,Zona 4 - ANDRÉS SANÍN, , ,Metro Cali S.A. 22 de agosto de 2023,3.4164346815,-76.4692903912
1067912.0788,871606.8465,1304,514027,Kr 23 con Cl 96, , ,PARADA EXTERNA, ,Ciudad Talanga,Comuna 21,Zona 4 - ANDRÉS SANÍN, , ,Metro Cali S.A. 22 de agosto de 2023,3.4350299596,-76.4664686231
1067993.6652,871553.2466,1305,514049,Kr 23 entre Cl 98A y 98, , ,PARADA EXTERNA, ,Ciudad Talanga,Comuna 21,Zona 4 - ANDRÉS SANÍN, , ,Metro Cali S.A. 22 de agosto de 2023,3.4345452704,-76.4657345524
1067352.8374,871440.2361,1306,514214,Kr 25 entre Cl 86 y 85, , ,PARADA EXTERNA, ,Ciudad Talanga,Comuna 21,Zona 4 - ANDRÉS SANÍN, , ,Metro Cali S.A. 22 de agosto de 2023,3.4335237516,-76.4715006435
1067776.343,871513.4011,1307,514553,Cl 94 entre Kr 100 y 99, , ,PARADA EXTERNA, ,Ciudad Talanga,Comuna 21,Zona 4 - ANDRÉS SANÍN, , ,Metro Cali S.A. 22 de agosto de 2023,3.4341851007,-76.4676899934
1067703.5504,871459.8162,1308,514567,Cl 94 entre Cl 86 y 87, , ,PARADA EXTERNA, ,Ciudad Talanga,Comuna 21,Zona 4 - ANDRÉS SANÍN, , ,Metro Cali S.A. 22 de agosto de 2023,3.4337006258,-76.4683449928
1068068.3653,870986.3292,1309,514111,Cl 112 entre Kr 23 y 24, , ,PARADA EXTERNA, ,Ciudadela del Rio - CVC,Comuna 21,Zona 4 - ANDRÉS SANÍN, , ,Metro Cali S.A. 22 de agosto de 2023,3.4294191981,-76.4650627118
1067857.8715,870823.0516,1310,514122,Cl 112 entre Kr 25 y 26,Estación eléctrica, ,PARADA EXTERNA, ,Ciudadela del Rio - CVC,Comuna 21,Zona 4 - ANDRÉS SANÍN, , ,Metro Cali S.A. 22 de agosto de 2023,3.4279429606,-76.4669567646
1068003.1273,870784.3888,1311,514147,Kr 25 entre Cl 114 y 113, , ,PARADA EXTERNA, ,Ciudadela del Rio - CVC,Comuna 21,Zona 4 - ANDRÉS SANÍN, , ,Metro Cali S.A. 22 de agosto de 2023,3.4275932992,-76.4656498112
1067797.7985,871026.7236,1312,514197,Kr 25 entre Cl 94D y 112,Subestacion Eléctrica, ,PARADA EXTERNA, ,Ciudadela del Rio - CVC,Comuna 21,Zona 4 - ANDRÉS SANÍN, , ,Metro Cali S.A. 22 de agosto de 2023,3.429784581,-76.467497184
1067961.0228,870813.3039,1313,514198,Kr 25 entre Cl 112 y 113, , ,PARADA EXTERNA, ,Ciudadela del Rio - CVC,Comuna 21,Zona 4 - ANDRÉS SANÍN, , ,Metro Cali S.A. 22 de agosto de 2023,3.4278547697,-76.4660286414
1068033.1773,870564.3766,1314,514199,Cl 121 con Kr 25,CAI, ,PARADA EXTERNA, ,Ciudadela del Rio - CVC,Comuna 21,Zona 4 - ANDRÉS SANÍN, , ,Metro Cali S.A. 22 de agosto de 2023,3.4256039464,-76.4653795432
1067891.3219,870147.0449,1315,514200,Cl 121 entre Kr 26G y 26G1,Sendero Peatonal, ,PARADA EXTERNA, ,Ciudadela del Rio - CVC,Comuna 21,Zona 4 - ANDRÉS SANÍN, , ,Metro Cali S.A. 22 de agosto de 2023,3.4218305314,-76.4666561286
1067959.2188,870194.8697,1316,514210,Cl 121 entre Kr 26E y 26F, , ,PARADA EXTERNA, ,Ciudadela del Rio - CVC,Comuna 21,Zona 4 - ANDRÉS SANÍN, , ,Metro Cali S.A. 22 de agosto de 2023,3.4222629255,-76.4660451896
1068043.5383,870511.9467,1317,514211,Cl 121 entre Kr 25B y 25,Comfandi Ciudadela del Rio, ,PARADA EXTERNA, ,Ciudadela del Rio - CVC,Comuna 21,Zona 4 - ANDRÉS SANÍN, , ,Metro Cali S.A. 22 de agosto de 2023,3.4251298729,-76.4652863451
1067818.3107,871027.4734,1318,514212,Kr 25 entre Cl 104 y 105, , ,PARADA EXTERNA, ,Ciudadela del Rio - CVC,Comuna 21,Zona 4 - ANDRÉS SANÍN, , ,Metro Cali S.A. 22 de agosto de 2023,3.4297913503,-76.46731262
1067878.6234,870829.0025,1319,514487,Cl 112 entre Kr 26 y 25, , ,PARADA EXTERNA, ,Ciudadela del Rio - CVC,Comuna 21,Zona 4 - ANDRÉS SANÍN, , ,Metro Cali S.A. 22 de agosto de 2023,3.4279967577,-76.4667700414
1068099.6988,871241.0317,1320,514028,Kr 23 entre Cl 102 y 102C,Sede Social, ,PARADA EXTERNA, ,Compartir,Comuna 21,Zona 4 - ANDRÉS SANÍN, , ,Metro Cali S.A. 22 de agosto de 2023,3.4317221864,-76.4647806473
1068109.1764,871248.8994,1321,514048,Kr 23 entre Cl 102B y 102, , ,PARADA EXTERNA, ,Compartir,Comuna 21,Zona 4 - ANDRÉS SANÍN, , ,Metro Cali S.A. 22 de agosto de 2023,3.4317933207,-76.4646953659
1067586.0607,871193.395,1322,514196,Kr 25 entre Cl 89 y 94,Colegio Compartir, ,PARADA EXTERNA, ,Compartir,Comuna 21,Zona 4 - ANDRÉS SANÍN, , ,Metro Cali S.A. 22 de agosto de 2023,3.4312917184,-76.4694022684
1067534.7319,871252.1205,1323,514213,Kr 25 entre Cl 89 y 94,Frente al Colegio Compartir, ,PARADA EXTERNA, ,Compartir,Comuna 21,Zona 4 - ANDRÉS SANÍN, , ,Metro Cali S.A. 22 de agosto de 2023,3.4318227356,-76.469864085
1068052.2151,871395.3262,1324,514538,Kr 23 entre Cl 101A y 100, , ,PARADA EXTERNA, ,Compartir,Comuna 21,Zona 4 - ANDRÉS SANÍN, , ,Metro Cali S.A. 22 de agosto de 2023,3.433117333,-76.4652078145
1067727.6478,871320.6662,1325,514552,Cl 94 entre Kr 101B y 101A, , ,PARADA EXTERNA, ,Compartir,Comuna 21,Zona 4 - ANDRÉS SANÍN, , ,Metro Cali S.A. 22 de agosto de 2023,3.4324424275,-76.4681282379
1068054.8646,871363.8389,1326,514554,Kr 23 entre Cl 101A y 101B, , ,PARADA EXTERNA, ,Compartir,Comuna 21,Zona 4 - ANDRÉS SANÍN, , ,Metro Cali S.A. 22 de agosto de 2023,3.4328326252,-76.4651839914
1067660.7718,871280.317,1327,514568,Cl 94 entre Cl 88 y 89, , ,PARADA EXTERNA, ,Compartir,Comuna 21,Zona 4 - ANDRÉS SANÍN, , ,Metro Cali S.A. 22 de agosto de 2023,3.4320776255,-76.4687299929
1068229.0711,870894.9958,1328,514029,Kr 23 entre Cl 118 y 119,CALI 21, ,PARADA EXTERNA, ,Desepaz Invicali,Comuna 21,Zona 4 - ANDRÉS SANÍN, , ,Metro Cali S.A. 22 de agosto de 2023,3.4285932814,-76.4636167701
1068249.9646,870579.6877,1329,514030,Cl 123 entre Kr 23 y 23A, , ,PARADA EXTERNA, ,Desepaz Invicali,Comuna 21,Zona 4 - ANDRÉS SANÍN, , ,Metro Cali S.A. 22 de agosto de 2023,3.4257422731,-76.4634289449
1068196.095,870213.6941,1330,514031,Cl 123 entre Kr 26ABis y 26CBis,Centro de Salud Desepaz, ,PARADA EXTERNA, ,Desepaz Invicali,Comuna 21,Zona 4 - ANDRÉS SANÍN, , ,Metro Cali S.A. 22 de agosto de 2023,3.4224330099,-76.4639138427
1068224.4762,870252.2958,1331,514044,Cl 123 entre Kr 26B y 26ABis, , ,PARADA EXTERNA, ,Desepaz Invicali,Comuna 21,Zona 4 - ANDRÉS SANÍN, , ,Metro Cali S.A. 22 de agosto de 2023,3.4227820289,-76.463658457
1068260.612,870580.1834,1332,514045,Kr 23 entre Cl 120Q y 120R, , ,PARADA EXTERNA, ,Desepaz Invicali,Comuna 21,Zona 4 - ANDRÉS SANÍN, , ,Metro Cali S.A. 22 de agosto de 2023,3.4257467494,-76.4633331423
1068270.7008,870810.248,1333,514046,Kr 23 entre Cl 120C y 120B, , ,PARADA EXTERNA, ,Desepaz Invicali,Comuna 21,Zona 4 - ANDRÉS SANÍN, , ,Metro Cali S.A. 22 de agosto de 2023,3.4278269743,-76.4632422424
1068203.1648,870994.1412,1334,514047,Kr 23 entre Cl 114 y 112, , ,PARADA EXTERNA, ,Desepaz Invicali,Comuna 21,Zona 4 - ANDRÉS SANÍN, , ,Metro Cali S.A. 22 de agosto de 2023,3.4294897621,-76.4638498155
1067999.414,869839.8801,1335,514032,Cl 123 entre Kr 26I y 26I2, , ,PARADA EXTERNA, ,Los Lideres,Comuna 21,Zona 4 - ANDRÉS SANÍN, , ,Metro Cali S.A. 22 de agosto de 2023,3.4190531099,-76.4656837085
1067765.5552,869880.563,1336,514428,Cl 121 entre Kr 26I2 y 26I3, , ,PARADA EXTERNA, ,Los Lideres,Comuna 21,Zona 4 - ANDRÉS SANÍN, , ,Metro Cali S.A. 22 de agosto de 2023,3.4194210815,-76.4677878687
1067779.5417,869868.1361,1337,514429,Cl 121 entre Kr 26I3 y 26I2, , ,PARADA EXTERNA, ,Los Lideres,Comuna 21,Zona 4 - ANDRÉS SANÍN, , ,Metro Cali S.A. 22 de agosto de 2023,3.4193087112,-76.4676620292
1068082.1305,869972.392,1338,514466,Cl 123 entre Kr 26H1 y 26HBis,Parque Infantil, ,PARADA EXTERNA, ,Los Lideres,Comuna 21,Zona 4 - ANDRÉS SANÍN, , ,Metro Cali S.A. 22 de agosto de 2023,3.4202512313,-76.4649393851
1068046.8342,869929.5222,1339,514537,Cl 123 entre Kr 26H2 y 26H3, , ,PARADA EXTERNA, ,Los Lideres,Comuna 21,Zona 4 - ANDRÉS SANÍN, , ,Metro Cali S.A. 22 de agosto de 2023,3.4198636234,-76.4652569914
1067351.9652,868168.8008,1340,514040,Cl 123A4 entre Kr 28D10 y 28D11, , ,PARADA EXTERNA, ,Pizamos II,Comuna 21,Zona 4 - ANDRÉS SANÍN, , ,Metro Cali S.A. 22 de agosto de 2023,3.4039436298,-76.471509994
1066989.4518,868489.3537,1341,514206,Cl 121 entre Cl 122A3 y 122A2, , ,PARADA EXTERNA, ,Pizamos II,Comuna 21,Zona 4 - ANDRÉS SANÍN, , ,Metro Cali S.A. 22 de agosto de 2023,3.4068422126,-76.4747715761
1067114.0141,868709.3406,1342,514207,Cl 121 entre Cl 121D y Kr 28D, , ,PARADA EXTERNA, ,Pizamos II,Comuna 21,Zona 4 - ANDRÉS SANÍN, , ,Metro Cali S.A. 22 de agosto de 2023,3.4088312663,-76.4736507256
1067127.4704,868104.3451,1343,514249,Kr 28F entre Cl 122K, , ,PARADA EXTERNA, ,Pizamos II,Comuna 21,Zona 4 - ANDRÉS SANÍN, , ,Metro Cali S.A. 22 de agosto de 2023,3.4033609271,-76.4735299172
1067389.6553,867914.9857,1344,514333,Cl 123A4 entre Kr 28E3 y 28E5, , ,PARADA EXTERNA, ,Pizamos II,Comuna 21,Zona 4 - ANDRÉS SANÍN, , ,Metro Cali S.A. 22 de agosto de 2023,3.4016486307,-76.4711709939
1067256.3722,868150.6646,1345,514474,Kr 28D9 entre Cl 122J y 122K, , ,PARADA EXTERNA, ,Pizamos II,Comuna 21,Zona 4 - ANDRÉS SANÍN, , ,Metro Cali S.A. 22 de agosto de 2023,3.4037796871,-76.4723701015
1066985.3206,868287.9807,1346,514483,Kr 28F entre Cl 122E y 122D1, , ,PARADA EXTERNA, ,Pizamos II,Comuna 21,Zona 4 - ANDRÉS SANÍN, , ,Metro Cali S.A. 22 de agosto de 2023,3.4050214117,-76.4748088327
1067744.1999,867888.7303,1347,514545,Cl 126 entre Kr 28F y 28G, , ,PARADA EXTERNA, ,Pizamos II,Comuna 21,Zona 4 - ANDRÉS SANÍN, , ,Metro Cali S.A. 22 de agosto de 2023,3.4014110599,-76.4679809948
1067628.1105,867915.4544,1348,514546,Cl 125A con Kr 28F, , ,PARADA EXTERNA, ,Pizamos II,Comuna 21,Zona 4 - ANDRÉS SANÍN, , ,Metro Cali S.A. 22 de agosto de 2023,3.4016527549,-76.4690254951
1067385.857,868070.1353,1349,514547,Cl 123A4 entre Kr 28E1y 28E3, , ,PARADA EXTERNA, ,Pizamos II,Comuna 21,Zona 4 - ANDRÉS SANÍN, , ,Metro Cali S.A. 22 de agosto de 2023,3.4030514861,-76.4712050977
1067202.734,867968.5158,1350,514548,Cl 123 entre Kr 122D y 122B, , ,PARADA EXTERNA, ,Pizamos II,Comuna 21,Zona 4 - ANDRÉS SANÍN, , ,Metro Cali S.A. 22 de agosto de 2023,3.4021327329,-76.4728527928
1067059.2977,868813.1168,1351,514491,Kr 28D entre Cl 120B y 120C,Junto a la caseta de basuras, ,PARADA EXTERNA, ,Pizamos III - Las Dalias,Comuna 21,Zona 4 - ANDRÉS SANÍN, , ,Metro Cali S.A. 22 de agosto de 2023,3.4097696289,-76.4741429949
1066118.3996,872587.7743,1352,500150,ANDRÉS SANÍN B1, , ,TERMINAL,CARRERA 15,Planta de Tratamiento,Comuna 21,Zona 4 - ANDRÉS SANÍN, , ,Metro Cali S.A. 22 de agosto de 2023,3.4439002323,-76.4826074431
1066072.4148,872593.8069,1353,500151,ANDRÉS SANÍN B2, , ,TERMINAL,CARRERA 15,Planta de Tratamiento,Comuna 21,Zona 4 - ANDRÉS SANÍN, , ,Metro Cali S.A. 22 de agosto de 2023,3.4439547952,-76.4830212069
1066026.1837,872601.0727,1354,500152,ANDRÉS SANÍN B3, , ,TERMINAL,CARRERA 15,Planta de Tratamiento,Comuna 21,Zona 4 - ANDRÉS SANÍN, , ,Metro Cali S.A. 22 de agosto de 2023,3.4440205085,-76.4834371866
1066126.7216,872567.7232,1355,500153,ANDRÉS SANÍN C1, , ,TERMINAL,CARRERA 15,Planta de Tratamiento,Comuna 21,Zona 4 - ANDRÉS SANÍN, , ,Metro Cali S.A. 22 de agosto de 2023,3.4437189285,-76.4825325699
1066072.1822,872574.8957,1356,500154,ANDRÉS SANÍN C3, , ,TERMINAL,CARRERA 15,Planta de Tratamiento,Comuna 21,Zona 4 - ANDRÉS SANÍN, , ,Metro Cali S.A. 22 de agosto de 2023,3.4437838013,-76.4830233065
1066039.8762,872579.1015,1357,500155,ANDRÉS SANÍN C4, , ,TERMINAL,CARRERA 15,Planta de Tratamiento,Comuna 21,Zona 4 - ANDRÉS SANÍN, , ,Metro Cali S.A. 22 de agosto de 2023,3.4438218414,-76.4833139907
1066071.4061,872550.0312,1358,500156,ANDRÉS SANÍN D3, , ,TERMINAL,CARRERA 15,Planta de Tratamiento,Comuna 21,Zona 4 - ANDRÉS SANÍN, , ,Metro Cali S.A. 22 de agosto de 2023,3.4435589783,-76.4830302986
1066039.3028,872549.2116,1359,500157,ANDRÉS SANÍN D2, , ,TERMINAL,CARRERA 15,Planta de Tratamiento,Comuna 21,Zona 4 - ANDRÉS SANÍN, , ,Metro Cali S.A. 22 de agosto de 2023,3.4435515789,-76.4833191606
1066117.9018,872532.1252,1360,500158,ANDRÉS SANÍN E3, , ,TERMINAL,CARRERA 15,Planta de Tratamiento,Comuna 21,Zona 4 - ANDRÉS SANÍN, , ,Metro Cali S.A. 22 de agosto de 2023,3.4433970567,-76.4826119422
1066072.103,872530.9874,1361,500159,ANDRÉS SANÍN E2, , ,TERMINAL,CARRERA 15,Planta de Tratamiento,Comuna 21,Zona 4 - ANDRÉS SANÍN, , ,Metro Cali S.A. 22 de agosto de 2023,3.4433867851,-76.4830240347
1066103.0572,872570.8507,1362,500160,ANDRÉS SANÍN C2, , ,TERMINAL,CARRERA 15,Planta de Tratamiento,Comuna 21,Zona 4 - ANDRÉS SANÍN, , ,Metro Cali S.A. 22 de agosto de 2023,3.4437472157,-76.4827454983
1066016.298,872582.2133,1363,500161,ANDRÉS SANÍN C5, , ,TERMINAL,CARRERA 15,Planta de Tratamiento,Comuna 21,Zona 4 - ANDRÉS SANÍN, , ,Metro Cali S.A. 22 de agosto de 2023,3.4438499864,-76.4835261436
1066015.7033,872548.5955,1364,500162,ANDRÉS SANÍN D1, , ,TERMINAL,CARRERA 15,Planta de Tratamiento,Comuna 21,Zona 4 - ANDRÉS SANÍN, , ,Metro Cali S.A. 22 de agosto de 2023,3.4435460164,-76.4835315063
1066025.2475,872529.7847,1365,500163,ANDRÉS SANÍN E1, , ,TERMINAL,CARRERA 15,Planta de Tratamiento,Comuna 21,Zona 4 - ANDRÉS SANÍN, , ,Metro Cali S.A. 22 de agosto de 2023,3.443375927,-76.4834456353
1066102.9873,872550.8065,1366,500164,ANDRÉS SANÍN D4, , ,TERMINAL,CARRERA 15,Planta de Tratamiento,Comuna 21,Zona 4 - ANDRÉS SANÍN, , ,Metro Cali S.A. 22 de agosto de 2023,3.4435659772,-76.4827461344
1066127.4385,872551.4293,1367,500165,ANDRÉS SANÍN D5, , ,TERMINAL,CARRERA 15,Planta de Tratamiento,Comuna 21,Zona 4 - ANDRÉS SANÍN, , ,Metro Cali S.A. 22 de agosto de 2023,3.4435715998,-76.4825261252
1066422.3433,872252.4007,1368,514020,Kr 25 entre Cl 73A y 74,Frente al Centro Comercial Rio Cauca, ,PARADA EXTERNA, ,Planta de Tratamiento,Comuna 21,Zona 4 - ANDRÉS SANÍN, , ,Metro Cali S.A. 22 de agosto de 2023,3.440867691,-76.4798727212
1066727.3799,872038.7561,1369,514021,Kr 25 entre Cl 77 y 78, , ,PARADA EXTERNA, ,Planta de Tratamiento,Comuna 21,Zona 4 - ANDRÉS SANÍN, , ,Metro Cali S.A. 22 de agosto de 2023,3.4389358078,-76.4771281329
1066731.0481,872056.6395,1370,514055,Kr 25 entre Cl 77 y 78, , ,PARADA EXTERNA, ,Planta de Tratamiento,Comuna 21,Zona 4 - ANDRÉS SANÍN, , ,Metro Cali S.A. 22 de agosto de 2023,3.4390975069,-76.4770951197
1066505.1987,872221.5163,1371,514056,Kr 25 entre Cl 74 y 75,Centro Comercial Rio Cauca, ,PARADA EXTERNA, ,Planta de Tratamiento,Comuna 21,Zona 4 - ANDRÉS SANÍN, , ,Metro Cali S.A. 22 de agosto de 2023,3.4405884039,-76.4791272122
1065979.1283,872248.0156,1372,514369,Cl 73 entre Kr 25U y 25T,Subestación Eléctrica, ,PARADA EXTERNA, ,Planta de Tratamiento,Comuna 21,Zona 4 - ANDRÉS SANÍN, , ,Metro Cali S.A. 22 de agosto de 2023,3.4408282037,-76.4838607079
1067515.6913,868782.2583,1373,514036,Cl 123 entre Kr 28B y 28B1,Frente a Rapitienda Familiar, ,PARADA EXTERNA, ,Potrero Grande,Comuna 21,Zona 4 - ANDRÉS SANÍN, , ,Metro Cali S.A. 22 de agosto de 2023,3.4094903983,-76.4700365773
1067194.8879,868854.9286,1374,514038,Cl 121 entre Kr 28D y 28, , ,PARADA EXTERNA, ,Potrero Grande,Comuna 21,Zona 4 - ANDRÉS SANÍN, , ,Metro Cali S.A. 22 de agosto de 2023,3.4101476282,-76.4729229945
1067166.1583,868837.0787,1375,514233,Cl 121 con Kr 28D,Frente a caseta de basura, ,PARADA EXTERNA, ,Potrero Grande,Comuna 21,Zona 4 - ANDRÉS SANÍN, , ,Metro Cali S.A. 22 de agosto de 2023,3.4099862432,-76.4731814986
1067525.8178,868827.293,1376,514235,Cl 123 entre Kr 28B y 28A, , ,PARADA EXTERNA, ,Potrero Grande,Comuna 21,Zona 4 - ANDRÉS SANÍN, , ,Metro Cali S.A. 22 de agosto de 2023,3.4098975945,-76.4699454422
1067447.7668,868471.8887,1377,514246,Cl 123 entre Kr 28D y 28D1,CAI, ,PARADA EXTERNA, ,Potrero Grande,Comuna 21,Zona 4 - ANDRÉS SANÍN, , ,Metro Cali S.A. 22 de agosto de 2023,3.4066840873,-76.4706478769
1067075.4828,868933.3488,1378,514289,Cl 120 entre Kr 28D y 28,Frente al Patio Taller Aguablanca, ,PARADA EXTERNA, ,Potrero Grande,Comuna 21,Zona 4 - ANDRÉS SANÍN,http://geoportal.metrocali.gov.co/fotos_paradas/514289_210212_1.jpg,http://geoportal.metrocali.gov.co/fotos_paradas/514289_210212_2.jpg,Metro Cali S.A. 22 de agosto de 2023,3.4108567519,-76.4739973156
1067333.2878,868279.838,1379,514326,Cl 123 entre Kr 28D5 y 28D7, , ,PARADA EXTERNA, ,Potrero Grande,Comuna 21,Zona 4 - ANDRÉS SANÍN, , ,Metro Cali S.A. 22 de agosto de 2023,3.4049476295,-76.4716779941
1067243.1269,868715.9459,1380,514481,Kr 28D entre Cl 121 y 122,Potrero Grande, ,PARADA EXTERNA, ,Potrero Grande,Comuna 21,Zona 4 - ANDRÉS SANÍN, , ,Metro Cali S.A. 22 de agosto de 2023,3.4088909329,-76.4724890227
1067441.9662,868603.3488,1381,514482,Kr 28D entre Cl 122 y 123, , ,PARADA EXTERNA, ,Potrero Grande,Comuna 21,Zona 4 - ANDRÉS SANÍN, , ,Metro Cali S.A. 22 de agosto de 2023,3.4078727444,-76.4707000069
1067069.7442,868827.6054,1382,514496,Kr 28D entre Cl 121 y 120,Polideportivo Pizamos III, ,PARADA EXTERNA, ,Potrero Grande,Comuna 21,Zona 4 - ANDRÉS SANÍN, , ,Metro Cali S.A. 22 de agosto de 2023,3.4099006288,-76.4740489949
1067431.5757,868630.9017,1383,514549,Kr 28D entre Cl 122 y 123,Arquidiocesis de Cali, ,PARADA EXTERNA, ,Potrero Grande,Comuna 21,Zona 4 - ANDRÉS SANÍN, , ,Metro Cali S.A. 22 de agosto de 2023,3.408121881,-76.4707934831
1067248.9289,868731.4579,1384,514550,Kr 28D entre Cl 122 y 123, , ,PARADA EXTERNA, ,Potrero Grande,Comuna 21,Zona 4 - ANDRÉS SANÍN, , ,Metro Cali S.A. 22 de agosto de 2023,3.4090311888,-76.4724368119
1067528.8827,868557.3326,1385,514570,Kr 28D con Cl 123, , ,PARADA EXTERNA, ,Potrero Grande,Comuna 21,Zona 4 - ANDRÉS SANÍN, , ,Metro Cali S.A. 22 de agosto de 2023,3.4074566276,-76.4699179934
1067749.7276,868431.8184,1386,514571,Kr 28D entre Cl 124C y 125, , ,PARADA EXTERNA, ,Potrero Grande,Comuna 21,Zona 4 - ANDRÉS SANÍN, , ,Metro Cali S.A. 22 de agosto de 2023,3.4063216269,-76.4679309926
1067784.6354,868262.3877,1387,514572,Cl 126 con Kr28D-3, , ,PARADA EXTERNA, ,Potrero Grande,Comuna 21,Zona 4 - ANDRÉS SANÍN, , ,Metro Cali S.A. 22 de agosto de 2023,3.4047896272,-76.4676169925
1067690.3982,868058.1123,1388,514573,Cl 126 entre Kr 28E1 y 28E2, , ,PARADA EXTERNA, ,Potrero Grande,Comuna 21,Zona 4 - ANDRÉS SANÍN, , ,Metro Cali S.A. 22 de agosto de 2023,3.4029426285,-76.4684649928
1067701.1771,868092.3975,1389,514580,Cl 126 con Kr 28E1, , ,PARADA EXTERNA, ,Potrero Grande,Comuna 21,Zona 4 - ANDRÉS SANÍN, , ,Metro Cali S.A. 22 de agosto de 2023,3.4032526283,-76.4683679928
1067806.4104,868421.7573,1390,514582,Kr 28D con Cl 125, , ,PARADA EXTERNA, ,Potrero Grande,Comuna 21,Zona 4 - ANDRÉS SANÍN, , ,Metro Cali S.A. 22 de agosto de 2023,3.4062306266,-76.4674209924
1067571.1164,868558.5514,1391,514583,Kr 28D entre Cl 124A y 123, , ,PARADA EXTERNA, ,Potrero Grande,Comuna 21,Zona 4 - ANDRÉS SANÍN, , ,Metro Cali S.A. 22 de agosto de 2023,3.4074676274,-76.4695379933
1067125.8469,871899.2747,1392,514023,Cl 80 entre Kr 25 y 23, , ,PARADA EXTERNA, ,Valle Grande,Comuna 21,Zona 4 - ANDRÉS SANÍN, , ,Metro Cali S.A. 22 de agosto de 2023,3.4376744545,-76.4735428528
1067316.9228,871885.1082,1393,514024,Kr 23 entre Cl 81B y 82, , ,PARADA EXTERNA, ,Valle Grande,Comuna 21,Zona 4 - ANDRÉS SANÍN, , ,Metro Cali S.A. 22 de agosto de 2023,3.4375462752,-76.4718235914
1067532.0429,871784.6685,1394,514025,Kr 23 entre Cl 83B y 84, , ,PARADA EXTERNA, ,Valle Grande,Comuna 21,Zona 4 - ANDRÉS SANÍN, , ,Metro Cali S.A. 22 de agosto de 2023,3.4366380041,-76.4698880261
1067752.8371,871682.2841,1395,514026,Kr 23 entre Cl 85A y 85, , ,PARADA EXTERNA, ,Valle Grande,Comuna 21,Zona 4 - ANDRÉS SANÍN, , ,Metro Cali S.A. 22 de agosto de 2023,3.4357121424,-76.467901411
1067744.5196,871698.9906,1396,514050,Kr 23 entre Cl 87 y 86, , ,PARADA EXTERNA, ,Valle Grande,Comuna 21,Zona 4 - ANDRÉS SANÍN, , ,Metro Cali S.A. 22 de agosto de 2023,3.4358632057,-76.467976242
1067565.4925,871783.1929,1397,514051,Kr 23 entre Cl 84 y 83B, , ,PARADA EXTERNA, ,Valle Grande,Comuna 21,Zona 4 - ANDRÉS SANÍN, , ,Metro Cali S.A. 22 de agosto de 2023,3.4366246457,-76.4695870535
1067320.7952,871895.9386,1398,514052,Kr 23 entre Cl 83 y 81B, , ,PARADA EXTERNA, ,Valle Grande,Comuna 21,Zona 4 - ANDRÉS SANÍN, , ,Metro Cali S.A. 22 de agosto de 2023,3.4376442013,-76.4717887433
1067115.9168,871918.1026,1399,514053,Cl 80 entre Kr 23 y 25, , ,PARADA EXTERNA, ,Valle Grande,Comuna 21,Zona 4 - ANDRÉS SANÍN, , ,Metro Cali S.A. 22 de agosto de 2023,3.4378446997,-76.4736321938
1066967.5301,871893.0797,1400,514054,Kr 25 entre Cl 80 y 79, , ,PARADA EXTERNA, ,Valle Grande,Comuna 21,Zona 4 - ANDRÉS SANÍN, , ,Metro Cali S.A. 22 de agosto de 2023,3.4376185092,-76.4749673627
1067119.0474,871701.6752,1401,514194,Kr 25 entre Cl 80B y 80C, , ,PARADA EXTERNA, ,Valle Grande,Comuna 21,Zona 4 - ANDRÉS SANÍN, , ,Metro Cali S.A. 22 de agosto de 2023,3.4358877747,-76.4736041209
1067252.934,871503.4067,1402,514195,Kr 25 con Cl 85, , ,PARADA EXTERNA, ,Valle Grande,Comuna 21,Zona 4 - ANDRÉS SANÍN, , ,Metro Cali S.A. 22 de agosto de 2023,3.4340949824,-76.4723995245
1067107.1396,871745.7556,1403,514215,Kr 25 entre Cl 80A y 80B, , ,PARADA EXTERNA, ,Valle Grande,Comuna 21,Zona 4 - ANDRÉS SANÍN, , ,Metro Cali S.A. 22 de agosto de 2023,3.4362863523,-76.4737112456
1066940.8128,871890.3729,1404,514467,Kr 25 entre Cl 79 y 80, , ,PARADA EXTERNA, ,Valle Grande,Comuna 21,Zona 4 - ANDRÉS SANÍN, , ,Metro Cali S.A. 22 de agosto de 2023,3.437594046,-76.4752077615
1067054.7679,868927.4703,1405,514286,Cl 120 entre Kr 28 y 28D,Patio Taller Aguablanca, ,PARADA EXTERNA, ,Villamercedes I - Villa Luz - Las Garzas,Comuna 21,Zona 4 - ANDRÉS SANÍN,http://geoportal.metrocali.gov.co/fotos_paradas/514286_210212_1.jpg,http://geoportal.metrocali.gov.co/fotos_paradas/514286_210212_2.jpg,Metro Cali S.A. 22 de agosto de 2023,3.4108036082,-76.4741837022
1066871.4651,868896.9395,1406,514288,Kr 28D entre Cl 113 y 114,Patio Taller Aguablanca, ,PARADA EXTERNA, ,Villamercedes I - Villa Luz - Las Garzas,Comuna 21,Zona 4 - ANDRÉS SANÍN,http://geoportal.metrocali.gov.co/fotos_paradas/514288_210212_1.jpg,http://geoportal.metrocali.gov.co/fotos_paradas/514288_210212_2.jpg,Metro Cali S.A. 22 de agosto de 2023,3.4105276294,-76.4758329955
1066640.1806,868894.2747,1407,514489,Kr 28D entre Cl 107 y 112, , ,PARADA EXTERNA, ,Villamercedes I - Villa Luz - Las Garzas,Comuna 21,Zona 4 - ANDRÉS SANÍN, , ,Metro Cali S.A. 22 de agosto de 2023,3.4105036303,-76.4779139961
1066892.0272,868876.1484,1408,514490,Kr 28D entre Cl 113 y 120A, , ,PARADA EXTERNA, ,Villamercedes I - Villa Luz - Las Garzas,Comuna 21,Zona 4 - ANDRÉS SANÍN, , ,Metro Cali S.A. 22 de agosto de 2023,3.4103396294,-76.4756479954
1066437.455,868995.461,1409,514497,Tv 103 entre Kr 28D y Dg 119, , ,PARADA EXTERNA, ,Villamercedes I - Villa Luz - Las Garzas,Comuna 21,Zona 4 - ANDRÉS SANÍN, , ,Metro Cali S.A. 22 de agosto de 2023,3.4114186307,-76.4797379965
1066597.2794,868911.4151,1410,514498,Kr 28D entre Cl 112 y 107, , ,PARADA EXTERNA, ,Villamercedes I - Villa Luz - Las Garzas,Comuna 21,Zona 4 - ANDRÉS SANÍN, , ,Metro Cali S.A. 22 de agosto de 2023,3.4106586304,-76.4782999962
1063608.2773,870183.4487,1411,505101,EL DIAMANTE B1, , ,ESTACIÓN,ORIENTAL,El Diamante,Comuna 13,Zona 5 - AGUABLANCA, , ,Metro Cali S.A. 22 de agosto de 2023,3.422161098,-76.5051935836
1063767.0476,870303.6173,1412,515102,Cl 36 entre Kr 30A y 30, , ,PARADA EXTERNA, ,El Diamante,Comuna 13,Zona 5 - AGUABLANCA, , ,Metro Cali S.A. 22 de agosto de 2023,3.4232476315,-76.5037649998
1064125.6749,870217.5309,1413,515116,Kr 29 entre Cl 41 y 40,Antes de la estación de servicio, ,PARADA EXTERNA, ,El Diamante,Comuna 13,Zona 5 - AGUABLANCA, , ,Metro Cali S.A. 22 de agosto de 2023,3.4224691804,-76.5005381981
1064376.763,870154.8786,1414,515181,Cl 72I entre Kr 28F1 y 28G, , ,PARADA EXTERNA, ,El Diamante,Comuna 13,Zona 5 - AGUABLANCA, , ,Metro Cali S.A. 22 de agosto de 2023,3.4219026313,-76.4982789994
1063978.445,870364.8408,1415,515202,Kr 29 con Cl 38, , ,PARADA EXTERNA, ,El Diamante,Comuna 13,Zona 5 - AGUABLANCA, , ,Metro Cali S.A. 22 de agosto de 2023,3.4238011748,-76.5018629005
1064710.3021,869609.9403,1416,515058,Kr 29 entre Cl 48 y 72U, , ,PARADA EXTERNA, ,El Poblado I,Comuna 13,Zona 5 - AGUABLANCA, , ,Metro Cali S.A. 22 de agosto de 2023,3.4169752571,-76.4952780507
1064528.36,870059.1063,1417,515094,Kr 28F entre Cl 72L y 72O, , ,PARADA EXTERNA, ,El Poblado I,Comuna 13,Zona 5 - AGUABLANCA, , ,Metro Cali S.A. 22 de agosto de 2023,3.4210366314,-76.4969149993
1064745.0888,869834.0496,1418,515095,Kr 28F entre Cl 72T y 72U, , ,PARADA EXTERNA, ,El Poblado I,Comuna 13,Zona 5 - AGUABLANCA, , ,Metro Cali S.A. 22 de agosto de 2023,3.4190016319,-76.4949649991
1064637.0972,869687.1987,1419,515113,Kr 29 entre Cl 72U y 72T, , ,PARADA EXTERNA, ,El Poblado I,Comuna 13,Zona 5 - AGUABLANCA, , ,Metro Cali S.A. 22 de agosto de 2023,3.4176738402,-76.4959367037
1064466.0612,869866.2199,1420,515114,Kr 29 entre Cl 72Q y 72O, , ,PARADA EXTERNA, ,El Poblado I,Comuna 13,Zona 5 - AGUABLANCA, , ,Metro Cali S.A. 22 de agosto de 2023,3.4192925779,-76.4974755854
1064311.6968,870025.5995,1421,515115,Kr 29 entre Cl 72J y 72I, , ,PARADA EXTERNA, ,El Poblado I,Comuna 13,Zona 5 - AGUABLANCA, , ,Metro Cali S.A. 22 de agosto de 2023,3.4207337114,-76.4988644707
1065215.2225,870112.8584,1422,502650,AMANECER B1, , ,ESTACIÓN,AGUABLANCA,El Poblado II,Comuna 13,Zona 5 - AGUABLANCA, , ,Metro Cali S.A. 22 de agosto de 2023,3.4215224806,-76.4907348214
1065210.3752,870132.8979,1423,502651,AMANECER A1, , ,ESTACIÓN,AGUABLANCA,El Poblado II,Comuna 13,Zona 5 - AGUABLANCA, , ,Metro Cali S.A. 22 de agosto de 2023,3.421703678,-76.4907784302
1064869.2637,869855.7413,1424,515059,Cl 72U entre Kr 28E6 y 28E5,Hospital Carlos Holmes Trujillo, ,PARADA EXTERNA, ,El Poblado II,Comuna 13,Zona 5 - AGUABLANCA, , ,Metro Cali S.A. 22 de agosto de 2023,3.4191977359,-76.4938477109
1065047.2913,870029.3885,1425,515060,Cl 72U entre Kr 28D5 y 28D4, , ,PARADA EXTERNA, ,El Poblado II,Comuna 13,Zona 5 - AGUABLANCA, , ,Metro Cali S.A. 22 de agosto de 2023,3.420767797,-76.4922458341
1065023.8223,870034.7886,1426,515090,Cl 72U entre Kr 28D4 y 28D5, , ,PARADA EXTERNA, ,El Poblado II,Comuna 13,Zona 5 - AGUABLANCA, , ,Metro Cali S.A. 22 de agosto de 2023,3.4208166308,-76.4924569989
1064891.7918,869903.6183,1427,515091,Cl 72U entre Kr 28E3 y 28E4, , ,PARADA EXTERNA, ,El Poblado II,Comuna 13,Zona 5 - AGUABLANCA, , ,Metro Cali S.A. 22 de agosto de 2023,3.4196306314,-76.493644999
1064730.5287,869863.0253,1428,515092,Kr 28F entre Cl 72U y 72S, , ,PARADA EXTERNA, ,El Poblado II,Comuna 13,Zona 5 - AGUABLANCA, , ,Metro Cali S.A. 22 de agosto de 2023,3.4192636318,-76.4950959992
1065122.1782,870131.0098,1429,515096,Cl 72U entre Kr 28D y 28D1,Conexión con la estación Estación Amanecer, ,PARADA EXTERNA, ,El Poblado II,Comuna 13,Zona 5 - AGUABLANCA, , ,Metro Cali S.A. 22 de agosto de 2023,3.4216866303,-76.4915719988
1065300.8578,870273.3559,1430,515126,Cl 72U entre Kr 28A y 28A4, , ,PARADA EXTERNA, ,El Poblado II,Comuna 13,Zona 5 - AGUABLANCA, , ,Metro Cali S.A. 22 de agosto de 2023,3.4229736649,-76.4899642566
1065226.508,870206.1974,1431,515194,Cl 72U entre Kr 28C y 28B,Conexión con la estación Estación Amanecer, ,PARADA EXTERNA, ,El Poblado II,Comuna 13,Zona 5 - AGUABLANCA, , ,Metro Cali S.A. 22 de agosto de 2023,3.4223664431,-76.4906332519
1063970.713,869182.8716,1432,515016,Kr 39 entre Cl 46 y 45A, , ,PARADA EXTERNA, ,El Vergel,Comuna 13,Zona 5 - AGUABLANCA, , ,Metro Cali S.A. 22 de agosto de 2023,3.4131138812,-76.5019326769
1063720.4846,869449.0917,1433,515150,Kr 39 entre Cl 42B y 42, , ,PARADA EXTERNA, ,El Vergel,Comuna 13,Zona 5 - AGUABLANCA, , ,Metro Cali S.A. 22 de agosto de 2023,3.415521069,-76.5041840906
1064550.477,870051.6969,1434,515093,Kr 28F entre Cl 72P y 72L, , ,PARADA EXTERNA, ,Los Robles,Comuna 13,Zona 5 - AGUABLANCA, , ,Metro Cali S.A. 22 de agosto de 2023,3.4209696314,-76.4967159993
1063130.7783,867761.302,1435,515025,Kr 46 entre Cl 50 y 51, , ,PARADA EXTERNA, ,Ciudad Córdoba,Comuna 15,Zona 5 - AGUABLANCA, , ,Metro Cali S.A. 22 de agosto de 2023,3.400260252,-76.5094902184
1062901.5756,867223.0225,1436,515026,Cl 54 entre Kr 49B y 49C, , ,PARADA EXTERNA, ,Ciudad Córdoba,Comuna 15,Zona 5 - AGUABLANCA, , ,Metro Cali S.A. 22 de agosto de 2023,3.3953931828,-76.5115525098
1062885.8386,867846.9644,1437,515028,Cl 48 entre Kr 46D y 46C, , ,PARADA EXTERNA, ,Ciudad Córdoba,Comuna 15,Zona 5 - AGUABLANCA, , ,Metro Cali S.A. 22 de agosto de 2023,3.4010348295,-76.511694051
1063431.7198,867708.729,1438,515054,Cl 54 entre Kr 43B y 44, , ,PARADA EXTERNA, ,Ciudad Córdoba,Comuna 15,Zona 5 - AGUABLANCA, , ,Metro Cali S.A. 22 de agosto de 2023,3.3997848547,-76.5067825105
1063173.6622,867470.1587,1439,515138,Cl 54 entre Kr 46D y 47, , ,PARADA EXTERNA, ,Ciudad Córdoba,Comuna 15,Zona 5 - AGUABLANCA, , ,Metro Cali S.A. 22 de agosto de 2023,3.3976277471,-76.5091044025
1062501.5916,867496.2923,1440,515139,Cl 48 entre Kr 49G y 49F, , ,PARADA EXTERNA, ,Ciudad Córdoba,Comuna 15,Zona 5 - AGUABLANCA, , ,Metro Cali S.A. 22 de agosto de 2023,3.3978640993,-76.5151513255
1062662.2346,867643.8679,1441,515140,Cl 48 entre Kr 49A y 49, , ,PARADA EXTERNA, ,Ciudad Córdoba,Comuna 15,Zona 5 - AGUABLANCA, , ,Metro Cali S.A. 22 de agosto de 2023,3.3991984597,-76.5137059377
1063151.8269,868083.9983,1442,515187,Cl 48 entre Kr 43B y 43ABis, , ,PARADA EXTERNA, ,Ciudad Córdoba,Comuna 15,Zona 5 - AGUABLANCA, , ,Metro Cali S.A. 22 de agosto de 2023,3.4031780505,-76.5093008002
1063400.1601,868314.282,1443,515188,Cl 48 entre Kr 42A1 y 42ABis, , ,PARADA EXTERNA, ,Ciudad Córdoba,Comuna 15,Zona 5 - AGUABLANCA, , ,Metro Cali S.A. 22 de agosto de 2023,3.4052602328,-76.5070663919
1063549.7326,868448.7597,1444,515189,Cl 48 entre Kr 41E3 y 41E2, , ,PARADA EXTERNA, ,Ciudad Córdoba,Comuna 15,Zona 5 - AGUABLANCA, , ,Metro Cali S.A. 22 de agosto de 2023,3.4064761521,-76.505720591
1064017.1751,868242.3837,1445,515196,Cl 54 entre Kr 41B y 41D, , ,PARADA EXTERNA, ,Ciudad Córdoba,Comuna 15,Zona 5 - AGUABLANCA, , ,Metro Cali S.A. 22 de agosto de 2023,3.4046100376,-76.5015147969
1063195.3766,867726.5087,1446,516080,Kr 46 entre Cl 52 y 51A,Iglesia Santa Cecilia, ,PARADA EXTERNA, ,Ciudad Córdoba,Comuna 15,Zona 5 - AGUABLANCA, , ,Metro Cali S.A. 22 de agosto de 2023,3.3999456463,-76.5089089999
1063854.7714,868093.9108,1447,516107,Cl 54 entre Kr 41D y 41E, , ,PARADA EXTERNA, ,Ciudad Córdoba,Comuna 15,Zona 5 - AGUABLANCA, , ,Metro Cali S.A. 22 de agosto de 2023,3.4032675826,-76.5029760516
1063610.2927,867872.3608,1448,516108,Cl 54 entre Kr 42B y 42C, , ,PARADA EXTERNA, ,Ciudad Córdoba,Comuna 15,Zona 5 - AGUABLANCA, , ,Metro Cali S.A. 22 de agosto de 2023,3.401264379,-76.505175782
1063405.7437,867648.2257,1449,515041,Cl 54 entre Kr 45 y 43C, , ,PARADA EXTERNA, ,El Morichal,Comuna 15,Zona 5 - AGUABLANCA, , ,Metro Cali S.A. 22 de agosto de 2023,3.3992377908,-76.5070162374
1063625.7775,867847.5597,1450,515042,Cl 54 entre Kr 42C1 y 42C,Supermercado y droguería Comfandi, ,PARADA EXTERNA, ,El Morichal,Comuna 15,Zona 5 - AGUABLANCA, , ,Metro Cali S.A. 22 de agosto de 2023,3.4010401266,-76.5050364613
1063837.1579,868042.2407,1451,515043,Cl 54 entre Kr 41G y 41E3, , ,PARADA EXTERNA, ,El Morichal,Comuna 15,Zona 5 - AGUABLANCA, , ,Metro Cali S.A. 22 de agosto de 2023,3.4028003876,-76.5031345375
1064026.6917,868211.612,1452,515044,Cl 54 entre Kr 41D y 41B, , ,PARADA EXTERNA, ,El Morichal,Comuna 15,Zona 5 - AGUABLANCA, , ,Metro Cali S.A. 22 de agosto de 2023,3.4043318,-76.5014291766
1063710.3381,867843.4709,1453,515070,Kr 42B entre Cl 54 y 54C, , ,PARADA EXTERNA, ,El Morichal,Comuna 15,Zona 5 - AGUABLANCA, , ,Metro Cali S.A. 22 de agosto de 2023,3.4010031432,-76.5042756291
1063865.0725,867673.7625,1454,515071,Kr 42B entre Cl 55C y 56, , ,PARADA EXTERNA, ,El Morichal,Comuna 15,Zona 5 - AGUABLANCA, , ,Metro Cali S.A. 22 de agosto de 2023,3.3994686251,-76.5028834366
1063624.6161,867231.1569,1455,515103,Kr 46 entre Cl 56D y 56G, , ,PARADA EXTERNA, ,El Morichal,Comuna 15,Zona 5 - AGUABLANCA, , ,Metro Cali S.A. 22 de agosto de 2023,3.3954666497,-76.5050469998
1063769.1577,867461.2108,1456,515167,Cl 56C con Kr 43A, , ,PARADA EXTERNA, ,El Morichal,Comuna 15,Zona 5 - AGUABLANCA, , ,Metro Cali S.A. 22 de agosto de 2023,3.397546761,-76.5037464605
1063607.2286,867313.2454,1457,515168,Cl 56C entre Kr 45A y 46, , ,PARADA EXTERNA, ,El Morichal,Comuna 15,Zona 5 - AGUABLANCA, , ,Metro Cali S.A. 22 de agosto de 2023,3.3962088914,-76.5052034311
1063726.6017,867112.4037,1458,515169,Kr 46 entre Cl 56G y 57, , ,PARADA EXTERNA, ,El Morichal,Comuna 15,Zona 5 - AGUABLANCA, , ,Metro Cali S.A. 22 de agosto de 2023,3.3943928747,-76.5041294094
1063634.4019,866904.6788,1459,515185,Cl 57 entre Kr 47 y 47A,Entrada Institución Educativa Llano Verde - Sede Principal, ,PARADA EXTERNA, ,El Morichal,Comuna 15,Zona 5 - AGUABLANCA, , ,Metro Cali S.A. 22 de agosto de 2023,3.3925146525,-76.5049589998
1063472.691,866747.4093,1460,515186,Cl 57 entre Kr 48B y 48C, , ,PARADA EXTERNA, ,El Morichal,Comuna 15,Zona 5 - AGUABLANCA, , ,Metro Cali S.A. 22 de agosto de 2023,3.3910926543,-76.5064139999
1063185.6286,866819.7875,1461,515197,Kr 49D con Cl 56D, , ,PARADA EXTERNA, ,El Morichal,Comuna 15,Zona 5 - AGUABLANCA, , ,Metro Cali S.A. 22 de agosto de 2023,3.3917471283,-76.5089968053
1063029.5593,866990.9256,1462,515198,Kr 49D con Cl 55A, , ,PARADA EXTERNA, ,El Morichal,Comuna 15,Zona 5 - AGUABLANCA, , ,Metro Cali S.A. 22 de agosto de 2023,3.3932945648,-76.510401007
1063142.6155,867143.1638,1463,515199,Kr 48B entre Cl 55A y 55, , ,PARADA EXTERNA, ,El Morichal,Comuna 15,Zona 5 - AGUABLANCA, , ,Metro Cali S.A. 22 de agosto de 2023,3.3946710821,-76.5093837777
1063370.3293,866653.6228,1464,515201,Cl 57 entre Kr 49A y 49D, , ,PARADA EXTERNA, ,El Morichal,Comuna 15,Zona 5 - AGUABLANCA, , ,Metro Cali S.A. 22 de agosto de 2023,3.3902446554,-76.5073349999
1062902.8552,867184.034,1465,515212,Cl 54 entre Kr 49D y 49C, , ,PARADA EXTERNA, ,El Morichal,Comuna 15,Zona 5 - AGUABLANCA, , ,Metro Cali S.A. 22 de agosto de 2023,3.3950406512,-76.511541
1063023.9492,867300.6374,1466,515213,Cl 54 entre Kr 48B y 48A, , ,PARADA EXTERNA, ,El Morichal,Comuna 15,Zona 5 - AGUABLANCA, , ,Metro Cali S.A. 22 de agosto de 2023,3.396094961,-76.5104514542
1063160.2677,867427.9095,1467,515214,Cl 54 entre Kr 47D y 47, , ,PARADA EXTERNA, ,El Morichal,Comuna 15,Zona 5 - AGUABLANCA, , ,Metro Cali S.A. 22 de agosto de 2023,3.3972457338,-76.5092249233
1064300.5328,868847.8988,1468,515006,Kr 39 entre Cl 51 y 50, , ,PARADA EXTERNA, ,El Retiro,Comuna 15,Zona 5 - AGUABLANCA, , ,Metro Cali S.A. 22 de agosto de 2023,3.4100850143,-76.4989651586
1064170.8007,868943.7146,1469,515007,Kr 39 entre Cl 48 y 49, , ,PARADA EXTERNA, ,El Retiro,Comuna 15,Zona 5 - AGUABLANCA, , ,Metro Cali S.A. 22 de agosto de 2023,3.4109514009,-76.5001324139
1064483.6833,868648.7287,1470,515008,Kr 39 entre Cl 54 y 53, , ,PARADA EXTERNA, ,El Retiro,Comuna 15,Zona 5 - AGUABLANCA, , ,Metro Cali S.A. 22 de agosto de 2023,3.4082840913,-76.4973172925
1064446.1595,868576.3677,1471,515022,Cl 54 entre Kr 39 y 39A, , ,PARADA EXTERNA, ,El Retiro,Comuna 15,Zona 5 - AGUABLANCA, , ,Metro Cali S.A. 22 de agosto de 2023,3.4076298157,-76.4976549303
1064255.6301,869082.0904,1472,515036,Cl 48 entre Kr 37 y 36, , ,PARADA EXTERNA, ,El Retiro,Comuna 15,Zona 5 - AGUABLANCA, , ,Metro Cali S.A. 22 de agosto de 2023,3.4122025699,-76.4993691274
1064304.0321,869140.1839,1473,515048,Cl 48 entre Kr 34 y 35, , ,PARADA EXTERNA, ,El Retiro,Comuna 15,Zona 5 - AGUABLANCA, , ,Metro Cali S.A. 22 de agosto de 2023,3.412727838,-76.4989336144
1064027.1896,868886.808,1474,515132,Cl 48 entre Kr 39E y 39D, , ,PARADA EXTERNA, ,El Retiro,Comuna 15,Zona 5 - AGUABLANCA, , ,Metro Cali S.A. 22 de agosto de 2023,3.4104368818,-76.5014245761
1064570.2035,868630.0283,1475,515009,Cl 54 entre Kr 38B y 38A, , ,PARADA EXTERNA, ,El Vallado,Comuna 15,Zona 5 - AGUABLANCA, , ,Metro Cali S.A. 22 de agosto de 2023,3.408114984,-76.4965388266
1064255.7408,868413.2731,1476,515023,Cl 54 entre Kr 39H y 40,Frente a Centro Recreativo El Vallado, ,PARADA EXTERNA, ,El Vallado,Comuna 15,Zona 5 - AGUABLANCA, , ,Metro Cali S.A. 22 de agosto de 2023,3.4061551638,-76.4993682638
1064346.7904,868448.0352,1477,515045,Cl 54 entre Kr 41B y 39E,Unidad Recreativa El Vallado, ,PARADA EXTERNA, ,El Vallado,Comuna 15,Zona 5 - AGUABLANCA, , ,Metro Cali S.A. 22 de agosto de 2023,3.406469462,-76.4985490348
1063866.9061,868741.3144,1478,515057,Cl 48 entre Kr 40B y 40A, , ,PARADA EXTERNA, ,El Vallado,Comuna 15,Zona 5 - AGUABLANCA, , ,Metro Cali S.A. 22 de agosto de 2023,3.4091213653,-76.5028667626
1064750.7534,868751.6447,1479,515018,Cl 55 entre Kr 33 y 34, , ,PARADA EXTERNA, ,Laureano Gómez,Comuna 15,Zona 5 - AGUABLANCA, , ,Metro Cali S.A. 22 de agosto de 2023,3.4092145898,-76.4949142905
1064540.8113,869355.1212,1480,515037,Cl 48 entre Kr 32A y 30D, , ,PARADA EXTERNA, ,Laureano Gómez,Comuna 15,Zona 5 - AGUABLANCA, , ,Metro Cali S.A. 22 de agosto de 2023,3.4146712374,-76.4968031235
1064618.9262,869431.568,1481,515122,Cl 48 entre Kr 30B y 30, , ,PARADA EXTERNA, ,Laureano Gómez,Comuna 15,Zona 5 - AGUABLANCA, , ,Metro Cali S.A. 22 de agosto de 2023,3.4153624469,-76.4961002584
1064579.5008,869404.0493,1482,515260,Cl 48 entre Kr 29 y 31, , ,PARADA EXTERNA, ,Laureano Gómez,Comuna 15,Zona 5 - AGUABLANCA, , ,Metro Cali S.A. 22 de agosto de 2023,3.4151136338,-76.4964549993
1064890.1257,868888.2166,1483,515010,Cl 55 entre Kr 32A y 33, , ,PARADA EXTERNA, ,Los Comuneros I,Comuna 15,Zona 5 - AGUABLANCA, , ,Metro Cali S.A. 22 de agosto de 2023,3.41044943,-76.4936602453
1064910.4595,868868.3907,1484,515011,Cl 55 entre Kr 33 y 32A, , ,PARADA EXTERNA, ,Los Comuneros I,Comuna 15,Zona 5 - AGUABLANCA, , ,Metro Cali S.A. 22 de agosto de 2023,3.4102701602,-76.4934772955
1065094.0106,869090.7138,1485,515014,Cl 55 entre Kr 29A y 30A, , ,PARADA EXTERNA, ,Los Comuneros I,Comuna 15,Zona 5 - AGUABLANCA, , ,Metro Cali S.A. 22 de agosto de 2023,3.4122803439,-76.4918257217
1065112.1786,869055.9823,1486,515015,Cl 55 entre Kr 30 y 29, , ,PARADA EXTERNA, ,Los Comuneros I,Comuna 15,Zona 5 - AGUABLANCA, , ,Metro Cali S.A. 22 de agosto de 2023,3.4119662988,-76.4916622629
1064765.469,868735.6922,1487,515019,Cl 55 entre Kr 34 y 33, , ,PARADA EXTERNA, ,Los Comuneros I,Comuna 15,Zona 5 - AGUABLANCA, , ,Metro Cali S.A. 22 de agosto de 2023,3.4090703446,-76.4947818898
1065130.6617,869168.8647,1488,515040,Kr 29 entre Cl 83 y 79,Sobre la calzada central, ,PARADA EXTERNA, ,Los Comuneros I,Comuna 15,Zona 5 - AGUABLANCA, , ,Metro Cali S.A. 22 de agosto de 2023,3.4129869696,-76.4914959289
1064782.7858,869532.5134,1489,515046,Kr 29 entre Cl 72Y y 48, , ,PARADA EXTERNA, ,Los Comuneros I,Comuna 15,Zona 5 - AGUABLANCA, , ,Metro Cali S.A. 22 de agosto de 2023,3.4162751501,-76.4946258877
1064939.7959,869369.9347,1490,515062,Kr 29 con Cl 76,Sobre la calzada central, ,PARADA EXTERNA, ,Los Comuneros I,Comuna 15,Zona 5 - AGUABLANCA, , ,Metro Cali S.A. 22 de agosto de 2023,3.4148050835,-76.4932132109
1065213.9943,869205.0425,1491,515238,Cl 83 entre Kr 28F y 28J, , ,PARADA EXTERNA, ,Los Comuneros I,Comuna 15,Zona 5 - AGUABLANCA, , ,Metro Cali S.A. 22 de agosto de 2023,3.4133140639,-76.4907461257
1065629.3234,869786.0353,1492,502600,NUEVO LATIR B1, , ,ESTACIÓN,AGUABLANCA,Mojica,Comuna 15,Zona 5 - AGUABLANCA, , ,Metro Cali S.A. 22 de agosto de 2023,3.4185672414,-76.4870089783
1065622.8657,869805.7031,1493,502601,NUEVO LATIR A1, , ,ESTACIÓN,AGUABLANCA,Mojica,Comuna 15,Zona 5 - AGUABLANCA, , ,Metro Cali S.A. 22 de agosto de 2023,3.4187450785,-76.4870670763
1065687.669,869809.5267,1494,514378,Cl 73 con Kr 28D, , ,PARADA EXTERNA, ,Mojica,Comuna 15,Zona 5 - AGUABLANCA, , ,Metro Cali S.A. 22 de agosto de 2023,3.4187796302,-76.486483998
1065723.4532,869811.6422,1495,514379,Cl 73 entre Kr 28D y 28C,Frente a la Ciudadela Educativa Nuevo Latir, ,PARADA EXTERNA, ,Mojica,Comuna 15,Zona 5 - AGUABLANCA, , ,Metro Cali S.A. 22 de agosto de 2023,3.4187987471,-76.4861620232
1065779.4289,869654.2158,1496,514441,Kr 28D entre Cl 83 y 85, , ,PARADA EXTERNA, ,Mojica,Comuna 15,Zona 5 - AGUABLANCA, , ,Metro Cali S.A. 22 de agosto de 2023,3.4173752886,-76.4856584249
1065923.5211,869471.3336,1497,514445,Kr 28D entre Cl 91 y 92, , ,PARADA EXTERNA, ,Mojica,Comuna 15,Zona 5 - AGUABLANCA, , ,Metro Cali S.A. 22 de agosto de 2023,3.4157216306,-76.4843619976
1065873.1218,869214.3427,1498,514446,Cl 96 con Kr 28D4, , ,PARADA EXTERNA, ,Mojica,Comuna 15,Zona 5 - AGUABLANCA, , ,Metro Cali S.A. 22 de agosto de 2023,3.413397951,-76.4848155572
1065509.0526,869483.2634,1499,515012,Cl 83 entre Kr 28D4 y 28E, , ,PARADA EXTERNA, ,Mojica,Comuna 15,Zona 5 - AGUABLANCA, , ,Metro Cali S.A. 22 de agosto de 2023,3.4158296335,-76.4880912247
1065496.899,869425.4705,1500,515013,Cl 83 entre Kr 28E3 y 28E,Institución Educativa Carlos Holguín Mallarino, ,PARADA EXTERNA, ,Mojica,Comuna 15,Zona 5 - AGUABLANCA, , ,Metro Cali S.A. 22 de agosto de 2023,3.4153070773,-76.4882005958
1065286.5085,869224.1373,1501,515020,Cl 83 entre Kr 28G y 28E6, , ,PARADA EXTERNA, ,Mojica,Comuna 15,Zona 5 - AGUABLANCA, , ,Metro Cali S.A. 22 de agosto de 2023,3.4134866972,-76.4900936665
1065683.7481,869618.3359,1502,515021,Cl 83 entre Kr 28D2 y 28D1, , ,PARADA EXTERNA, ,Mojica,Comuna 15,Zona 5 - AGUABLANCA, , ,Metro Cali S.A. 22 de agosto de 2023,3.417050896,-76.4865193375
1065665.8905,869667.0786,1503,515061,Cl 83 entre Kr 28D y Cl 82, , ,PARADA EXTERNA, ,Mojica,Comuna 15,Zona 5 - AGUABLANCA, , ,Metro Cali S.A. 22 de agosto de 2023,3.4174916306,-76.486679998
1065870.7395,869197.7179,1504,515157,Cl 96 entre Kr 28E y 28D4, , ,PARADA EXTERNA, ,Mojica,Comuna 15,Zona 5 - AGUABLANCA, , ,Metro Cali S.A. 22 de agosto de 2023,3.4132476317,-76.4848369977
1065955.6586,869467.5737,1505,515158,Kr 28D entre Cl 91 y 90, , ,PARADA EXTERNA, ,Mojica,Comuna 15,Zona 5 - AGUABLANCA, , ,Metro Cali S.A. 22 de agosto de 2023,3.4156876223,-76.4840728377
1065712.6999,869126.378,1506,515166,Cl 96 con Kr 28E3, , ,PARADA EXTERNA, ,Mojica,Comuna 15,Zona 5 - AGUABLANCA, , ,Metro Cali S.A. 22 de agosto de 2023,3.4126026324,-76.486258998
1065374.4023,869347.9571,1507,515237,Cl 83 entre Kr 28E3 y 28E6, , ,PARADA EXTERNA, ,Mojica,Comuna 15,Zona 5 - AGUABLANCA, , ,Metro Cali S.A. 22 de agosto de 2023,3.4146062427,-76.489302797
1063185.2181,869772.8096,1508,505151,ANTONIO NARIÑO B1, , ,ESTACIÓN,ORIENTAL,Antonio Nariño,Comuna 16,Zona 5 - AGUABLANCA, , ,Metro Cali S.A. 22 de agosto de 2023,3.4184481777,-76.5090001802
1062969.4901,869566.7598,1509,505201,CIUDAD MODELO B1, , ,ESTACIÓN,ORIENTAL,Antonio Nariño,Comuna 16,Zona 5 - AGUABLANCA, , ,Metro Cali S.A. 22 de agosto de 2023,3.4165851094,-76.5109412433
1063010.5262,869606.069,1510,505203,CIUDAD MODELO B2, , ,ESTACIÓN,ORIENTAL,Antonio Nariño,Comuna 16,Zona 5 - AGUABLANCA, , ,Metro Cali S.A. 22 de agosto de 2023,3.416940537,-76.510572012
1063525.3696,869655.5774,1511,515002,Kr 39 entre Cl 40 y 39, , ,PARADA EXTERNA, ,Antonio Nariño,Comuna 16,Zona 5 - AGUABLANCA, , ,Metro Cali S.A. 22 de agosto de 2023,3.417388129,-76.505939633
1063944.6032,869178.2624,1512,515017,Kr 39 entre Cl 45A y 46, , ,PARADA EXTERNA, ,Antonio Nariño,Comuna 16,Zona 5 - AGUABLANCA, , ,Metro Cali S.A. 22 de agosto de 2023,3.4130722097,-76.5021676032
1063939.7546,868851.6903,1513,515049,Cl 48 entre Kr 39E y 39G, , ,PARADA EXTERNA, ,Antonio Nariño,Comuna 16,Zona 5 - AGUABLANCA, , ,Metro Cali S.A. 22 de agosto de 2023,3.4101193651,-76.5022112849
1063826.9952,868749.0444,1514,515050,Cl 48 entre Kr 39G y 41, , ,PARADA EXTERNA, ,Antonio Nariño,Comuna 16,Zona 5 - AGUABLANCA, , ,Metro Cali S.A. 22 de agosto de 2023,3.4091912661,-76.5032258621
1063696.4814,869437.4156,1515,515069,Kr 39 entre Cl 42 y 43,Supermercado, ,PARADA EXTERNA, ,Antonio Nariño,Comuna 16,Zona 5 - AGUABLANCA, , ,Metro Cali S.A. 22 de agosto de 2023,3.4154154981,-76.5044000641
1063548.2535,869595.3766,1516,515151,Kr 39 entre Cl 40 y 41, , ,PARADA EXTERNA, ,Antonio Nariño,Comuna 16,Zona 5 - AGUABLANCA, , ,Metro Cali S.A. 22 de agosto de 2023,3.4168437938,-76.5057337403
1063374.9207,869810.4335,1517,515152,Kr 39 entre Cl 38 y 37, , ,PARADA EXTERNA, ,Antonio Nariño,Comuna 16,Zona 5 - AGUABLANCA, , ,Metro Cali S.A. 22 de agosto de 2023,3.4187883485,-76.5072932985
1063356.4,869794.7116,1518,518012,Kr 39 entre Cl 37 y 38, , ,PARADA EXTERNA, ,Antonio Nariño,Comuna 16,Zona 5 - AGUABLANCA, , ,Metro Cali S.A. 22 de agosto de 2023,3.4186461943,-76.5074599432
1061847.2836,868497.2197,1519,505351,MARIANO RAMOS B1, , ,ESTACIÓN,ORIENTAL,Mariano Ramos,Comuna 16,Zona 5 - AGUABLANCA, , ,Metro Cali S.A. 22 de agosto de 2023,3.4069144403,-76.5210384375
1061884.8824,868532.9111,1520,505353,MARIANO RAMOS B2, , ,ESTACIÓN,ORIENTAL,Mariano Ramos,Comuna 16,Zona 5 - AGUABLANCA, , ,Metro Cali S.A. 22 de agosto de 2023,3.40723716,-76.5207001413
1062103.2925,867749.2838,1521,515100,Kr 50 entre Cl 44 y 43, , ,PARADA EXTERNA, ,Mariano Ramos,Comuna 16,Zona 5 - AGUABLANCA, , ,Metro Cali S.A. 22 de agosto de 2023,3.400151647,-76.518735
1062149.9724,867690.8894,1522,515101,Kr 50 con Cl 44, , ,PARADA EXTERNA, ,Mariano Ramos,Comuna 16,Zona 5 - AGUABLANCA, , ,Metro Cali S.A. 22 de agosto de 2023,3.3996236475,-76.518315
1062896.5781,868017.6545,1523,515141,Kr 46 entre Cl 46 y 47, , ,PARADA EXTERNA, ,Mariano Ramos,Comuna 16,Zona 5 - AGUABLANCA, , ,Metro Cali S.A. 22 de agosto de 2023,3.4025781983,-76.5115974082
1062704.2776,868215.2058,1524,515146,Kr 46 entre Cl 44 y 45, , ,PARADA EXTERNA, ,Mariano Ramos,Comuna 16,Zona 5 - AGUABLANCA, , ,Metro Cali S.A. 22 de agosto de 2023,3.4043644601,-76.5133276186
1062430.6124,868506.8708,1525,515161,Kr 46 entre Cl 40 y 41, , ,PARADA EXTERNA, ,Mariano Ramos,Comuna 16,Zona 5 - AGUABLANCA, , ,Metro Cali S.A. 22 de agosto de 2023,3.4070016931,-76.5157899128
1062231.9845,867630.8251,1526,515205,Kr 50 con Cl 45, , ,PARADA EXTERNA, ,Mariano Ramos,Comuna 16,Zona 5 - AGUABLANCA, , ,Metro Cali S.A. 22 de agosto de 2023,3.3990805479,-76.5175771
1062020.2369,867847.7802,1527,515206,Kr 50 entre Cl 43 y 42, , ,PARADA EXTERNA, ,Mariano Ramos,Comuna 16,Zona 5 - AGUABLANCA, , ,Metro Cali S.A. 22 de agosto de 2023,3.4010422462,-76.51948229
1061900.6524,868011.9084,1528,515207,Kr 50 entre Cl 41 y 40, , ,PARADA EXTERNA, ,Mariano Ramos,Comuna 16,Zona 5 - AGUABLANCA, , ,Metro Cali S.A. 22 de agosto de 2023,3.402526285,-76.52055825
1061945.3593,867930.3287,1529,515208,Kr 50 entre Cl 41 y 42, , ,PARADA EXTERNA, ,Mariano Ramos,Comuna 16,Zona 5 - AGUABLANCA, , ,Metro Cali S.A. 22 de agosto de 2023,3.4017886456,-76.520156
1062035.9402,867807.0146,1530,515209,Kr 50 entre Cl 42 y 43, , ,PARADA EXTERNA, ,Mariano Ramos,Comuna 16,Zona 5 - AGUABLANCA, , ,Metro Cali S.A. 22 de agosto de 2023,3.4006736466,-76.519341
1062308.7953,867547.7791,1531,515210,Kr 50 con Cl 46, , ,PARADA EXTERNA, ,Mariano Ramos,Comuna 16,Zona 5 - AGUABLANCA, , ,Metro Cali S.A. 22 de agosto de 2023,3.3983296486,-76.516886
1062914.8139,867922.3883,1532,515239,Cl 48 entre Kr 46 y 46B, , ,PARADA EXTERNA, ,Mariano Ramos,Comuna 16,Zona 5 - AGUABLANCA, , ,Metro Cali S.A. 22 de agosto de 2023,3.4017168052,-76.51143334
1062623.8402,867647.9727,1533,515240,Cl 48 entre Kr 48 y 48B, , ,PARADA EXTERNA, ,Mariano Ramos,Comuna 16,Zona 5 - AGUABLANCA, , ,Metro Cali S.A. 22 de agosto de 2023,3.3992355776,-76.51405139
1062450.3722,867492.1767,1534,515241,Cl 48 entre Kr 49G y 50, , ,PARADA EXTERNA, ,Mariano Ramos,Comuna 16,Zona 5 - AGUABLANCA, , ,Metro Cali S.A. 22 de agosto de 2023,3.397826889,-76.51561217
1062581.6582,868349.3524,1535,516085,Kr 46 entre Cl 42 y 43, , ,PARADA EXTERNA, ,Mariano Ramos,Comuna 16,Zona 5 - AGUABLANCA, , ,Metro Cali S.A. 22 de agosto de 2023,3.4055774134,-76.514430881
1062232.8383,868713.2948,1536,516089,Kr 46 entre Cl 37 y 38A,Conexión con la estación Villa del Sur, ,PARADA EXTERNA, ,Mariano Ramos,Comuna 16,Zona 5 - AGUABLANCA, , ,Metro Cali S.A. 22 de agosto de 2023,3.4088681739,-76.5175693876
1062425.0357,869046.499,1537,505251,REPÚBLICA DE ISRAEL B1, , ,ESTACIÓN,ORIENTAL,República de Israel,Comuna 16,Zona 5 - AGUABLANCA, , ,Metro Cali S.A. 22 de agosto de 2023,3.4118809793,-76.5158400655
1062468.5386,869087.972,1538,505253,REPÚBLICA DE ISRAEL B2, , ,ESTACIÓN,ORIENTAL,República de Israel,Comuna 16,Zona 5 - AGUABLANCA, , ,Metro Cali S.A. 22 de agosto de 2023,3.4122559737,-76.5154486425
1062229.1075,868859.0499,1539,505301,VILLA DEL SUR B1, , ,ESTACIÓN,ORIENTAL,República de Israel,Comuna 16,Zona 5 - AGUABLANCA, , ,Metro Cali S.A. 22 de agosto de 2023,3.4101860834,-76.5176029516
1062294.7393,868921.5334,1540,505303,VILLA DEL SUR B2, , ,ESTACIÓN,ORIENTAL,República de Israel,Comuna 16,Zona 5 - AGUABLANCA, , ,Metro Cali S.A. 22 de agosto de 2023,3.410751053,-76.5170124232
1063036.0767,868257.5898,1541,515003,Cl 46 entre Kr 43B y 43A, , ,PARADA EXTERNA, ,República de Israel,Comuna 16,Zona 5 - AGUABLANCA, , ,Metro Cali S.A. 22 de agosto de 2023,3.4047476662,-76.5103422467
1062685.1511,868274.4857,1542,515064,Kr 46 entre Cl 44 y 43, , ,PARADA EXTERNA, ,República de Israel,Comuna 16,Zona 5 - AGUABLANCA, , ,Metro Cali S.A. 22 de agosto de 2023,3.4049004667,-76.5134997057
1062534.0831,868433.1369,1543,515153,Kr 46 entre Cl 42 y 41A, , ,PARADA EXTERNA, ,República de Israel,Comuna 16,Zona 5 - AGUABLANCA, , ,Metro Cali S.A. 22 de agosto de 2023,3.4063349905,-76.5148589348
1062910.3259,868136.2935,1544,515171,Cl 46 entre Kr 45 y 44A, , ,PARADA EXTERNA, ,República de Israel,Comuna 16,Zona 5 - AGUABLANCA, , ,Metro Cali S.A. 22 de agosto de 2023,3.4036509238,-76.5114737023
1063291.6223,868262.0266,1545,515245,Cl 48 entre Kr 42B y 42C, , ,PARADA EXTERNA, ,República de Israel,Comuna 16,Zona 5 - AGUABLANCA, , ,Metro Cali S.A. 22 de agosto de 2023,3.404787756,-76.5080429695
1063145.1471,868126.1551,1546,515246,Cl 48 entre Kr 42D y 43B, , ,PARADA EXTERNA, ,República de Israel,Comuna 16,Zona 5 - AGUABLANCA, , ,Metro Cali S.A. 22 de agosto de 2023,3.4035592305,-76.5093608973
1062965.0348,867980.2342,1547,516081,Kr 46 entre Cl 48 y 47, , ,PARADA EXTERNA, ,República de Israel,Comuna 16,Zona 5 - AGUABLANCA, , ,Metro Cali S.A. 22 de agosto de 2023,3.4022398401,-76.5109814724
1062847.17,868104.2549,1548,516082,Kr 46 entre Cl 46 y 45, , ,PARADA EXTERNA, ,República de Israel,Comuna 16,Zona 5 - AGUABLANCA, , ,Metro Cali S.A. 22 de agosto de 2023,3.403361238,-76.5120419507
1062725.9039,868230.5002,1549,516084,Kr 46 entre Cl 45 y 44, , ,PARADA EXTERNA, ,República de Israel,Comuna 16,Zona 5 - AGUABLANCA, , ,Metro Cali S.A. 22 de agosto de 2023,3.4045027496,-76.5131330345
1062356.1447,868618.1681,1550,516088,Kr 46 entre Cl 40 y 39, , ,PARADA EXTERNA, ,República de Israel,Comuna 16,Zona 5 - AGUABLANCA, , ,Metro Cali S.A. 22 de agosto de 2023,3.4080080398,-76.5164599347
1062240.3039,868740.4581,1551,516090,Kr 46 entre Cl 37 y 36, , ,PARADA EXTERNA, ,República de Israel,Comuna 16,Zona 5 - AGUABLANCA, , ,Metro Cali S.A. 22 de agosto de 2023,3.4091137826,-76.5175022146
1063185.0791,868399.7088,1552,516103,Cl 46 entre Kr 42C y 42B, , ,PARADA EXTERNA, ,República de Israel,Comuna 16,Zona 5 - AGUABLANCA, , ,Metro Cali S.A. 22 de agosto de 2023,3.4060326824,-76.5090015793
1063662.8771,868597.0715,1553,515051,Cl 48 entre Kr 41B y 41D,Frente a la fundación Carvajal - El Vallado, ,PARADA EXTERNA, ,Unión de Vivienda Popular,Comuna 16,Zona 5 - AGUABLANCA, , ,Metro Cali S.A. 22 de agosto de 2023,3.407817162,-76.5047025473
1063436.5876,868394.4507,1554,515052,Cl 48 entre Kr 41H y 42A, , ,PARADA EXTERNA, ,Unión de Vivienda Popular,Comuna 16,Zona 5 - AGUABLANCA, , ,Metro Cali S.A. 22 de agosto de 2023,3.4059851087,-76.5067386242
1063337.1833,868541.1581,1555,515225,Cl 46 entre Kr 42 y 41H, , ,PARADA EXTERNA, ,Unión de Vivienda Popular,Comuna 16,Zona 5 - AGUABLANCA, , ,Metro Cali S.A. 22 de agosto de 2023,3.4073116404,-76.5076329999
1063489.556,868687.4783,1556,515226,Cl 46 entre Kr 41E y 41D,Puesto de Salud Unión de Vivienda Popular, ,PARADA EXTERNA, ,Unión de Vivienda Popular,Comuna 16,Zona 5 - AGUABLANCA, , ,Metro Cali S.A. 22 de agosto de 2023,3.4086346393,-76.5062619999
1063657.3793,868696.3285,1557,516106,Kr 41B entre Cl 46 y 47, , ,PARADA EXTERNA, ,Unión de Vivienda Popular,Comuna 16,Zona 5 - AGUABLANCA, , ,Metro Cali S.A. 22 de agosto de 2023,3.408714639,-76.5047519998
1066280.4082,869296.8664,1558,504103,AGUABLANCA A4, , ,TERMINAL, ,Navarro,Corregimientos,Zona 5 - AGUABLANCA, , ,Metro Cali S.A. 22 de agosto de 2023,3.4141439802,-76.4811509269
1066358.8206,869232.7462,1559,504105,AGUABLANCA B1, , ,TERMINAL, ,Navarro,Corregimientos,Zona 5 - AGUABLANCA, , ,Metro Cali S.A. 22 de agosto de 2023,3.4135641801,-76.4804454267
1066326.9779,869253.9992,1560,504106,AGUABLANCA B2, , ,TERMINAL, ,Navarro,Corregimientos,Zona 5 - AGUABLANCA, , ,Metro Cali S.A. 22 de agosto de 2023,3.4137563602,-76.4807319268
1066264.4772,869297.5448,1561,504107,AGUABLANCA B3, , ,TERMINAL, ,Navarro,Corregimientos,Zona 5 - AGUABLANCA, , ,Metro Cali S.A. 22 de agosto de 2023,3.4141501202,-76.4812942669
1066240.9125,869313.9562,1562,504108,AGUABLANCA B4, , ,TERMINAL, ,Navarro,Corregimientos,Zona 5 - AGUABLANCA, , ,Metro Cali S.A. 22 de agosto de 2023,3.4142985202,-76.481506287
1066217.3489,869330.3677,1563,504109,AGUABLANCA B5, , ,TERMINAL, ,Navarro,Corregimientos,Zona 5 - AGUABLANCA, , ,Metro Cali S.A. 22 de agosto de 2023,3.4144469202,-76.481718297
1066365.3235,869205.3741,1564,504110,AGUABLANCA C1, , ,TERMINAL, ,Navarro,Corregimientos,Zona 5 - AGUABLANCA, , ,Metro Cali S.A. 22 de agosto de 2023,3.4133166802,-76.4803869267
1066349.6777,869216.1963,1565,504111,AGUABLANCA C2, , ,TERMINAL, ,Navarro,Corregimientos,Zona 5 - AGUABLANCA, , ,Metro Cali S.A. 22 de agosto de 2023,3.4134145402,-76.4805276967
1066334.0331,869227.0197,1566,504112,AGUABLANCA C3, , ,TERMINAL, ,Navarro,Corregimientos,Zona 5 - AGUABLANCA, , ,Metro Cali S.A. 22 de agosto de 2023,3.4135124102,-76.4806684568
1066318.3874,869237.8419,1567,504113,AGUABLANCA C4, , ,TERMINAL, ,Navarro,Corregimientos,Zona 5 - AGUABLANCA, , ,Metro Cali S.A. 22 de agosto de 2023,3.4136102702,-76.4808092268
1066301.01,869249.863,1568,504114,AGUABLANCA C5, , ,TERMINAL, ,Navarro,Corregimientos,Zona 5 - AGUABLANCA, , ,Metro Cali S.A. 22 de agosto de 2023,3.4137189702,-76.4809655768
1066258.7209,869278.3097,1569,504115,AGUABLANCA C6, , ,TERMINAL, ,Navarro,Corregimientos,Zona 5 - AGUABLANCA, , ,Metro Cali S.A. 22 de agosto de 2023,3.4139762003,-76.4813460669
1066239.0952,869291.7198,1570,504116,AGUABLANCA C7, , ,TERMINAL, ,Navarro,Corregimientos,Zona 5 - AGUABLANCA, , ,Metro Cali S.A. 22 de agosto de 2023,3.4140974603,-76.481522647
1066219.4694,869305.1309,1571,504117,AGUABLANCA C8, , ,TERMINAL, ,Navarro,Corregimientos,Zona 5 - AGUABLANCA, , ,Metro Cali S.A. 22 de agosto de 2023,3.4142187303,-76.481699227
1066199.8436,869318.5421,1572,504118,AGUABLANCA C9, , ,TERMINAL, ,Navarro,Corregimientos,Zona 5 - AGUABLANCA, , ,Metro Cali S.A. 22 de agosto de 2023,3.4143400003,-76.4818758071
1066423.1199,868945.1393,1573,514484,Tv 103 con Kr 28F, , ,PARADA EXTERNA, ,Navarro,Corregimientos,Zona 5 - AGUABLANCA, , ,Metro Cali S.A. 22 de agosto de 2023,3.4109636309,-76.4798669966
1067777.1901,868241.0423,1574,514581,Cl 126 con Kr 28D4, , ,PARADA EXTERNA, ,Navarro,Corregimientos,Zona 5 - AGUABLANCA, , ,Metro Cali S.A. 22 de agosto de 2023,3.4045966273,-76.4676839925
1065740.0896,868957.3209,1575,515156,Kr 28E3 con Cl 96,Hospital Isaias Duarte Cancino, ,PARADA EXTERNA, ,Navarro,Corregimientos,Zona 5 - AGUABLANCA, , ,Metro Cali S.A. 22 de agosto de 2023,3.4110740195,-76.4860126108
1061064.9469,871186.5953,1576,516042,Dg 23 entre Cl 12B y 12C, , ,PARADA EXTERNA, ,Colseguros Andes,Comuna 10,Zona 6 - SIMÓN BOLÍVAR, , ,Metro Cali S.A. 22 de agosto de 2023,3.4312315842,-76.5280777326
1060903.0429,870348.7168,1577,516074,Cl 13 entre Kr 34 y 33A,ISS, ,PARADA EXTERNA, ,Colseguros Andes,Comuna 10,Zona 6 - SIMÓN BOLÍVAR, , ,Metro Cali S.A. 22 de agosto de 2023,3.4236555242,-76.5295344365
1061017.9643,870703.8996,1578,516076,Cl 13 entre Kr 32 y Cl 14,Almacenes Exito, ,PARADA EXTERNA, ,Colseguros Andes,Comuna 10,Zona 6 - SIMÓN BOLÍVAR, , ,Metro Cali S.A. 22 de agosto de 2023,3.4268670751,-76.5285004351
1060958.7126,870595.091,1579,516077,Cl 13 entre Kr 31 y 32, , ,PARADA EXTERNA, ,Colseguros Andes,Comuna 10,Zona 6 - SIMÓN BOLÍVAR, , ,Metro Cali S.A. 22 de agosto de 2023,3.4258832296,-76.529033557
1061107.6351,870971.8521,1580,516078,Cl 13 entre Cl 12C y Kr 29B,Entrada al Parque, ,PARADA EXTERNA, ,Colseguros Andes,Comuna 10,Zona 6 - SIMÓN BOLÍVAR, , ,Metro Cali S.A. 22 de agosto de 2023,3.429289892,-76.5276936198
1061161.4695,871007.3416,1581,516079,Cl 13 entre Cl 14 y 16,COTRAEMCALI, ,PARADA EXTERNA, ,Colseguros Andes,Comuna 10,Zona 6 - SIMÓN BOLÍVAR, , ,Metro Cali S.A. 22 de agosto de 2023,3.4296107895,-76.5272092336
1061109.8022,870250.744,1582,516219,Cl 14 entre Kr 33A y 34,EMCALI Telefonia, ,PARADA EXTERNA, ,Colseguros Andes,Comuna 10,Zona 6 - SIMÓN BOLÍVAR, , ,Metro Cali S.A. 22 de agosto de 2023,3.4227696758,-76.5276740726
1061090.8646,870641.1044,1583,516221,Cl 14 entre Kr 31 y 32,Almacenes Prica, ,PARADA EXTERNA, ,Colseguros Andes,Comuna 10,Zona 6 - SIMÓN BOLÍVAR, , ,Metro Cali S.A. 22 de agosto de 2023,3.4262992897,-76.5278444943
1060535.0489,869287.3701,1584,516068,Cl 13 entre Kr 44 y 44A, , ,PARADA EXTERNA, ,Panamericano,Comuna 10,Zona 6 - SIMÓN BOLÍVAR, , ,Metro Cali S.A. 22 de agosto de 2023,3.4140588537,-76.5328454125
1060411.9519,869360.562,1585,516137,Kr 44 entre Cl 12 y 12B, , ,PARADA EXTERNA, ,Panamericano,Comuna 10,Zona 6 - SIMÓN BOLÍVAR, , ,Metro Cali S.A. 22 de agosto de 2023,3.4147206357,-76.5339530001
1061013.2853,870759.8655,1586,516235,Cl 13 entre Kr 29B y 31,Unidad residencial,Parada ubicada sobre la calle 13 entre carrera 29B y 31. frente al centro comercial Pryca. Sentido Norte - Sur.,PARADA EXTERNA, ,Colseguros Andes,Comuna 10,Zona 6 - SIMÓN BOLÍVAR,http://geoportal.metrocali.gov.co/fotos_paradas/516235_20190906110756.jpg,http://geoportal.metrocali.gov.co/fotos_paradas/516235_20190906110838.jpg,Metro Cali S.A. 22 de agosto de 2023,3.4273731151,-76.5285425397
1061485.3031,869814.6828,1587,516011,Kr 39 entre Cl 17 y 16, , ,PARADA EXTERNA, ,Cristóbal Colón,Comuna 10,Zona 6 - SIMÓN BOLÍVAR, , ,Metro Cali S.A. 22 de agosto de 2023,3.4188268558,-76.5242954175
1061156.2628,869856.8341,1588,516216,Cl 14 entre Kr 38A y 37A, , ,PARADA EXTERNA, ,Cristóbal Colón,Comuna 10,Zona 6 - SIMÓN BOLÍVAR, , ,Metro Cali S.A. 22 de agosto de 2023,3.419207969,-76.52725601
1061135.4265,870273.5613,1589,516218,Cl 14 entre Kr 34 y 33A, , ,PARADA EXTERNA, ,Cristóbal Colón,Comuna 10,Zona 6 - SIMÓN BOLÍVAR, , ,Metro Cali S.A. 22 de agosto de 2023,3.4229759902,-76.5274435147
1061118.1921,870619.776,1590,516220,Cl 14 entre Kr 32 y 31, , ,PARADA EXTERNA, ,Cristóbal Colón,Comuna 10,Zona 6 - SIMÓN BOLÍVAR, , ,Metro Cali S.A. 22 de agosto de 2023,3.4261064417,-76.5275986073
1061277.9893,869776.9126,1591,516239,Kr 39 entre Cl 15 y 14C, , ,PARADA EXTERNA, ,Cristóbal Colón,Comuna 10,Zona 6 - SIMÓN BOLÍVAR, , ,Metro Cali S.A. 22 de agosto de 2023,3.4184853307,-76.5261607528
1061680.9259,869850.9124,1592,518074,Kr 39 entre Cl 19 y 18, , ,PARADA EXTERNA, ,Cristóbal Colón,Comuna 10,Zona 6 - SIMÓN BOLÍVAR, , ,Metro Cali S.A. 22 de agosto de 2023,3.4191544469,-76.5225352725
1059976.9367,869070.9022,1593,516032,Cl 10 entre Kr 48B y 48A, , ,PARADA EXTERNA, ,Departamental,Comuna 10,Zona 6 - SIMÓN BOLÍVAR, , ,Metro Cali S.A. 22 de agosto de 2023,3.4121014857,-76.5378670515
1060102.7529,869466.574,1594,516034,Cl 10 con Kr 44,Bajo el puente de la 44, ,PARADA EXTERNA, ,Departamental,Comuna 10,Zona 6 - SIMÓN BOLÍVAR, , ,Metro Cali S.A. 22 de agosto de 2023,3.4156791464,-76.536735069
1060187.11,869718.0161,1595,516036,Cl 10 entre Kr 43 y 41A,EMCALI, ,PARADA EXTERNA, ,Departamental,Comuna 10,Zona 6 - SIMÓN BOLÍVAR, , ,Metro Cali S.A. 22 de agosto de 2023,3.4179526835,-76.535976092
1060764.5251,869920.9577,1596,516072,Cl 13 entre Kr 39 y 38, , ,PARADA EXTERNA, ,El Dorado,Comuna 10,Zona 6 - SIMÓN BOLÍVAR, , ,Metro Cali S.A. 22 de agosto de 2023,3.4197877394,-76.5307807366
1061129.3365,869884.8004,1597,516217,Cl 14 entre Kr 37 y 39, , ,PARADA EXTERNA, ,El Dorado,Comuna 10,Zona 6 - SIMÓN BOLÍVAR, , ,Metro Cali S.A. 22 de agosto de 2023,3.4194608369,-76.5274982853
1060882.8295,869841.7236,1598,516241,Kr 39 entre Cl 13B y 13A, , ,PARADA EXTERNA, ,El Dorado,Comuna 10,Zona 6 - SIMÓN BOLÍVAR, , ,Metro Cali S.A. 22 de agosto de 2023,3.4190713203,-76.529716267
1060656.6784,869589.4145,1599,516070,Cl 13 entre Kr 41A y 41, , ,PARADA EXTERNA, ,El Guabal,Comuna 10,Zona 6 - SIMÓN BOLÍVAR, , ,Metro Cali S.A. 22 de agosto de 2023,3.4167899347,-76.5317510698
1061065.7985,869407.6328,1600,516212,Cl 14 entre Kr 43 y 42, , ,PARADA EXTERNA, ,El Guabal,Comuna 10,Zona 6 - SIMÓN BOLÍVAR, , ,Metro Cali S.A. 22 de agosto de 2023,3.4151463116,-76.5280699449
1061042.291,869409.964,1601,516213,Cl 14 entre Kr 42 y 42A, , ,PARADA EXTERNA, ,El Guabal,Comuna 10,Zona 6 - SIMÓN BOLÍVAR, , ,Metro Cali S.A. 22 de agosto de 2023,3.4151673885,-76.5282814565
1061123.795,869623.2239,1602,516214,Cl 14 entre Kr 40B y 40A, , ,PARADA EXTERNA, ,El Guabal,Comuna 10,Zona 6 - SIMÓN BOLÍVAR, , ,Metro Cali S.A. 22 de agosto de 2023,3.4170956775,-76.5275481287
1061113.3929,869669.2328,1603,516215,Cl 14 entre Kr 40 y 40A, , ,PARADA EXTERNA, ,El Guabal,Comuna 10,Zona 6 - SIMÓN BOLÍVAR, , ,Metro Cali S.A. 22 de agosto de 2023,3.4175116865,-76.5276417261
1061449.1521,869719.7977,1604,516257,Cl 16 entre Kr 40A y 40, , ,PARADA EXTERNA, ,El Guabal,Comuna 10,Zona 6 - SIMÓN BOLÍVAR, , ,Metro Cali S.A. 22 de agosto de 2023,3.417968909,-76.524620688
1060387.251,868766.401,1605,516064,Cl 13 entre Kr 50 y 49A, , ,PARADA EXTERNA, ,Jorge Zawadsky,Comuna 10,Zona 6 - SIMÓN BOLÍVAR, , ,Metro Cali S.A. 22 de agosto de 2023,3.4093482641,-76.5341751736
1061047.1189,869168.6716,1606,516005,Kr 44 entre Cl 14 y 14B, , ,PARADA EXTERNA, ,La Selva,Comuna 10,Zona 6 - SIMÓN BOLÍVAR, , ,Metro Cali S.A. 22 de agosto de 2023,3.4129856372,-76.528238
1060883.146,868847.9052,1607,516209,Cl 14 entre Kr 47 y 50, , ,PARADA EXTERNA, ,La Selva,Comuna 10,Zona 6 - SIMÓN BOLÍVAR, , ,Metro Cali S.A. 22 de agosto de 2023,3.4100852737,-76.5297133342
1060958.3954,869115.5018,1608,516211,Cl 14 entre Kr 44 y 45, , ,PARADA EXTERNA, ,La Selva,Comuna 10,Zona 6 - SIMÓN BOLÍVAR, , ,Metro Cali S.A. 22 de agosto de 2023,3.4125048725,-76.5290362937
1060884.688,868767.7281,1609,516237,Cl 14 entre Kr 49 y 48, , ,PARADA EXTERNA, ,La Selva,Comuna 10,Zona 6 - SIMÓN BOLÍVAR, , ,Metro Cali S.A. 22 de agosto de 2023,3.4093603173,-76.5296994531
1060971.8016,869072.009,1610,516238,Cl 14 entre Kr 46 y 45, , ,PARADA EXTERNA, ,La Selva,Comuna 10,Zona 6 - SIMÓN BOLÍVAR, , ,Metro Cali S.A. 22 de agosto de 2023,3.4121116142,-76.5289156668
1061825.1531,871619.3486,1611,516048,Kr 23 entre Cl 19A y 19B,Olimpica, ,PARADA EXTERNA, ,Las Acacias,Comuna 10,Zona 6 - SIMÓN BOLÍVAR, , ,Metro Cali S.A. 22 de agosto de 2023,3.4351445432,-76.5212375773
1061312.3358,869080.5107,1612,516006,Kr 44 entre Cl 15 y 15Bis, , ,PARADA EXTERNA, ,Las Granjas,Comuna 10,Zona 6 - SIMÓN BOLÍVAR, , ,Metro Cali S.A. 22 de agosto de 2023,3.4121885081,-76.5258516806
1061307.2738,868877.2032,1613,516262,Cl 16 entre Kr 46A y 46B, , ,PARADA EXTERNA, ,Las Granjas,Comuna 10,Zona 6 - SIMÓN BOLÍVAR, , ,Metro Cali S.A. 22 de agosto de 2023,3.4103502136,-76.5258972163
1061231.4074,868638.275,1614,516263,Cl 16 entre Kr 48 y 49,Antes del Olimpica, ,PARADA EXTERNA, ,Las Granjas,Comuna 10,Zona 6 - SIMÓN BOLÍVAR, , ,Metro Cali S.A. 22 de agosto de 2023,3.408189835,-76.5265798162
1060313.0059,870103.4939,1615,516038,Cl 10 entre Kr 38A y 38, , ,PARADA EXTERNA, ,Olímpico,Comuna 10,Zona 6 - SIMÓN BOLÍVAR, , ,Metro Cali S.A. 22 de agosto de 2023,3.4214381684,-76.5348433772
1060415.5101,870409.4655,1616,516040,Cl 10 entre Kr 35 y 34, , ,PARADA EXTERNA, ,Olímpico,Comuna 10,Zona 6 - SIMÓN BOLÍVAR, , ,Metro Cali S.A. 22 de agosto de 2023,3.4242047588,-76.533921116
1060773.8065,870024.5637,1617,516071,Cl 13 entre Kr 37 y 38, , ,PARADA EXTERNA, ,Olímpico,Comuna 10,Zona 6 - SIMÓN BOLÍVAR, , ,Metro Cali S.A. 22 de agosto de 2023,3.4207245396,-76.5306972355
1060856.1176,870280.5596,1618,516073,Cl 13 entre Kr 34 y 35, , ,PARADA EXTERNA, ,Olímpico,Comuna 10,Zona 6 - SIMÓN BOLÍVAR, , ,Metro Cali S.A. 22 de agosto de 2023,3.4230392468,-76.5299566501
1060391.9233,870003.8564,1619,516242,Kr 39 entre Cl 11B y 10A, , ,PARADA EXTERNA, ,Olímpico,Comuna 10,Zona 6 - SIMÓN BOLÍVAR, , ,Metro Cali S.A. 22 de agosto de 2023,3.4205372625,-76.5341332914
1060369.4562,868795.8564,1620,516063,Cl 13 entre Kr 49A y 49B,Cruz Blanca, ,PARADA EXTERNA, ,Panamericano,Comuna 10,Zona 6 - SIMÓN BOLÍVAR, , ,Metro Cali S.A. 22 de agosto de 2023,3.4096145958,-76.5343352872
1060456.7487,869050.1551,1621,516066,Cl 13 entre Kr 47 y 47A, , ,PARADA EXTERNA, ,Panamericano,Comuna 10,Zona 6 - SIMÓN BOLÍVAR, , ,Metro Cali S.A. 22 de agosto de 2023,3.4119139605,-76.5335498981
1060636.0562,869595.1669,1622,516069,Cl 13 entre Kr 41A y 42, , ,PARADA EXTERNA, ,Pasoancho,Comuna 10,Zona 6 - SIMÓN BOLÍVAR, , ,Metro Cali S.A. 22 de agosto de 2023,3.4168419453,-76.5319366213
1061607.5762,871555.0739,1623,516018,Dg 23 entre Cl 18E y 19,Estación de servicio, ,PARADA EXTERNA, ,San Cristóbal,Comuna 10,Zona 6 - SIMÓN BOLÍVAR, , ,Metro Cali S.A. 22 de agosto de 2023,3.4345633718,-76.5231952899
1061611.4566,869025.136,1624,516007,Kr 44 entre Cl 18 y 23, , ,PARADA EXTERNA, ,San Judas Tadeo I,Comuna 10,Zona 6 - SIMÓN BOLÍVAR, , ,Metro Cali S.A. 22 de agosto de 2023,3.4116878246,-76.5231603132
1061240.3832,868585.4958,1625,516148,Cl 16 entre Kr 49A y 49, , ,PARADA EXTERNA, ,San Judas Tadeo I,Comuna 10,Zona 6 - SIMÓN BOLÍVAR, , ,Metro Cali S.A. 22 de agosto de 2023,3.4077126091,-76.5264990531
1061345.2292,868916.4294,1626,516149,Cl 16 entre Kr 46A y 45Bis, , ,PARADA EXTERNA, ,San Judas Tadeo I,Comuna 10,Zona 6 - SIMÓN BOLÍVAR, , ,Metro Cali S.A. 22 de agosto de 2023,3.4107048964,-76.5255557116
1061420.6855,869150.9025,1627,516255,Cl 16 entre Kr 44 y 43,Barrio San Judas, ,PARADA EXTERNA, ,San Judas Tadeo II,Comuna 10,Zona 6 - SIMÓN BOLÍVAR, , ,Metro Cali S.A. 22 de agosto de 2023,3.4128249915,-76.5248767974
1061494.4764,869458.036,1628,516256,Cl 16 entre Kr 41C y 41B, , ,PARADA EXTERNA, ,San Judas Tadeo II,Comuna 10,Zona 6 - SIMÓN BOLÍVAR, , ,Metro Cali S.A. 22 de agosto de 2023,3.415602077,-76.5242128672
1061198.6671,871279.3654,1629,516044,Dg 23 entre Cl 13 y 17A, , ,PARADA EXTERNA, ,Santa Elena,Comuna 10,Zona 6 - SIMÓN BOLÍVAR, , ,Metro Cali S.A. 22 de agosto de 2023,3.4320704147,-76.526874555
1060596.0027,869300.4136,1630,516004,Kr 44 entre Cl 13 y 13A, , ,PARADA EXTERNA, ,Santo Domingo,Comuna 10,Zona 6 - SIMÓN BOLÍVAR, , ,Metro Cali S.A. 22 de agosto de 2023,3.4141767992,-76.5322969757
1060477.7483,869042.0848,1631,516065,Cl 13 entre Kr 47A y 47, , ,PARADA EXTERNA, ,Santo Domingo,Comuna 10,Zona 6 - SIMÓN BOLÍVAR, , ,Metro Cali S.A. 22 de agosto de 2023,3.4118409919,-76.5333609514
1060538.5093,869231.297,1632,516067,Cl 13 entre Kr 45 y 44A, , ,PARADA EXTERNA, ,Santo Domingo,Comuna 10,Zona 6 - SIMÓN BOLÍVAR, , ,Metro Cali S.A. 22 de agosto de 2023,3.4135518445,-76.5328142708
1061858.8533,868528.1037,1633,505350,MARIANO RAMOS A1, , ,ESTACIÓN,ORIENTAL,José Holguín Garcés,Comuna 11,Zona 6 - SIMÓN BOLÍVAR, , ,Metro Cali S.A. 22 de agosto de 2023,3.4071936917,-76.5209343387
1061818.3295,868491.0879,1634,505352,MARIANO RAMOS A2, , ,ESTACIÓN,ORIENTAL,José Holguín Garcés,Comuna 11,Zona 6 - SIMÓN BOLÍVAR, , ,Metro Cali S.A. 22 de agosto de 2023,3.4068589964,-76.5212989536
1061834.3318,869571.4242,1635,516009,Cl 25 entre Kr 41A y 41,Colegio San Pedro Claver, ,PARADA EXTERNA, ,La Independencia,Comuna 11,Zona 6 - SIMÓN BOLÍVAR, , ,Metro Cali S.A. 22 de agosto de 2023,3.4166273332,-76.5211549778
1061832.2176,869399.9237,1636,516015,Cl 25 entre Kr 41E y 41D, , ,PARADA EXTERNA, ,La Independencia,Comuna 11,Zona 6 - SIMÓN BOLÍVAR, , ,Metro Cali S.A. 22 de agosto de 2023,3.4150766362,-76.521174
1062229.7714,869380.4802,1637,516096,Cl 27 entre Kr 42 y 41D, , ,PARADA EXTERNA, ,La Independencia,Comuna 11,Zona 6 - SIMÓN BOLÍVAR, , ,Metro Cali S.A. 22 de agosto de 2023,3.4149008245,-76.5175969637
1062150.3609,869870.1705,1638,516240,Kr 39 entre Cl 26C y 26E, , ,PARADA EXTERNA, ,La Independencia,Comuna 11,Zona 6 - SIMÓN BOLÍVAR, , ,Metro Cali S.A. 22 de agosto de 2023,3.4193285769,-76.5183114584
1062231.0186,869595.9312,1639,516244,Cl 27 entre Kr 41 y 41A, , ,PARADA EXTERNA, ,La Independencia,Comuna 11,Zona 6 - SIMÓN BOLÍVAR, , ,Metro Cali S.A. 22 de agosto de 2023,3.4168489195,-76.5175857358
1062215.094,869428.5197,1640,516245,Cl 27 entre Kr 41C y 41D, , ,PARADA EXTERNA, ,La Independencia,Comuna 11,Zona 6 - SIMÓN BOLÍVAR, , ,Metro Cali S.A. 22 de agosto de 2023,3.4153351952,-76.517729024
1061900.673,869856.4829,1641,518010,Kr 39 entre Cl 25 y 26, , ,PARADA EXTERNA, ,La Independencia,Comuna 11,Zona 6 - SIMÓN BOLÍVAR, , ,Metro Cali S.A. 22 de agosto de 2023,3.4192048171,-76.5205580642
1063226.8324,869828.2445,1642,505150,ANTONIO NARIÑO A1, , ,ESTACIÓN,ORIENTAL,Los Sauces,Comuna 11,Zona 6 - SIMÓN BOLÍVAR, , ,Metro Cali S.A. 22 de agosto de 2023,3.4189494122,-76.5086257432
1063023.8237,869634.3064,1643,505200,CIUDAD MODELO A1, , ,ESTACIÓN,ORIENTAL,Los Sauces,Comuna 11,Zona 6 - SIMÓN BOLÍVAR, , ,Metro Cali S.A. 22 de agosto de 2023,3.4171958567,-76.5104523633
1062982.7175,869595.0537,1644,505202,CIUDAD MODELO A2, , ,ESTACIÓN,ORIENTAL,Los Sauces,Comuna 11,Zona 6 - SIMÓN BOLÍVAR, , ,Metro Cali S.A. 22 de agosto de 2023,3.4168409395,-76.5108222255
1063025.8453,869915.8009,1645,516010,Kr 39 entre Cl 33 y 34,Iglesia Mormona, ,PARADA EXTERNA, ,Los Sauces,Comuna 11,Zona 6 - SIMÓN BOLÍVAR, , ,Metro Cali S.A. 22 de agosto de 2023,3.4197411129,-76.5104341469
1062677.8469,869897.9805,1646,518005,Kr 39 entre Cl 31A y 32,Ferroelectricos, ,PARADA EXTERNA, ,Los Sauces,Comuna 11,Zona 6 - SIMÓN BOLÍVAR, , ,Metro Cali S.A. 22 de agosto de 2023,3.4195800102,-76.5135653192
1062449.3414,869885.0652,1647,518013,Kr 39 entre Cl 29 y 30C, , ,PARADA EXTERNA, ,Los Sauces,Comuna 11,Zona 6 - SIMÓN BOLÍVAR, , ,Metro Cali S.A. 22 de agosto de 2023,3.4194632437,-76.5156213341
1062261.7423,869762.6896,1648,516264,Cl 27 entre Kr 40A y 40, , ,PARADA EXTERNA, ,Maracaibo,Comuna 11,Zona 6 - SIMÓN BOLÍVAR, , ,Metro Cali S.A. 22 de agosto de 2023,3.4183567381,-76.5173092902
1062245.8999,869854.5446,1649,516267,Cl 27 entre Kr 39 y 40,Drogas La Rebaja, ,PARADA EXTERNA, ,Maracaibo,Comuna 11,Zona 6 - SIMÓN BOLÍVAR, , ,Metro Cali S.A. 22 de agosto de 2023,3.419187286,-76.5174518318
1062437.3678,869074.3799,1650,505250,REPÚBLICA DE ISRAEL A1, , ,ESTACIÓN,ORIENTAL,Villa del Sur,Comuna 11,Zona 6 - SIMÓN BOLÍVAR, , ,Metro Cali S.A. 22 de agosto de 2023,3.4121330758,-76.5157291052
1062393.8616,869032.9081,1651,505252,REPÚBLICA DE ISRAEL A2, , ,ESTACIÓN,ORIENTAL,Villa del Sur,Comuna 11,Zona 6 - SIMÓN BOLÍVAR, , ,Metro Cali S.A. 22 de agosto de 2023,3.411758093,-76.5161205578
1062310.7204,868953.8707,1652,505300,VILLA DEL SUR A1, , ,ESTACIÓN,ORIENTAL,Villa del Sur,Comuna 11,Zona 6 - SIMÓN BOLÍVAR, , ,Metro Cali S.A. 22 de agosto de 2023,3.4110434439,-76.5168686301
1062242.5131,868888.6174,1653,505302,VILLA DEL SUR A2, , ,ESTACIÓN,ORIENTAL,Villa del Sur,Comuna 11,Zona 6 - SIMÓN BOLÍVAR, , ,Metro Cali S.A. 22 de agosto de 2023,3.4104534305,-76.5174823329
1061818.6955,869184.8937,1654,516008,Cl 25 entre Kr 42C y 42B, , ,PARADA EXTERNA, ,Villa del Sur,Comuna 11,Zona 6 - SIMÓN BOLÍVAR, , ,Metro Cali S.A. 22 de agosto de 2023,3.4131323474,-76.5212956648
1062184.8841,868938.2402,1655,516092,Cl 27 entre Kr 36 y 44A,Conexión con la estación Villa del Sur, ,PARADA EXTERNA, ,Villa del Sur,Comuna 11,Zona 6 - SIMÓN BOLÍVAR, , ,Metro Cali S.A. 22 de agosto de 2023,3.410902118,-76.5180008529
1062184.8801,869149.6224,1656,516093,Cl 27 entre Kr 42B y 43, , ,PARADA EXTERNA, ,Villa del Sur,Comuna 11,Zona 6 - SIMÓN BOLÍVAR, , ,Metro Cali S.A. 22 de agosto de 2023,3.4128134232,-76.5180008838
1062215.9129,869245.9865,1657,516094,Cl 27 entre Kr 42B y 42A,Hogar Infantil Villa del Sur, ,PARADA EXTERNA, ,Villa del Sur,Comuna 11,Zona 6 - SIMÓN BOLÍVAR, , ,Metro Cali S.A. 22 de agosto de 2023,3.4136847409,-76.5177216607
1062165.0527,868953.5548,1658,516268,Cl 27 con Kr 44, , ,PARADA EXTERNA, ,Villa del Sur,Comuna 11,Zona 6 - SIMÓN BOLÍVAR, , ,Metro Cali S.A. 22 de agosto de 2023,3.4110405922,-76.5181792871
1061643.0673,867959.2358,1659,505401,CAÑAVERALES B1, , ,ESTACIÓN,ORIENTAL,Brisas del Limonar,Comuna 16,Zona 6 - SIMÓN BOLÍVAR, , ,Metro Cali S.A. 22 de agosto de 2023,3.4020500189,-76.5228758707
1061646.3332,867882.4279,1660,516234,Cl 25 entre Kr 58 y 57A,Puente peatonal, ,PARADA EXTERNA, ,Brisas del Limonar,Comuna 16,Zona 6 - SIMÓN BOLÍVAR, , ,Metro Cali S.A. 22 de agosto de 2023,3.401355527,-76.5228464837
1061563.3622,867362.31,1661,504056,SIMÓN BOLÍVAR B1, , ,TERMINAL,ORIENTAL,Ciudad 2000,Comuna 16,Zona 6 - SIMÓN BOLÍVAR, , ,Metro Cali S.A. 22 de agosto de 2023,3.3966526502,-76.523593
1061566.9189,867404.2258,1662,504057,SIMÓN BOLÍVAR B2, , ,TERMINAL,ORIENTAL,Ciudad 2000,Comuna 16,Zona 6 - SIMÓN BOLÍVAR, , ,Metro Cali S.A. 22 de agosto de 2023,3.3970316498,-76.523561
1061572.365,867454.6573,1663,504058,SIMÓN BOLÍVAR B3, , ,TERMINAL,ORIENTAL,Ciudad 2000,Comuna 16,Zona 6 - SIMÓN BOLÍVAR, , ,Metro Cali S.A. 22 de agosto de 2023,3.3974876494,-76.523512
1061578.0334,867496.1307,1664,504059,SIMÓN BOLÍVAR B4, , ,TERMINAL,ORIENTAL,Ciudad 2000,Comuna 16,Zona 6 - SIMÓN BOLÍVAR, , ,Metro Cali S.A. 22 de agosto de 2023,3.397862649,-76.523461
1061584.4798,867536.7193,1665,504060,SIMÓN BOLÍVAR B5, , ,TERMINAL,ORIENTAL,Ciudad 2000,Comuna 16,Zona 6 - SIMÓN BOLÍVAR, , ,Metro Cali S.A. 22 de agosto de 2023,3.3982296487,-76.523403
1061584.4796,867465.3851,1666,504066,SIMÓN BOLÍVAR C5, , ,TERMINAL,ORIENTAL,Ciudad 2000,Comuna 16,Zona 6 - SIMÓN BOLÍVAR, , ,Metro Cali S.A. 22 de agosto de 2023,3.3975846493,-76.523403
1061590.148,867505.0889,1667,504068,SIMÓN BOLÍVAR C7, , ,TERMINAL,ORIENTAL,Ciudad 2000,Comuna 16,Zona 6 - SIMÓN BOLÍVAR, , ,Metro Cali S.A. 22 de agosto de 2023,3.397943649,-76.523352
1061593.26,867524.8855,1668,504069,SIMÓN BOLÍVAR C8, , ,TERMINAL,ORIENTAL,Ciudad 2000,Comuna 16,Zona 6 - SIMÓN BOLÍVAR, , ,Metro Cali S.A. 22 de agosto de 2023,3.3981226488,-76.523324
1061596.5943,867544.5715,1669,504070,SIMÓN BOLÍVAR C9, , ,TERMINAL,ORIENTAL,Ciudad 2000,Comuna 16,Zona 6 - SIMÓN BOLÍVAR, , ,Metro Cali S.A. 22 de agosto de 2023,3.3983006486,-76.523294
1062494.5162,867217.9839,1670,516116,Kr 50 entre Cl 44 y 45, , ,PARADA EXTERNA, ,Ciudad 2000,Comuna 16,Zona 6 - SIMÓN BOLÍVAR, , ,Metro Cali S.A. 22 de agosto de 2023,3.3953476513,-76.515215
1062613.9957,867063.3719,1671,516117,Kr 50 entre Cl 47 y 47A, , ,PARADA EXTERNA, ,Ciudad 2000,Comuna 16,Zona 6 - SIMÓN BOLÍVAR, , ,Metro Cali S.A. 22 de agosto de 2023,3.3939496526,-76.51414
1062023.1591,867558.285,1672,516118,Kr 66 entre Kr 60 y 54, , ,PARADA EXTERNA, ,Ciudad 2000,Comuna 16,Zona 6 - SIMÓN BOLÍVAR, , ,Metro Cali S.A. 22 de agosto de 2023,3.3984246486,-76.519456
1062404.6012,867322.7174,1673,516121,Kr 50 entre Cl 42A y 43, , ,PARADA EXTERNA, ,Ciudad 2000,Comuna 16,Zona 6 - SIMÓN BOLÍVAR, , ,Metro Cali S.A. 22 de agosto de 2023,3.3962946504,-76.516024
1061967.9216,867121.764,1674,516123,Kr 69 con Cl 34, , ,PARADA EXTERNA, ,Ciudad 2000,Comuna 16,Zona 6 - SIMÓN BOLÍVAR, , ,Metro Cali S.A. 22 de agosto de 2023,3.3944776523,-76.519953
1061825.2141,867137.911,1675,516125,Kr 69 entre Cl 33A y 33, , ,PARADA EXTERNA, ,Ciudad 2000,Comuna 16,Zona 6 - SIMÓN BOLÍVAR, , ,Metro Cali S.A. 22 de agosto de 2023,3.3946236522,-76.521237
1061748.5255,867146.5375,1676,516126,Kr 69 entre Cl 29 y 26, , ,PARADA EXTERNA, ,Ciudad 2000,Comuna 16,Zona 6 - SIMÓN BOLÍVAR, , ,Metro Cali S.A. 22 de agosto de 2023,3.3947016521,-76.521927
1061550.122,866951.8465,1677,516138,Cl 25 entre Kr 70 y 69,Frente Clinica Comfandi AMIGA, ,PARADA EXTERNA, ,Ciudad 2000,Comuna 16,Zona 6 - SIMÓN BOLÍVAR, , ,Metro Cali S.A. 22 de agosto de 2023,3.3929412631,-76.5237121156
1062109.5609,867135.0072,1678,516142,Cl 42 entre Kr 69 y 68, , ,PARADA EXTERNA, ,Ciudad 2000,Comuna 16,Zona 6 - SIMÓN BOLÍVAR, , ,Metro Cali S.A. 22 de agosto de 2023,3.3945973946,-76.5186786109
1062262.8275,867278.044,1679,516143,Cl 42 entre Kr 63 y 55,Frente al parque, ,PARADA EXTERNA, ,Ciudad 2000,Comuna 16,Zona 6 - SIMÓN BOLÍVAR, , ,Metro Cali S.A. 22 de agosto de 2023,3.395890721,-76.5172996016
1061819.1019,867598.875,1680,516145,Cl 33 entre Kr 65 y 66, , ,PARADA EXTERNA, ,Ciudad 2000,Comuna 16,Zona 6 - SIMÓN BOLÍVAR, , ,Metro Cali S.A. 22 de agosto de 2023,3.3987916611,-76.5212919974
1062136.6346,867550.9586,1681,516175,Kr 50 entre Cl 34 y 38, , ,PARADA EXTERNA, ,Ciudad 2000,Comuna 16,Zona 6 - SIMÓN BOLÍVAR, , ,Metro Cali S.A. 22 de agosto de 2023,3.3983584018,-76.518435009
1062303.6462,867409.5178,1682,516176,Kr 50 entre Cl 41 y 42, , ,PARADA EXTERNA, ,Ciudad 2000,Comuna 16,Zona 6 - SIMÓN BOLÍVAR, , ,Metro Cali S.A. 22 de agosto de 2023,3.3970794979,-76.5169323335
1062243.3866,867295.3403,1683,516178,Cl 42 entre Kr 59 y 67, , ,PARADA EXTERNA, ,Ciudad 2000,Comuna 16,Zona 6 - SIMÓN BOLÍVAR, , ,Metro Cali S.A. 22 de agosto de 2023,3.3960471137,-76.5174745194
1062096.1607,867156.6888,1684,516179,Cl 42 entre Kr 68A y 68B, , ,PARADA EXTERNA, ,Ciudad 2000,Comuna 16,Zona 6 - SIMÓN BOLÍVAR, , ,Metro Cali S.A. 22 de agosto de 2023,3.3947934385,-76.5187991778
1062365.0047,866892.3549,1685,516182,Kr 69 entre Cl 47 y 48, , ,PARADA EXTERNA, ,Ciudad 2000,Comuna 16,Zona 6 - SIMÓN BOLÍVAR, , ,Metro Cali S.A. 22 de agosto de 2023,3.3924033396,-76.5163802836
1062181.2317,867019.2689,1686,516183,Kr 69 entre Cl 44 y 43, , ,PARADA EXTERNA, ,Ciudad 2000,Comuna 16,Zona 6 - SIMÓN BOLÍVAR, , ,Metro Cali S.A. 22 de agosto de 2023,3.3935508943,-76.5180337609
1061524.7958,866699.6347,1687,516192,Cl 25 entre Kr 73 y 70, , ,PARADA EXTERNA, ,Ciudad 2000,Comuna 16,Zona 6 - SIMÓN BOLÍVAR, , ,Metro Cali S.A. 22 de agosto de 2023,3.3906607783,-76.5239399779
1061612.0289,867322.491,1688,516194,Cl 25 entre Kr 68A y 68, , ,PARADA EXTERNA, ,Ciudad 2000,Comuna 16,Zona 6 - SIMÓN BOLÍVAR, , ,Metro Cali S.A. 22 de agosto de 2023,3.3962926102,-76.5231551227
1061636.0459,867544.2629,1689,516196,Cl 25 entre Kr 66 y 65,Tiendas Metro - Ciudad 2000, ,PARADA EXTERNA, ,Ciudad 2000,Comuna 16,Zona 6 - SIMÓN BOLÍVAR, , ,Metro Cali S.A. 22 de agosto de 2023,3.398297859,-76.5229390361
1062548.978,866921.8091,1690,516288,Cl 48 entre Kr 63 y 67, , ,PARADA EXTERNA, ,Ciudad 2000,Comuna 16,Zona 6 - SIMÓN BOLÍVAR, , ,Metro Cali S.A. 22 de agosto de 2023,3.3926696539,-76.514725
1062483.9596,866846.4931,1691,516289,Cl 48 con Kr 69,Ciudad 2000, ,PARADA EXTERNA, ,Ciudad 2000,Comuna 16,Zona 6 - SIMÓN BOLÍVAR, , ,Metro Cali S.A. 22 de agosto de 2023,3.3919886547,-76.51531
1059985.5287,867438.6536,1692,516056,Cl 13 entre Kr 68 y 66,Antes de cruzar la 66, ,PARADA EXTERNA, ,Bosques del Limonar,Comuna 17,Zona 6 - SIMÓN BOLÍVAR, , ,Metro Cali S.A. 22 de agosto de 2023,3.3973427928,-76.537789482
1060099.8776,867862.334,1693,516058,Cl 13 entre Kr 65 y 64A,Comfenalco Valle, ,PARADA EXTERNA, ,Bosques del Limonar,Comuna 17,Zona 6 - SIMÓN BOLÍVAR, , ,Metro Cali S.A. 22 de agosto de 2023,3.4011737037,-76.5367606972
1060636.8386,867949.83,1694,516129,Cl 14 entre Kr 58 y 65,Unidad residencial, ,PARADA EXTERNA, ,Bosques del Limonar,Comuna 17,Zona 6 - SIMÓN BOLÍVAR, , ,Metro Cali S.A. 22 de agosto de 2023,3.4019649075,-76.5319294069
1060586.2456,867682.1088,1695,516130,Cl 14 entre Kr 65 y 65C, , ,PARADA EXTERNA, ,Bosques del Limonar,Comuna 17,Zona 6 - SIMÓN BOLÍVAR, , ,Metro Cali S.A. 22 de agosto de 2023,3.3995441828,-76.5323845877
1060435.1803,867529.5262,1696,516185,Kr 66 entre Cl 13E y 13D, ,Parada ubicada sobre carrera 66 entre calle 13E y 13C. En sentido Oriente - Occidente.,PARADA EXTERNA, ,Bosques del Limonar,Comuna 17,Zona 6 - SIMÓN BOLÍVAR,http://geoportal.metrocali.gov.co/fotos_paradas/516185_20191115111949.jpg,http://geoportal.metrocali.gov.co/fotos_paradas/516185_20191115112011.jpg,Metro Cali S.A. 22 de agosto de 2023,3.3981645222,-76.5337437747
1060116.6571,867531.6598,1697,516186,Kr 66 entre Cl 13B y 13, ,Parada ubicada sobre carrera 66 entre calle 13B y 13. parqueadero Transito de la 66. En sentido Oriente - Occidente.,PARADA EXTERNA, ,Bosques del Limonar,Comuna 17,Zona 6 - SIMÓN BOLÍVAR,http://geoportal.metrocali.gov.co/fotos_paradas/516186_20191115110646.jpg,http://geoportal.metrocali.gov.co/fotos_paradas/516186_20191115110814.jpg,Metro Cali S.A. 22 de agosto de 2023,3.39818377,-76.5366096745
1060130.26,867510.1265,1698,516246,Kr 66 entre Cl 13A y 13B,La Hacienda,Parada ubicada sobre carrera 66 entre calle13A y 13B. En sentido Occidente - Oriente.,PARADA EXTERNA, ,Bosques del Limonar,Comuna 17,Zona 6 - SIMÓN BOLÍVAR,http://geoportal.metrocali.gov.co/fotos_paradas/516246_20191115110016.jpg,http://geoportal.metrocali.gov.co/fotos_paradas/516246_20191115110029.jpg,Metro Cali S.A. 22 de agosto de 2023,3.3979890692,-76.5364872797
1061533.9099,867534.5075,1699,504051,SIMÓN BOLÍVAR A2, , ,TERMINAL,ORIENTAL,Cañaverales - Los Samanes,Comuna 17,Zona 6 - SIMÓN BOLÍVAR, , ,Metro Cali S.A. 22 de agosto de 2023,3.3982096487,-76.523858
1061526.7967,867488.3892,1700,504052,SIMÓN BOLÍVAR A3, , ,TERMINAL,ORIENTAL,Cañaverales - Los Samanes,Comuna 17,Zona 6 - SIMÓN BOLÍVAR, , ,Metro Cali S.A. 22 de agosto de 2023,3.3977926491,-76.523922
1061626.9117,867959.8816,1701,505400,CAÑAVERALES A1, , ,ESTACIÓN,ORIENTAL,Cañaverales - Los Samanes,Comuna 17,Zona 6 - SIMÓN BOLÍVAR, , ,Metro Cali S.A. 22 de agosto de 2023,3.4020558583,-76.5230212306
1061449.4451,868346.0586,1702,516102,Kr 50 entre Cl 18 y 18A, , ,PARADA EXTERNA, ,Cañaverales - Los Samanes,Comuna 17,Zona 6 - SIMÓN BOLÍVAR, , ,Metro Cali S.A. 22 de agosto de 2023,3.4055476425,-76.524618
1061357.195,867930.9815,1703,516119,Kr 56 entre Cl 18 y 18A, , ,PARADA EXTERNA, ,Cañaverales - Los Samanes,Comuna 17,Zona 6 - SIMÓN BOLÍVAR, , ,Metro Cali S.A. 22 de agosto de 2023,3.4017945359,-76.5254480035
1061116.3891,867599.3987,1704,516146,Cl 16 entre Kr 66 y 62,Conjunto Residencial Torremolinos, ,PARADA EXTERNA, ,Cañaverales - Los Samanes,Comuna 17,Zona 6 - SIMÓN BOLÍVAR, , ,Metro Cali S.A. 22 de agosto de 2023,3.3987963704,-76.5276146311
1061154.4011,868191.1903,1705,516147,Cl 16 entre Kr 56 y 53, , ,PARADA EXTERNA, ,Cañaverales - Los Samanes,Comuna 17,Zona 6 - SIMÓN BOLÍVAR, , ,Metro Cali S.A. 22 de agosto de 2023,3.4041473172,-76.5272726564
1061134.8772,867879.92,1706,516172,Cl 16 entre Kr 60 y 56,Canaverales - Los Samanes, ,PARADA EXTERNA, ,Cañaverales - Los Samanes,Comuna 17,Zona 6 - SIMÓN BOLÍVAR, , ,Metro Cali S.A. 22 de agosto de 2023,3.4013328285,-76.527448303
1061321.0326,867442.5649,1707,516197,Kr 66 entre Cl 25 y 18,Cancha de Futbol 7,Parada ubicada sobre carrera 66 entre calle 25 y 18. Canchas de fútbol Zathura. En sentido Oriente - Occidente.,PARADA EXTERNA, ,Cañaverales - Los Samanes,Comuna 17,Zona 6 - SIMÓN BOLÍVAR,http://geoportal.metrocali.gov.co/fotos_paradas/516197_20191115122952.jpg,http://geoportal.metrocali.gov.co/fotos_paradas/516197_20191115123047.jpg,Metro Cali S.A. 22 de agosto de 2023,3.3973783005,-76.5257733508
1059201.8873,866380.3652,1708,502101,CAPRI B1, , ,ESTACIÓN,CALLE 5,Ciudad Capri,Comuna 17,Zona 6 - SIMÓN BOLÍVAR,http://geoportal.metrocali.gov.co/fotos_paradas/502101_201211_1.jpg,http://geoportal.metrocali.gov.co/fotos_paradas/502101_201211_2.jpg,Metro Cali S.A. 22 de agosto de 2023,3.3877736586,-76.5448400185
1059194.3539,866432.7786,1709,502103,CAPRI B2, , ,ESTACIÓN,CALLE 5,Ciudad Capri,Comuna 17,Zona 6 - SIMÓN BOLÍVAR,http://geoportal.metrocali.gov.co/fotos_paradas/502103_201211_1.jpg,http://geoportal.metrocali.gov.co/fotos_paradas/502103_201211_2.jpg,Metro Cali S.A. 22 de agosto de 2023,3.3882475756,-76.5449078111
1059190.8607,866603.1778,1710,516019,Cl 5 entre Kr 77 y 76, , ,PARADA EXTERNA, ,Ciudad Capri,Comuna 17,Zona 6 - SIMÓN BOLÍVAR, , ,Metro Cali S.A. 22 de agosto de 2023,3.3897883139,-76.5449392794
1059265.662,866905.9229,1711,516020,Cl 10 entre Kr 73 y 72,Bajo el puente de la 14 Limonar, ,PARADA EXTERNA, ,Ciudad Capri,Comuna 17,Zona 6 - SIMÓN BOLÍVAR, , ,Metro Cali S.A. 22 de agosto de 2023,3.392525734,-76.5442663302
1059889.2743,866613.6785,1712,516051,Cl 13 entre Kr 75 y 76,Frente a Corona, ,PARADA EXTERNA, ,Ciudad Capri,Comuna 17,Zona 6 - SIMÓN BOLÍVAR, , ,Metro Cali S.A. 22 de agosto de 2023,3.3898834011,-76.5386553875
1059519.3597,866243.2382,1713,516276,Kr 80 entre Cl 10A y 9,Ciudadela Capri,Parada ubicada sobre carrera 80 entre calle 10A y 9. En sentido Oriente - Occidente.,PARADA EXTERNA, ,Ciudad Capri,Comuna 17,Zona 6 - SIMÓN BOLÍVAR,http://geoportal.metrocali.gov.co/fotos_paradas/516276_20191025093238.jpg,http://geoportal.metrocali.gov.co/fotos_paradas/516276_20191025093256.jpg,Metro Cali S.A. 22 de agosto de 2023,3.3865338328,-76.541983577
1059792.0326,866286.9299,1714,516277,Kr 80 entre Cl 13 y 10A, ,Parada ubicada sobre carrera 80 entre calle 13 y 10A. Centro Comercial San Andresito del Sur. En sentido Oriente - Occidente.,PARADA EXTERNA, ,Ciudad Capri,Comuna 17,Zona 6 - SIMÓN BOLÍVAR,http://geoportal.metrocali.gov.co/fotos_paradas/516277_20191025090817.jpg,http://geoportal.metrocali.gov.co/fotos_paradas/516277_20191025090839.jpg,Metro Cali S.A. 22 de agosto de 2023,3.3869289427,-76.5395302508
1059987.2519,867620.5013,1715,516055,Cl 13 entre Kr 65B y 65C, , ,PARADA EXTERNA, ,El Gran Limonar - Cataya,Comuna 17,Zona 6 - SIMÓN BOLÍVAR, , ,Metro Cali S.A. 22 de agosto de 2023,3.3989870491,-76.5377740067
1060086.1016,867926.6058,1716,516057,Cl 13 entre Kr 59 y 64,Comfenalco Valle, ,PARADA EXTERNA, ,El Gran Limonar - Cataya,Comuna 17,Zona 6 - SIMÓN BOLÍVAR, , ,Metro Cali S.A. 22 de agosto de 2023,3.4017548434,-76.5368846564
1059941.5672,867322.3147,1717,516110,Cl 13 entre Kr 67 y 68,Frente al Centro Comercial La Fontana, ,PARADA EXTERNA, ,El Gran Limonar - Cataya,Comuna 17,Zona 6 - SIMÓN BOLÍVAR, , ,Metro Cali S.A. 22 de agosto de 2023,3.3962908561,-76.5381850044
1059902.9175,867537.4242,1718,516187,Kr 66 entre Cl 13 y 12, ,Parada ubicada sobre carrera 66 entre calle 13 y 12. costado izquierdo de Soporte Técnico Apple. En sentido Oriente - Occidente.,PARADA EXTERNA, ,El Gran Limonar - Cataya,Comuna 17,Zona 6 - SIMÓN BOLÍVAR,http://geoportal.metrocali.gov.co/fotos_paradas/516187_20191115105425.jpg,http://geoportal.metrocali.gov.co/fotos_paradas/516187_20191115105449.jpg,Metro Cali S.A. 22 de agosto de 2023,3.3982358569,-76.5385327888
1059437.5924,867431.6823,1719,516279,Cl 10 entre Kr 67 y 66A, , ,PARADA EXTERNA, ,El Gran Limonar - Cataya,Comuna 17,Zona 6 - SIMÓN BOLÍVAR, , ,Metro Cali S.A. 22 de agosto de 2023,3.3972796565,-76.5427195108
1060246.688,868729.2959,1720,516132,Kr 50 entre Cl 12A y 13,Unidad residencial, ,PARADA EXTERNA, ,Santa Anita - La Selva,Comuna 17,Zona 6 - SIMÓN BOLÍVAR, , ,Metro Cali S.A. 22 de agosto de 2023,3.4090127431,-76.5354398929
1059816.3331,867513.2649,1721,517122,Kr 66 entre Cl 11 y 12, ,Parada ubicada sobre carrera 66 entre calle11 y 13. costado derecho de Route 66 Bar. En sentido Occidente - Oriente.,PARADA EXTERNA, ,El Gran Limonar - Cataya,Comuna 17,Zona 6 - SIMÓN BOLÍVAR,http://geoportal.metrocali.gov.co/fotos_paradas/517122_20191115104641.jpg,http://geoportal.metrocali.gov.co/fotos_paradas/517122_20191115104658.jpg,Metro Cali S.A. 22 de agosto de 2023,3.3980173949,-76.5393118242
1061101.7948,868450.5735,1722,516101,Kr 50 entre Cl 14C y 16, , ,PARADA EXTERNA, ,El Limonar,Comuna 17,Zona 6 - SIMÓN BOLÍVAR, , ,Metro Cali S.A. 22 de agosto de 2023,3.4064926416,-76.527746
1061011.37,868065.1828,1723,516128,Kr 56 entre Cl 16 y 15, , ,PARADA EXTERNA, ,El Limonar,Comuna 17,Zona 6 - SIMÓN BOLÍVAR, , ,Metro Cali S.A. 22 de agosto de 2023,3.403007955,-76.5285595714
1061126.9261,868195.3719,1724,516166,Cl 16 entre Kr 53 y 56,Unidad residencial, ,PARADA EXTERNA, ,El Limonar,Comuna 17,Zona 6 - SIMÓN BOLÍVAR, , ,Metro Cali S.A. 22 de agosto de 2023,3.4041851252,-76.5275198634
1061097.7755,867748.5053,1725,516167,Cl 16 entre Kr 56 y 65_2,Bloques del Limonar, ,PARADA EXTERNA, ,El Limonar,Comuna 17,Zona 6 - SIMÓN BOLÍVAR, , ,Metro Cali S.A. 22 de agosto de 2023,3.4001445822,-76.5277821163
1061107.3735,867917.1068,1726,516173,Cl 16 entre Kr 56 y 65_1, , ,PARADA EXTERNA, ,El Limonar,Comuna 17,Zona 6 - SIMÓN BOLÍVAR, , ,Metro Cali S.A. 22 de agosto de 2023,3.4016690675,-76.5276957697
1060973.1445,867483.684,1727,516198,Kr 66 entre Cl 16 y 14C, ,Parada ubicada sobre carrera 66 entre calle 14C y 14. Parque la Guadua. En sentido Oriente - Occidente.,PARADA EXTERNA, ,El Limonar,Comuna 17,Zona 6 - SIMÓN BOLÍVAR,http://geoportal.metrocali.gov.co/fotos_paradas/516198_20191115121736.jpg,http://geoportal.metrocali.gov.co/fotos_paradas/516198_20191115121748.jpg,Metro Cali S.A. 22 de agosto de 2023,3.3977500746,-76.5289034603
1060725.408,867512.4972,1728,516200,Kr 66 entre Cl 14C y 14, ,Parada ubicada sobre carrera 66 entre calle 14C y 14. En sentido Oriente - Occidente.,PARADA EXTERNA, ,El Limonar,Comuna 17,Zona 6 - SIMÓN BOLÍVAR,http://geoportal.metrocali.gov.co/fotos_paradas/516200_20191115120005.jpg,http://geoportal.metrocali.gov.co/fotos_paradas/516200_20191115120034.jpg,Metro Cali S.A. 22 de agosto de 2023,3.3980105796,-76.5311324612
1060610.6488,867637.8814,1729,516202,Cl 14 entre Kr 66 y 65,Antes de la Cra 65, ,PARADA EXTERNA, ,El Limonar,Comuna 17,Zona 6 - SIMÓN BOLÍVAR, , ,Metro Cali S.A. 22 de agosto de 2023,3.399144284,-76.5321650158
1060666.5874,867949.8888,1730,516203,Cl 14 entre Kr 64B y 64A,Unidad residencial, ,PARADA EXTERNA, ,El Limonar,Comuna 17,Zona 6 - SIMÓN BOLÍVAR, , ,Metro Cali S.A. 22 de agosto de 2023,3.4019654423,-76.5316617423
1060741.3307,868231.2808,1731,516204,Cl 14 entre Kr 56 y 54, , ,PARADA EXTERNA, ,El Limonar,Comuna 17,Zona 6 - SIMÓN BOLÍVAR, , ,Metro Cali S.A. 22 de agosto de 2023,3.4045097796,-76.5309892672
1060803.6646,868464.8718,1732,516206,Cl 14 entre Kr 53 y 50, , ,PARADA EXTERNA, ,El Limonar,Comuna 17,Zona 6 - SIMÓN BOLÍVAR, , ,Metro Cali S.A. 22 de agosto de 2023,3.4066219014,-76.5304284383
1060788.4797,868117.2505,1733,516231,Kr 56 entre Cl 14 y 14C, , ,PARADA EXTERNA, ,El Limonar,Comuna 17,Zona 6 - SIMÓN BOLÍVAR, , ,Metro Cali S.A. 22 de agosto de 2023,3.403478729,-76.5305650326
1061002.5917,868048.4422,1734,516232,Kr 56 entre Cl 15 y 16, , ,PARADA EXTERNA, ,El Limonar,Comuna 17,Zona 6 - SIMÓN BOLÍVAR, , ,Metro Cali S.A. 22 de agosto de 2023,3.4028565868,-76.528638553
1061514.2371,867365.8493,1735,504055,SIMÓN BOLÍVAR A6, , ,TERMINAL,ORIENTAL,La Hacienda,Comuna 17,Zona 6 - SIMÓN BOLÍVAR, , ,Metro Cali S.A. 22 de agosto de 2023,3.3966846501,-76.524035
1061261.3809,867425.2542,1736,516124,Kr 66 entre Cl 17 y 18, ,Parada ubicada sobre carrera 66 entre calle 16 y 18. En sentido Occidente - Oriente.,PARADA EXTERNA, ,La Hacienda,Comuna 17,Zona 6 - SIMÓN BOLÍVAR,http://geoportal.metrocali.gov.co/fotos_paradas/516124_20191115122451.jpg,http://geoportal.metrocali.gov.co/fotos_paradas/516124_20191115122511.jpg,Metro Cali S.A. 22 de agosto de 2023,3.3972217751,-76.5263100631
1061475.9176,866910.1036,1737,516139,Cl 25 entre Kr 69A y 70,Clinica Comfandi AMIGA,Parada ubicada sobre calle 25 entre carrera  169A y 70. frente a la clinica Amiga Comfandi. En sentido Norte - Sur.,PARADA EXTERNA, ,La Hacienda,Comuna 17,Zona 6 - SIMÓN BOLÍVAR,http://geoportal.metrocali.gov.co/fotos_paradas/516139_20191115124836.jpg,http://geoportal.metrocali.gov.co/fotos_paradas/516139_20191115124854.jpg,Metro Cali S.A. 22 de agosto de 2023,3.3925638238,-76.5243797616
1061084.6907,867093.0092,1738,516184,Cl 16 con Kr 69, , ,PARADA EXTERNA, ,La Hacienda,Comuna 17,Zona 6 - SIMÓN BOLÍVAR, , ,Metro Cali S.A. 22 de agosto de 2023,3.3942176247,-76.5278998017
1060572.7497,867070.8162,1739,516226,Cl 14 entre Kr 69A y 70, , ,PARADA EXTERNA, ,La Hacienda,Comuna 17,Zona 6 - SIMÓN BOLÍVAR, , ,Metro Cali S.A. 22 de agosto de 2023,3.3940169101,-76.5325059487
1060597.677,867085.8557,1740,516227,Cl 14 entre Kr 70 y 69A, , ,PARADA EXTERNA, ,La Hacienda,Comuna 17,Zona 6 - SIMÓN BOLÍVAR, , ,Metro Cali S.A. 22 de agosto de 2023,3.3941528992,-76.532281669
1060579.52,867457.7957,1741,516228,Cl 14 entre Kr 66 y 66A,La Hacienda, ,PARADA EXTERNA, ,La Hacienda,Comuna 17,Zona 6 - SIMÓN BOLÍVAR, , ,Metro Cali S.A. 22 de agosto de 2023,3.3975159564,-76.5324450763
1060602.2535,867380.8195,1742,516236,Cl 14 entre Kr 68 y 67,La Hacienda, ,PARADA EXTERNA, ,La Hacienda,Comuna 17,Zona 6 - SIMÓN BOLÍVAR, , ,Metro Cali S.A. 22 de agosto de 2023,3.3968199448,-76.5322405243
1060747.602,867486.1459,1743,516247,Kr 66 entre Cl 14A y 15, ,Parada ubicada sobre carrera 66 entre calle 14A y 15. En sentido Occidente - Oriente.,PARADA EXTERNA, ,La Hacienda,Comuna 17,Zona 6 - SIMÓN BOLÍVAR,http://geoportal.metrocali.gov.co/fotos_paradas/516247_20191115115354.jpg,http://geoportal.metrocali.gov.co/fotos_paradas/516247_20191115115430.jpg,Metro Cali S.A. 22 de agosto de 2023,3.397772315,-76.5309327691
1060995.114,867457.627,1744,516248,Kr 66 entre Cl 15A y 16,Unidad residencial,Parada ubicada sobre carrera 66 entre calle 15A y 16. En sentido Occidente - Oriente.,PARADA EXTERNA, ,La Hacienda,Comuna 17,Zona 6 - SIMÓN BOLÍVAR,http://geoportal.metrocali.gov.co/fotos_paradas/516248_20191115121308.jpg,http://geoportal.metrocali.gov.co/fotos_paradas/516248_20191115121327.jpg,Metro Cali S.A. 22 de agosto de 2023,3.3975144705,-76.5287057888
1061101.3045,867355.7768,1745,516250,Cl 16 entre Kr 68 y 66, , ,PARADA EXTERNA, ,La Hacienda,Comuna 17,Zona 6 - SIMÓN BOLÍVAR, , ,Metro Cali S.A. 22 de agosto de 2023,3.3965935548,-76.5277503379
1061068.0228,867263.9056,1746,516251,Cl 16 con Kr 68, , ,PARADA EXTERNA, ,La Hacienda,Comuna 17,Zona 6 - SIMÓN BOLÍVAR, , ,Metro Cali S.A. 22 de agosto de 2023,3.3957628585,-76.5280497818
1061055.4227,867051.9622,1747,516252,Cl 16 entre Kr 69 y 70, , ,PARADA EXTERNA, ,La Hacienda,Comuna 17,Zona 6 - SIMÓN BOLÍVAR, , ,Metro Cali S.A. 22 de agosto de 2023,3.3938464781,-76.5281631354
1060483.3835,866956.9859,1748,516294,Kr 70 entre Cl 13C y 14, , ,PARADA EXTERNA, ,La Hacienda,Comuna 17,Zona 6 - SIMÓN BOLÍVAR, , ,Metro Cali S.A. 22 de agosto de 2023,3.3929876526,-76.5333100001
1059256.9377,867628.6424,1749,517102,Cl 9 entre Kr 65A y 65,Hamburguesas El Corral, ,PARADA EXTERNA, ,El Gran Limonar,Comuna 17,Zona 7 - CAÑAVERALEJO, , ,Metro Cali S.A. 22 de agosto de 2023,3.3990605186,-76.5443449861
1060352.2902,867506.0377,1750,517123,Kr 66 entre Cl 13B y 13E,Unidad residencial Cananbu,Parada ubicada sobre carrera 66 entre calle13B y 13E. En sentido Occidente - Oriente.,PARADA EXTERNA, ,La Hacienda,Comuna 17,Zona 6 - SIMÓN BOLÍVAR,http://geoportal.metrocali.gov.co/fotos_paradas/517123_20191115111532.jpg,http://geoportal.metrocali.gov.co/fotos_paradas/517123_20191115111547.jpg,Metro Cali S.A. 22 de agosto de 2023,3.3979521299,-76.534489572
1059911.2201,866284.4691,1751,516050,Cl 13 con Kr 80, ,"Parada ubicada sobre calle 13 con carrera 80, bajo el puente vehicular del cruce con carrera 80. En sentido Sur -  Norte.",PARADA EXTERNA, ,Las Quintas de Don Simón,Comuna 17,Zona 6 - SIMÓN BOLÍVAR,http://geoportal.metrocali.gov.co/fotos_paradas/516050_20191025092319.jpg,http://geoportal.metrocali.gov.co/fotos_paradas/516050_20191025092346.jpg,Metro Cali S.A. 22 de agosto de 2023,3.3869067128,-76.5384578779
1059913.8813,866548.6031,1752,516052,Cl 13 entre Kr 80 y 75, , ,PARADA EXTERNA, ,Las Quintas de Don Simón,Comuna 17,Zona 6 - SIMÓN BOLÍVAR, , ,Metro Cali S.A. 22 de agosto de 2023,3.3892949974,-76.5384339781
1059937.1347,866852.0651,1753,516054,Cl 13 entre Kr 75 y 72,Simón Parrilla, ,PARADA EXTERNA, ,Las Quintas de Don Simón,Comuna 17,Zona 6 - SIMÓN BOLÍVAR, , ,Metro Cali S.A. 22 de agosto de 2023,3.3920388866,-76.5382248083
1060563.1327,866667.6022,1754,516224,Cl 14 entre Kr 72 y 75,Quintas de Don Simon, ,PARADA EXTERNA, ,Las Quintas de Don Simón,Comuna 17,Zona 6 - SIMÓN BOLÍVAR, , ,Metro Cali S.A. 22 de agosto de 2023,3.3903710721,-76.5325924318
1060186.5718,866336.3721,1755,516254,Kr 80 entre Cl 13B y 13A,Centro Comercial Aquarela,Parada ubicada sobre carrera 80 entre calle 13B y 13A en sentido Oriente - Occidente.,PARADA EXTERNA, ,Las Quintas de Don Simón,Comuna 17,Zona 6 - SIMÓN BOLÍVAR,http://geoportal.metrocali.gov.co/fotos_paradas/516254_20190725123820.jpg,http://geoportal.metrocali.gov.co/fotos_paradas/516254_20190725123834.jpg,Metro Cali S.A. 22 de agosto de 2023,3.3873760604,-76.5359804485
1060471.617,866379.887,1756,516295,Kr 80 entre Cl 14 y 13C, , ,PARADA EXTERNA, ,Las Quintas de Don Simón,Comuna 17,Zona 6 - SIMÓN BOLÍVAR, , ,Metro Cali S.A. 22 de agosto de 2023,3.3877695581,-76.5334158001
1059365.2778,867208.3258,1757,516022,Cl 10 entre Kr 70 y 68,Seguro Social, ,PARADA EXTERNA, ,Los Portales - Nuevo Rey,Comuna 17,Zona 6 - SIMÓN BOLÍVAR, , ,Metro Cali S.A. 22 de agosto de 2023,3.3952600649,-76.5433701104
1059910.2004,866935.234,1758,516053,Cl 13 entre Kr 70 y 72,Automarcali, ,PARADA EXTERNA, ,Los Portales - Nuevo Rey,Comuna 17,Zona 6 - SIMÓN BOLÍVAR, , ,Metro Cali S.A. 22 de agosto de 2023,3.3927908903,-76.5384671609
1059963.8417,867186.289,1759,516177,Cl 13 entre Kr 69 y 68, , ,PARADA EXTERNA, ,Los Portales - Nuevo Rey,Comuna 17,Zona 6 - SIMÓN BOLÍVAR, , ,Metro Cali S.A. 22 de agosto de 2023,3.3950609236,-76.5379845688
1059568.355,867022.209,1760,516290,Kr 70 entre Cl 10A y 11A, , ,PARADA EXTERNA, ,Los Portales - Nuevo Rey,Comuna 17,Zona 6 - SIMÓN BOLÍVAR, , ,Metro Cali S.A. 22 de agosto de 2023,3.39357725,-76.5415429005
1059787.4287,867007.0529,1761,516291,Kr 70 entre Cl 11A y 13, , ,PARADA EXTERNA, ,Los Portales - Nuevo Rey,Comuna 17,Zona 6 - SIMÓN BOLÍVAR, , ,Metro Cali S.A. 22 de agosto de 2023,3.3934402507,-76.5395718004
1059991.6094,866992.937,1762,516292,Kr 70 entre Cl 13 y 13A, , ,PARADA EXTERNA, ,Los Portales - Nuevo Rey,Comuna 17,Zona 6 - SIMÓN BOLÍVAR, , ,Metro Cali S.A. 22 de agosto de 2023,3.3933126513,-76.5377347003
1060208.0824,866977.0077,1763,516293,Kr 70 entre Cl 13A1 y 13B, , ,PARADA EXTERNA, ,Los Portales - Nuevo Rey,Comuna 17,Zona 6 - SIMÓN BOLÍVAR, , ,Metro Cali S.A. 22 de agosto de 2023,3.3931686519,-76.5357870002
1060592.4352,868202.9316,1764,511309,Kr 56 entre Cl 13G y 13F, , ,PARADA EXTERNA, ,Primero de Mayo,Comuna 17,Zona 6 - SIMÓN BOLÍVAR, , ,Metro Cali S.A. 22 de agosto de 2023,3.4042534322,-76.532328954
1060591.2528,868183.1867,1765,511310,Kr 56 entre Cl 13E y 14,IPS Primero de Mayo, ,PARADA EXTERNA, ,Primero de Mayo,Comuna 17,Zona 6 - SIMÓN BOLÍVAR, , ,Metro Cali S.A. 22 de agosto de 2023,3.4040748998,-76.5323395905
1060358.8111,868277.3889,1766,511311,Kr 56 entre Cl 13F y 13,Unidad residencial, ,PARADA EXTERNA, ,Primero de Mayo,Comuna 17,Zona 6 - SIMÓN BOLÍVAR, , ,Metro Cali S.A. 22 de agosto de 2023,3.404926642,-76.5344310001
1060313.5631,868272.2659,1767,511312,Kr 56 entre Cl 13 y 13C,Unidad residencial, ,PARADA EXTERNA, ,Primero de Mayo,Comuna 17,Zona 6 - SIMÓN BOLÍVAR, , ,Metro Cali S.A. 22 de agosto de 2023,3.4048803143,-76.5348381193
1060205.1946,868190.9794,1768,516060,Cl 13 entre Kr 57 y 56, , ,PARADA EXTERNA, ,Primero de Mayo,Comuna 17,Zona 6 - SIMÓN BOLÍVAR, , ,Metro Cali S.A. 22 de agosto de 2023,3.4041453115,-76.5358131556
1060294.4156,868467.7626,1769,516062,Cl 13 entre Kr 56 y 53, , ,PARADA EXTERNA, ,Primero de Mayo,Comuna 17,Zona 6 - SIMÓN BOLÍVAR, , ,Metro Cali S.A. 22 de agosto de 2023,3.4066479812,-76.5350104257
1060710.9435,868579.3562,1770,516133,Kr 50 entre Cl 13E y 13G, , ,PARADA EXTERNA, ,Primero de Mayo,Comuna 17,Zona 6 - SIMÓN BOLÍVAR, , ,Metro Cali S.A. 22 de agosto de 2023,3.4076570535,-76.5312627113
1060719.9133,868258.1632,1771,516205,Cl 14 entre Kr 54 y 56, , ,PARADA EXTERNA, ,Primero de Mayo,Comuna 17,Zona 6 - SIMÓN BOLÍVAR, , ,Metro Cali S.A. 22 de agosto de 2023,3.4047528465,-76.5311819733
1060776.5127,868474.8384,1772,516207,Cl 14 entre Kr 50 y 53, , ,PARADA EXTERNA, ,Primero de Mayo,Comuna 17,Zona 6 - SIMÓN BOLÍVAR, , ,Metro Cali S.A. 22 de agosto de 2023,3.4067120163,-76.5306727395
1060117.3854,868357.5673,1773,511313,Kr 56 entre Cl 13 y 12A, , ,PARADA EXTERNA, ,Santa Anita - La Selva,Comuna 17,Zona 6 - SIMÓN BOLÍVAR, , ,Metro Cali S.A. 22 de agosto de 2023,3.4056515763,-76.5366032451
1059906.0294,868425.6609,1774,511315,Kr 56 entre Cl 11A y 11,Frente a la Oficina de Registros Publicos, ,PARADA EXTERNA, ,Santa Anita - La Selva,Comuna 17,Zona 6 - SIMÓN BOLÍVAR, , ,Metro Cali S.A. 22 de agosto de 2023,3.4062672406,-76.5385049381
1059879.4524,868414.0306,1775,511316,Kr 56 entre Cl 10A y 11A,CVC, ,PARADA EXTERNA, ,Santa Anita - La Selva,Comuna 17,Zona 6 - SIMÓN BOLÍVAR, , ,Metro Cali S.A. 22 de agosto de 2023,3.4061620755,-76.5387440636
1059583.9228,867877.9497,1776,516026,Cl 10 entre Kr 64A y 61, , ,PARADA EXTERNA, ,Santa Anita - La Selva,Comuna 17,Zona 6 - SIMÓN BOLÍVAR, , ,Metro Cali S.A. 22 de agosto de 2023,3.4013148094,-76.5414029968
1059748.7689,868380.3459,1777,516028,Cl 10 entre Kr 57 y 56,Comfandi Guadalupe, ,PARADA EXTERNA, ,Santa Anita - La Selva,Comuna 17,Zona 6 - SIMÓN BOLÍVAR, , ,Metro Cali S.A. 22 de agosto de 2023,3.4058574773,-76.5399198866
1059851.3319,868690.747,1778,516030,Cl 10 entre Kr 53 y 50, , ,PARADA EXTERNA, ,Santa Anita - La Selva,Comuna 17,Zona 6 - SIMÓN BOLÍVAR, , ,Metro Cali S.A. 22 de agosto de 2023,3.4086641238,-76.5389971263
1060201.6426,868285.3956,1779,516059,Cl 13 con Kr 56, , ,PARADA EXTERNA, ,Santa Anita - La Selva,Comuna 17,Zona 6 - SIMÓN BOLÍVAR, , ,Metro Cali S.A. 22 de agosto de 2023,3.4049990166,-76.5358451282
1060279.6044,868527.7258,1780,516061,Cl 13 entre Kr 50 y 53,Estación de servicio, ,PARADA EXTERNA, ,Santa Anita - La Selva,Comuna 17,Zona 6 - SIMÓN BOLÍVAR, , ,Metro Cali S.A. 22 de agosto de 2023,3.4071901629,-76.5351436982
1059336.9047,867517.4925,1781,517121,Kr 66 entre Cl 9 y 10, ,Parada ubicada sobre carrera 66 entre calle 9 y 10. a 70m del cruce con carrera 66. KIA Motors. En sentido   Occidente - Oriente.,PARADA EXTERNA, ,El Gran Limonar,Comuna 17,Zona 7 - CAÑAVERALEJO,http://geoportal.metrocali.gov.co/fotos_paradas/517121_20191115102147.jpg,http://geoportal.metrocali.gov.co/fotos_paradas/517121_20191115102220.jpg,Metro Cali S.A. 22 de agosto de 2023,3.3980555256,-76.5436254618
1059096.6143,867171.8711,1782,517131,Cl 5 entre Kr 70 y 68,Centro Comercial Limonar Premier, ,PARADA EXTERNA, ,El Gran Limonar,Comuna 17,Zona 7 - CAÑAVERALEJO, , ,Metro Cali S.A. 22 de agosto de 2023,3.3949303826,-76.5457873835
1059370.1269,867542.184,1783,517200,Kr 66 entre Cl 10 y 9A, ,Parada ubicada sobre carrera 66 entre calle 10 y 9. costado derecho de Fundación Universitaria María Cano. En sentido Oriente - Occidente.,PARADA EXTERNA, ,El Gran Limonar,Comuna 17,Zona 7 - CAÑAVERALEJO,http://geoportal.metrocali.gov.co/fotos_paradas/517200_20191115102919.jpg,http://geoportal.metrocali.gov.co/fotos_paradas/517200_20191115103016.jpg,Metro Cali S.A. 22 de agosto de 2023,3.3982787919,-76.5433265517
1059174.0242,866436.5944,1784,502100,CAPRI A1, , ,ESTACIÓN,CALLE 5,Alférez Real,Comuna 18,Zona 7 - CAÑAVERALEJO,http://geoportal.metrocali.gov.co/fotos_paradas/502100_201211_1.jpg,http://geoportal.metrocali.gov.co/fotos_paradas/502100_201211_2.jpg,Metro Cali S.A. 22 de agosto de 2023,3.3882820732,-76.5450907259
1059181.8393,866379.4468,1785,502102,CAPRI A2, , ,ESTACIÓN,CALLE 5,Alférez Real,Comuna 18,Zona 7 - CAÑAVERALEJO,http://geoportal.metrocali.gov.co/fotos_paradas/502102_201211_1.jpg,http://geoportal.metrocali.gov.co/fotos_paradas/502102_201211_2.jpg,Metro Cali S.A. 22 de agosto de 2023,3.3877653494,-76.5450203979
1058470.7934,866762.0263,1786,517096,Kr 73 entre Cl 2A y 2C,Universidad Cooperativa de Colombia, ,PARADA EXTERNA, ,Alférez Real,Comuna 18,Zona 7 - CAÑAVERALEJO, , ,Metro Cali S.A. 22 de agosto de 2023,3.3912244241,-76.5514180451
1058700.4035,866790.2556,1787,517097,Kr 73 entre Cl 2C y 3, , ,PARADA EXTERNA, ,Alférez Real,Comuna 18,Zona 7 - CAÑAVERALEJO, , ,Metro Cali S.A. 22 de agosto de 2023,3.3914797366,-76.5493521599
1058472.1293,866677.9984,1788,517251,Cl 2A entre Kr 73C y 73B,Universidad Cooperativa de Colombia, ,PARADA EXTERNA, ,Alférez Real,Comuna 18,Zona 7 - CAÑAVERALEJO, , ,Metro Cali S.A. 22 de agosto de 2023,3.390464649,-76.5514060015
1059094.7642,866201.5521,1789,517272,Cl 4 entre Kr 80 y 78,Conexión con la estación Capri,Parada ubicada sobre calle 4 entre carrera 80 y 79. frente al parqueadero privado del Hospital Psiquiatrico. Sentido Sur - Norte.,PARADA EXTERNA, ,Alférez Real,Comuna 18,Zona 7 - CAÑAVERALEJO,http://geoportal.metrocali.gov.co/fotos_paradas/517272_20191018090643.jpg,http://geoportal.metrocali.gov.co/fotos_paradas/517272_20191018090734.jpg,Metro Cali S.A. 22 de agosto de 2023,3.3861568157,-76.5458038022
1057643.2005,865829.9928,1790,511369,Kr 83 con Cl 2C Oe,Cinco esquinas,Parada ubicada sobre carrera 83 con calle 2C Oeste. Institución Educativa  La Esperenza Sede La Nueva Esperanza. En sentido Oriente - Occidente.,PARADA EXTERNA, ,Alto Nápoles,Comuna 18,Zona 7 - CAÑAVERALEJO,http://geoportal.metrocali.gov.co/fotos_paradas/511369_20191018094550.jpg,http://geoportal.metrocali.gov.co/fotos_paradas/511369_20191018094613.jpg,Metro Cali S.A. 22 de agosto de 2023,3.3827967618,-76.5588638939
1057967.658,865937.8115,1791,511449,Kr 83 entre Cl 1A1 y 1, ,Parada ubicada sobre carrera 83 con calle 1A1 y 1. En sentido Oriente - Occidente.,PARADA EXTERNA, ,Alto Nápoles,Comuna 18,Zona 7 - CAÑAVERALEJO,http://geoportal.metrocali.gov.co/fotos_paradas/511449_20191018093639.jpg,http://geoportal.metrocali.gov.co/fotos_paradas/511449_20191018093652.jpg,Metro Cali S.A. 22 de agosto de 2023,3.3837717653,-76.5559446823
1058385.8569,866308.266,1792,517090,Cl 2 entre Kr 79 y 78B,Unidad residencial, ,PARADA EXTERNA, ,Alto Nápoles,Comuna 18,Zona 7 - CAÑAVERALEJO, , ,Metro Cali S.A. 22 de agosto de 2023,3.3871215255,-76.5521821191
1058338.2616,866092.181,1793,517275,Cl 2A Bis entre Kr 80 y 81, ,Parada ubicada sobre calle 2A Bis con carrera 81. a un costado de estación de bombeo de Alto Nápoles. Sentido Norte - Sur.,PARADA EXTERNA, ,Alto Nápoles,Comuna 18,Zona 7 - CAÑAVERALEJO,http://geoportal.metrocali.gov.co/fotos_paradas/517275_20191018092722.jpg,http://geoportal.metrocali.gov.co/fotos_paradas/517275_20191018092746.jpg,Metro Cali S.A. 22 de agosto de 2023,3.3851676834,-76.5526102868
1058172.7968,865929.8243,1794,517277,Kr 83 en la Y, ,Parada ubicada sobre carrera 83 con carrera 81. en la Y. Oriente - Occidente.,PARADA EXTERNA, ,Alto Nápoles,Comuna 18,Zona 7 - CAÑAVERALEJO,http://geoportal.metrocali.gov.co/fotos_paradas/517277_20191018093112.jpg,http://geoportal.metrocali.gov.co/fotos_paradas/517277_20191018093130.jpg,Metro Cali S.A. 22 de agosto de 2023,3.3836996125,-76.5540989792
1059067.304,867100.531,1795,502050,CALDAS A1, , ,ESTACIÓN,CALLE 5,Buenos Aires,Comuna 18,Zona 7 - CAÑAVERALEJO,http://geoportal.metrocali.gov.co/fotos_paradas/502050_201211_1.jpg,http://geoportal.metrocali.gov.co/fotos_paradas/502050_201211_2.jpg,Metro Cali S.A. 22 de agosto de 2023,3.3942853226,-76.5460510839
1059082.782,867053.9656,1796,502051,CALDAS B1, , ,ESTACIÓN,CALLE 5,Buenos Aires,Comuna 18,Zona 7 - CAÑAVERALEJO,http://geoportal.metrocali.gov.co/fotos_paradas/502051_201211_1.jpg,http://geoportal.metrocali.gov.co/fotos_paradas/502051_201211_2.jpg,Metro Cali S.A. 22 de agosto de 2023,3.393864285,-76.5459118107
1059078.1178,866939.7483,1797,517076,Cl 5 entre Kr 70 y 73 P2,Conexión con la estación Caldas, ,PARADA EXTERNA, ,Buenos Aires,Comuna 18,Zona 7 - CAÑAVERALEJO, , ,Metro Cali S.A. 22 de agosto de 2023,3.3928315377,-76.5459537496
1058270.3951,867000.5912,1798,517226,Kr 70 entre Cl 1C y 2B, , ,PARADA EXTERNA, ,Buenos Aires,Comuna 18,Zona 7 - CAÑAVERALEJO, , ,Metro Cali S.A. 22 de agosto de 2023,3.3933814534,-76.5532211801
1058594.4114,867042.7501,1799,517227,Kr 70 entre Cl 2C y 3, , ,PARADA EXTERNA, ,Buenos Aires,Comuna 18,Zona 7 - CAÑAVERALEJO, , ,Metro Cali S.A. 22 de agosto de 2023,3.3937627474,-76.5503058827
1058717.9695,866899.0393,1800,517247,Cl 3 entre Kr 73 y 70, , ,PARADA EXTERNA, ,Buenos Aires,Comuna 18,Zona 7 - CAÑAVERALEJO, , ,Metro Cali S.A. 22 de agosto de 2023,3.3924633571,-76.5491941406
1058864.1723,866826.5789,1801,517249,Kr 73 entre Cl 4 y 3B,Parqueadero, ,PARADA EXTERNA, ,Buenos Aires,Comuna 18,Zona 7 - CAÑAVERALEJO, , ,Metro Cali S.A. 22 de agosto de 2023,3.3918082133,-76.5478786762
1058681.5923,866800.3509,1802,517250,Kr 73 entre Cl 3 y 2C, , ,PARADA EXTERNA, ,Buenos Aires,Comuna 18,Zona 7 - CAÑAVERALEJO, , ,Metro Cali S.A. 22 de agosto de 2023,3.3915710126,-76.5495214145
1059076.3383,866956.8425,1803,517281,Cl 5 entre Kr 70 y 73 P1,Conexión con la estación Caldas, ,PARADA EXTERNA, ,Buenos Aires,Comuna 18,Zona 7 - CAÑAVERALEJO, , ,Metro Cali S.A. 22 de agosto de 2023,3.392986102,-76.5459697646
1058808.4354,867218.5424,1804,517163,Kr 68 entre Cl 3B y 3C, , ,PARADA EXTERNA, ,Caldas,Comuna 18,Zona 7 - CAÑAVERALEJO, , ,Metro Cali S.A. 22 de agosto de 2023,3.3953523093,-76.5483802648
1059032.6667,867221.7363,1805,517164,Cl 5 entre Kr 68 y 69, , ,PARADA EXTERNA, ,Caldas,Comuna 18,Zona 7 - CAÑAVERALEJO, , ,Metro Cali S.A. 22 de agosto de 2023,3.3953812453,-76.5463627594
1058686.4369,867156.0803,1806,517165,Cl 3 entre Kr 69 y 68, , ,PARADA EXTERNA, ,Caldas,Comuna 18,Zona 7 - CAÑAVERALEJO, , ,Metro Cali S.A. 22 de agosto de 2023,3.3947874979,-76.5494779213
1058380.5612,866518.589,1807,517270,Tv 2A entre Cl 2Bis y Dg 2A, , ,PARADA EXTERNA, ,Colinas del Sur,Comuna 18,Zona 7 - CAÑAVERALEJO, , ,Metro Cali S.A. 22 de agosto de 2023,3.3890232519,-76.5522298282
1058243.6354,866628.8156,1808,517271,Tv 2A entre Kr 74Bis y 74, , ,PARADA EXTERNA, ,Colinas del Sur,Comuna 18,Zona 7 - CAÑAVERALEJO, , ,Metro Cali S.A. 22 de agosto de 2023,3.3900198723,-76.5534618346
1058689.0397,866335.04,1809,511452,Kr 78 entre Cl 3 y 2C, ,Parada ubicada sobre carrera 78 entre calle 3 y 3A. Sentido Oriente - Occidente.,PARADA EXTERNA, ,Francisco Eladio Ramírez,Comuna 18,Zona 7 - CAÑAVERALEJO,http://geoportal.metrocali.gov.co/fotos_paradas/511452_20191018091727.jpg,http://geoportal.metrocali.gov.co/fotos_paradas/511452_20191018091746.jpg,Metro Cali S.A. 22 de agosto de 2023,3.3873637013,-76.5494542824
1058902.9321,866322.8684,1810,511453,Kr 78 entre Cl 3D y 3A, ,Parada ubicada sobre carrera 78 entre calle 3D y 3A. Sentido Oriente - Occidente.,PARADA EXTERNA, ,Francisco Eladio Ramírez,Comuna 18,Zona 7 - CAÑAVERALEJO,http://geoportal.metrocali.gov.co/fotos_paradas/511453_20191018091230.jpg,http://geoportal.metrocali.gov.co/fotos_paradas/511453_20191018091247.jpg,Metro Cali S.A. 22 de agosto de 2023,3.387253703,-76.5475298127
1058482.7223,866551.7234,1811,517129,Cl 2A entre Kr 76A y 76, , ,PARADA EXTERNA, ,Francisco Eladio Ramírez,Comuna 18,Zona 7 - CAÑAVERALEJO, , ,Metro Cali S.A. 22 de agosto de 2023,3.3893228813,-76.551310656
1057860.6705,867146.0255,1812,517028,Cl 1 entre Kr 69 y 67,Unidad residencial, ,PARADA EXTERNA, ,Los Chorros,Comuna 18,Zona 7 - CAÑAVERALEJO, , ,Metro Cali S.A. 22 de agosto de 2023,3.3946963277,-76.5569076914
1057974.5391,866955.2263,1813,517254,Kr 70 entre Cl 1A y 1Bis, , ,PARADA EXTERNA, ,Los Chorros,Comuna 18,Zona 7 - CAÑAVERALEJO, , ,Metro Cali S.A. 22 de agosto de 2023,3.3929711714,-76.5558831043
1058463.3493,866688.0629,1814,517244,Cl 2A entre Kr 73B y 73C,Universidad Cooperativa de Colombia, ,PARADA EXTERNA, ,Los Farallones,Comuna 18,Zona 7 - CAÑAVERALEJO, , ,Metro Cali S.A. 22 de agosto de 2023,3.3905556489,-76.5514850015
1058214.5565,866806.144,1815,517253,Cl 1C entre Kr 73 y 72, , ,PARADA EXTERNA, ,Los Farallones,Comuna 18,Zona 7 - CAÑAVERALEJO, , ,Metro Cali S.A. 22 de agosto de 2023,3.391623256,-76.5537235232
1057831.0522,866655.5775,1816,517083,Cl 1AOe entre Kr 73B y 73A,Institución educativa Juan Pablo II, ,PARADA EXTERNA, ,Lourdes,Comuna 18,Zona 7 - CAÑAVERALEJO, , ,Metro Cali S.A. 22 de agosto de 2023,3.390261716,-76.557174013
1057832.0939,866859.5005,1817,517084,Cl 1A Oe entre Kr 72 y 70,Antes de la 70, ,PARADA EXTERNA, ,Lourdes,Comuna 18,Zona 7 - CAÑAVERALEJO, , ,Metro Cali S.A. 22 de agosto de 2023,3.3921055759,-76.5571647098
1058207.0501,866898.0082,1818,517159,Cl 1C entre Kr 71 y 72, , ,PARADA EXTERNA, ,Lourdes,Comuna 18,Zona 7 - CAÑAVERALEJO, , ,Metro Cali S.A. 22 de agosto de 2023,3.3924538843,-76.5537910896
1058056.2456,866962.1569,1819,517255,Kr 70 entre Cl 1A y 1C,Centro Recreacional Lourdes, ,PARADA EXTERNA, ,Lourdes,Comuna 18,Zona 7 - CAÑAVERALEJO, , ,Metro Cali S.A. 22 de agosto de 2023,3.3930338645,-76.5551479596
1057810.3605,866521.2413,1820,517033,Cl 1A Oe entre Kr 75 y 74B, , ,PARADA EXTERNA, ,Mario Correa Rengifo,Comuna 18,Zona 7 - CAÑAVERALEJO, , ,Metro Cali S.A. 22 de agosto de 2023,3.3890470489,-76.5573601383
1058606.0679,866220.6781,1821,517273,Cl 2B entre Kr 78 y 80,Portón de Napoles,Parada ubicada sobre calle 2D entre carrera 78 y 80. Sentido Norte - Sur.,PARADA EXTERNA, ,Nápoles,Comuna 18,Zona 7 - CAÑAVERALEJO,http://geoportal.metrocali.gov.co/fotos_paradas/517273_20191018092250.jpg,http://geoportal.metrocali.gov.co/fotos_paradas/517273_20191018092304.jpg,Metro Cali S.A. 22 de agosto de 2023,3.3863296248,-76.5502007781
1058205.85,866303.5332,1822,517091,Cl 1C entre Kr 77A y 78,5 Esquinas, ,PARADA EXTERNA, ,Prados del Sur,Comuna 18,Zona 7 - CAÑAVERALEJO, , ,Metro Cali S.A. 22 de agosto de 2023,3.3870786765,-76.553801704
1058206.906,866623.0268,1823,517093,Cl 1C entre Kr 74 y 74A, , ,PARADA EXTERNA, ,Prados del Sur,Comuna 18,Zona 7 - CAÑAVERALEJO, , ,Metro Cali S.A. 22 de agosto de 2023,3.3899675188,-76.5537923013
1057821.7846,866918.5917,1824,517029,Kr 70 entre Cl 1Oe y 1A Oe, , ,PARADA EXTERNA, ,Sector Alto de los Chorros,Comuna 18,Zona 7 - CAÑAVERALEJO, , ,Metro Cali S.A. 22 de agosto de 2023,3.3926398714,-76.5572574868
1057755.8348,866684.9266,1825,517030,Cl 2 Oe entre Kr 72 y 73B, , ,PARADA EXTERNA, ,Sector Alto de los Chorros,Comuna 18,Zona 7 - CAÑAVERALEJO, , ,Metro Cali S.A. 22 de agosto de 2023,3.3905270624,-76.5578507831
1057679.837,866529.7881,1826,517031,Cl 2A Oe entre Kr 74C y 74D, , ,PARADA EXTERNA, ,Sector Alto de los Chorros,Comuna 18,Zona 7 - CAÑAVERALEJO, , ,Metro Cali S.A. 22 de agosto de 2023,3.3891242823,-76.5585345102
1057656.9855,866364.5693,1827,517032,Cl 2A Oe entre Kr 75 y 75A,Hospital Mario Correa Rengifo, ,PARADA EXTERNA, ,Sector Alto de los Chorros,Comuna 18,Zona 7 - CAÑAVERALEJO, , ,Metro Cali S.A. 22 de agosto de 2023,3.3876303755,-76.5587400551
1059228.413,868646.1282,1828,516233,Kr 56 entre Cl 7A y 6A, , ,PARADA EXTERNA, ,Camino Real - Joaquín Borrero Sinisterra,Comuna 19,Zona 7 - CAÑAVERALEJO, , ,Metro Cali S.A. 22 de agosto de 2023,3.408260558,-76.5446018642
1059364.0051,868583.2659,1829,517006,Kr 56 entre Cl 8 y 9, , ,PARADA EXTERNA, ,Camino Real - Joaquín Borrero Sinisterra,Comuna 19,Zona 7 - CAÑAVERALEJO, , ,Metro Cali S.A. 22 de agosto de 2023,3.4076921909,-76.5433818538
1059016.6817,868695.9972,1830,517175,Kr 56 entre Cl 5 y 7,Camino Real, ,PARADA EXTERNA, ,Camino Real - Joaquín Borrero Sinisterra,Comuna 19,Zona 7 - CAÑAVERALEJO, , ,Metro Cali S.A. 22 de agosto de 2023,3.4087114203,-76.5465069398
1059030.1362,868710.2686,1831,517178,Kr 56 entre Cl 6A y 5,Conexión con la estación Guadalupe, ,PARADA EXTERNA, ,Camino Real - Joaquín Borrero Sinisterra,Comuna 19,Zona 7 - CAÑAVERALEJO, , ,Metro Cali S.A. 22 de agosto de 2023,3.4088404648,-76.5463858856
1059802.7866,868712.9086,1832,516122,Cl 10 entre Kr 50 y 53,Estación de servicio, ,PARADA EXTERNA, ,Camino Real - Los Fundadores,Comuna 19,Zona 7 - CAÑAVERALEJO, , ,Metro Cali S.A. 22 de agosto de 2023,3.4088644991,-76.5394339193
1059641.9644,868923.8899,1833,516131,Kr 50 entre Cl 9 y 9B,Centro Comercial Palmetto Plaza, ,PARADA EXTERNA, ,Camino Real - Los Fundadores,Comuna 19,Zona 7 - CAÑAVERALEJO, , ,Metro Cali S.A. 22 de agosto de 2023,3.4107721496,-76.5408809665
1059521.0201,868797.5975,1834,517007,Cl 9 entre Kr 53 y 52A, , ,PARADA EXTERNA, ,Camino Real - Los Fundadores,Comuna 19,Zona 7 - CAÑAVERALEJO, , ,Metro Cali S.A. 22 de agosto de 2023,3.4096301973,-76.5419691467
1059464.5675,868608.8695,1835,517105,Cl 9 entre Kr 56 y 55, , ,PARADA EXTERNA, ,Camino Real - Los Fundadores,Comuna 19,Zona 7 - CAÑAVERALEJO, , ,Metro Cali S.A. 22 de agosto de 2023,3.4079237184,-76.5424770441
1059616.0036,868520.2347,1836,517212,Kr 56 entre Cl 9C y 9B,Unidad residencial, ,PARADA EXTERNA, ,Camino Real - Los Fundadores,Comuna 19,Zona 7 - CAÑAVERALEJO, , ,Metro Cali S.A. 22 de agosto de 2023,3.4071223183,-76.5411144733
1059569.1867,868516.3981,1837,517213,Kr 56 entre Cl 9 y 10,Unidad residencial, ,PARADA EXTERNA, ,Camino Real - Los Fundadores,Comuna 19,Zona 7 - CAÑAVERALEJO, , ,Metro Cali S.A. 22 de agosto de 2023,3.4070876188,-76.5415357095
1056985.5876,868796.6037,1838,517147,Cl 13 Oe entre Kr 56 y 54,Hogar Geriatrico La Esperanza, ,PARADA EXTERNA, ,Cañaveral,Comuna 19,Zona 7 - CAÑAVERALEJO, , ,Metro Cali S.A. 22 de agosto de 2023,3.4096204232,-76.5647818659
1057080.887,868742.5153,1839,517174,Cl 13 Oe entre Kr 55 y 56,Unidad residencial Gualanday, ,PARADA EXTERNA, ,Cañaveral,Comuna 19,Zona 7 - CAÑAVERALEJO, , ,Metro Cali S.A. 22 de agosto de 2023,3.4091313986,-76.5639243815
1059530.1657,867877.2585,1840,516025,Cl 10 entre Kr 63 y 63A, , ,PARADA EXTERNA, ,Cañaveralejo - Seguros Patria,Comuna 19,Zona 7 - CAÑAVERALEJO, , ,Metro Cali S.A. 22 de agosto de 2023,3.4013085489,-76.5418866755
1059681.2514,868341.5369,1841,516027,Cl 10 entre Kr 61 y 61A, , ,PARADA EXTERNA, ,Cañaveralejo - Seguros Patria,Comuna 19,Zona 7 - CAÑAVERALEJO, , ,Metro Cali S.A. 22 de agosto de 2023,3.405506556,-76.5405273701
1059291.7137,867989.1438,1842,517103,Cl 9 entre Kr 63 y 62C, , ,PARADA EXTERNA, ,Cañaveralejo - Seguros Patria,Comuna 19,Zona 7 - CAÑAVERALEJO, , ,Metro Cali S.A. 22 de agosto de 2023,3.4023201585,-76.544032169
1059366.7856,868283.7009,1843,517104,Cl 9 entre Kr 61A y 61, , ,PARADA EXTERNA, ,Cañaveralejo - Seguros Patria,Comuna 19,Zona 7 - CAÑAVERALEJO, , ,Metro Cali S.A. 22 de agosto de 2023,3.4049835427,-76.5433567724
1058664.1478,868505.803,1844,517050,Cl 3 entre Kr 60 y 58, , ,PARADA EXTERNA, ,Cuarto de Legua - Guadalupe,Comuna 19,Zona 7 - CAÑAVERALEJO, , ,Metro Cali S.A. 22 de agosto de 2023,3.4069916038,-76.5496788319
1058549.0897,868679.2617,1845,517154,Kr 57 entre Cl 3 y 2A,Unidad residencial, ,PARADA EXTERNA, ,Cuarto de Legua - Guadalupe,Comuna 19,Zona 7 - CAÑAVERALEJO, , ,Metro Cali S.A. 22 de agosto de 2023,3.4085599747,-76.5507141207
1058454.2798,868540.5704,1846,517155,Cl 2A entre Kr 58 y 60, , ,PARADA EXTERNA, ,Cuarto de Legua - Guadalupe,Comuna 19,Zona 7 - CAÑAVERALEJO, , ,Metro Cali S.A. 22 de agosto de 2023,3.4073059088,-76.5515671379
1058433.1498,868795.6871,1847,517168,Kr 56 entre Cl 3 y 1B P1,Colegio British, ,PARADA EXTERNA, ,Cuarto de Legua - Guadalupe,Comuna 19,Zona 7 - CAÑAVERALEJO, , ,Metro Cali S.A. 22 de agosto de 2023,3.4096126525,-76.5517573303
1058186.117,868820.6239,1848,517169,Kr 56 entre Cl 3 y 1B P2, , ,PARADA EXTERNA, ,Cuarto de Legua - Guadalupe,Comuna 19,Zona 7 - CAÑAVERALEJO, , ,Metro Cali S.A. 22 de agosto de 2023,3.4098380539,-76.5539800318
1058008.0353,868972.8865,1849,517177,Cl 1 entre Kr 56 y 55B,Colegio El Amparo, ,PARADA EXTERNA, ,Cuarto de Legua - Guadalupe,Comuna 19,Zona 7 - CAÑAVERALEJO, , ,Metro Cali S.A. 22 de agosto de 2023,3.4112147455,-76.5555823837
1058005.6576,868714.6441,1850,517232,Cl 1 entre Kr 59 y 56, , ,PARADA EXTERNA, ,Cuarto de Legua - Guadalupe,Comuna 19,Zona 7 - CAÑAVERALEJO, , ,Metro Cali S.A. 22 de agosto de 2023,3.4088797324,-76.5556036927
1058698.3074,869341.5991,1851,500051,CAÑAVERALEJO A2, , ,TERMINAL,CALLE 5,El Lido,Comuna 19,Zona 7 - CAÑAVERALEJO,http://geoportal.metrocali.gov.co/fotos_paradas/500051_210205_1.jpg,http://geoportal.metrocali.gov.co/fotos_paradas/500051_210205_2.jpg,Metro Cali S.A. 22 de agosto de 2023,3.4145488316,-76.5493717045
1058716.0793,869335.7728,1852,500052,CAÑAVERALEJO A3, , ,TERMINAL,CALLE 5,El Lido,Comuna 19,Zona 7 - CAÑAVERALEJO,http://geoportal.metrocali.gov.co/fotos_paradas/500052_210205_1.jpg,http://geoportal.metrocali.gov.co/fotos_paradas/500052_210205_2.jpg,Metro Cali S.A. 22 de agosto de 2023,3.4144961553,-76.5492117983
1058747.9047,869357.7205,1853,500053,CAÑAVERALEJO A4, , ,TERMINAL,CALLE 5,El Lido,Comuna 19,Zona 7 - CAÑAVERALEJO,http://geoportal.metrocali.gov.co/fotos_paradas/500053_210205_1.jpg,http://geoportal.metrocali.gov.co/fotos_paradas/500053_210205_2.jpg,Metro Cali S.A. 22 de agosto de 2023,3.4146946137,-76.5489254513
1058750.0444,869406.5451,1854,500055,CAÑAVERALEJO A7, , ,TERMINAL,CALLE 5,El Lido,Comuna 19,Zona 7 - CAÑAVERALEJO,http://geoportal.metrocali.gov.co/fotos_paradas/500055_210205_1.jpg,http://geoportal.metrocali.gov.co/fotos_paradas/500055_210205_2.jpg,Metro Cali S.A. 22 de agosto de 2023,3.4151360837,-76.5489062127
1058749.2392,869390.5446,1855,500056,CAÑAVERALEJO A6, , ,TERMINAL,CALLE 5,El Lido,Comuna 19,Zona 7 - CAÑAVERALEJO,http://geoportal.metrocali.gov.co/fotos_paradas/500056_210205_1.jpg,http://geoportal.metrocali.gov.co/fotos_paradas/500056_210205_2.jpg,Metro Cali S.A. 22 de agosto de 2023,3.414991408,-76.5489134526
1058750.8524,869424.1798,1856,500058,CAÑAVERALEJO A8, , ,TERMINAL,CALLE 5,El Lido,Comuna 19,Zona 7 - CAÑAVERALEJO,http://geoportal.metrocali.gov.co/fotos_paradas/500058_210205_1.jpg,http://geoportal.metrocali.gov.co/fotos_paradas/500058_210205_2.jpg,Metro Cali S.A. 22 de agosto de 2023,3.4152955357,-76.5488989472
1058808.7348,869828.1404,1857,501800,LIDO A1, , ,ESTACIÓN,CALLE 5,El Lido,Comuna 19,Zona 7 - CAÑAVERALEJO,http://geoportal.metrocali.gov.co/fotos_paradas/501800_210205_1.jpg,http://geoportal.metrocali.gov.co/fotos_paradas/501800_210205_2.jpg,Metro Cali S.A. 22 de agosto de 2023,3.4189481382,-76.5483782485
1058814.5227,869793.955,1858,501801,LIDO B1, , ,ESTACIÓN,CALLE 5,El Lido,Comuna 19,Zona 7 - CAÑAVERALEJO,http://geoportal.metrocali.gov.co/fotos_paradas/501801_210205_1.jpg,http://geoportal.metrocali.gov.co/fotos_paradas/501801_210205_2.jpg,Metro Cali S.A. 22 de agosto de 2023,3.418639038,-76.5483261619
1058809.2522,869776.2254,1859,501802,LIDO A2, , ,ESTACIÓN,CALLE 5,El Lido,Comuna 19,Zona 7 - CAÑAVERALEJO,http://geoportal.metrocali.gov.co/fotos_paradas/501802_210205_1.jpg,http://geoportal.metrocali.gov.co/fotos_paradas/501802_210205_2.jpg,Metro Cali S.A. 22 de agosto de 2023,3.418478726,-76.5483735795
1058813.4912,869845.4143,1860,501803,LIDO B2, , ,ESTACIÓN,CALLE 5,El Lido,Comuna 19,Zona 7 - CAÑAVERALEJO,http://geoportal.metrocali.gov.co/fotos_paradas/501803_210205_1.jpg,http://geoportal.metrocali.gov.co/fotos_paradas/501803_210205_2.jpg,Metro Cali S.A. 22 de agosto de 2023,3.4191043293,-76.5483354566
1058803.8448,869424.1604,1861,501850,UNIDAD DEPORTIVA A1, , ,ESTACIÓN,CALLE 5,El Lido,Comuna 19,Zona 7 - CAÑAVERALEJO,http://geoportal.metrocali.gov.co/fotos_paradas/501850_210205_1.jpg,http://geoportal.metrocali.gov.co/fotos_paradas/501850_210205_2.jpg,Metro Cali S.A. 22 de agosto de 2023,3.4152953742,-76.5484221415
1058821.0262,869336.2905,1862,501851,UNIDAD DEPORTIVA B1, , ,ESTACIÓN,CALLE 5,El Lido,Comuna 19,Zona 7 - CAÑAVERALEJO,http://geoportal.metrocali.gov.co/fotos_paradas/501851_210205_1.jpg,http://geoportal.metrocali.gov.co/fotos_paradas/501851_210205_2.jpg,Metro Cali S.A. 22 de agosto de 2023,3.4145008639,-76.5482675267
1058801.6763,869372.5456,1863,501852,UNIDAD DEPORTIVA A2, , ,ESTACIÓN,CALLE 5,El Lido,Comuna 19,Zona 7 - CAÑAVERALEJO,http://geoportal.metrocali.gov.co/fotos_paradas/501852_210205_1.jpg,http://geoportal.metrocali.gov.co/fotos_paradas/501852_210205_2.jpg,Metro Cali S.A. 22 de agosto de 2023,3.4148286757,-76.5484416394
1058819.7092,869372.7459,1864,501853,UNIDAD DEPORTIVA B2, , ,ESTACIÓN,CALLE 5,El Lido,Comuna 19,Zona 7 - CAÑAVERALEJO,http://geoportal.metrocali.gov.co/fotos_paradas/501853_210205_1.jpg,http://geoportal.metrocali.gov.co/fotos_paradas/501853_210205_2.jpg,Metro Cali S.A. 22 de agosto de 2023,3.4148304916,-76.5482793864
1058800.269,869337.923,1865,501854,UNIDAD DEPORTIVA A3, , ,ESTACIÓN,CALLE 5,El Lido,Comuna 19,Zona 7 - CAÑAVERALEJO,http://geoportal.metrocali.gov.co/fotos_paradas/501854_210205_1.jpg,http://geoportal.metrocali.gov.co/fotos_paradas/501854_210205_2.jpg,Metro Cali S.A. 22 de agosto de 2023,3.4145156199,-76.5484542927
1058259.62,869337.9315,1866,517279,Cl 2 con Kr 53, , ,PARADA EXTERNA, ,U. D. A. Galindo Plaza de Toros,Comuna 19,Zona 7 - CAÑAVERALEJO, , ,Metro Cali S.A. 22 de agosto de 2023,3.4145155414,-76.553318842
1058819.2607,869424.089,1867,501855,UNIDAD DEPORTIVA B3, , ,ESTACIÓN,CALLE 5,El Lido,Comuna 19,Zona 7 - CAÑAVERALEJO,http://geoportal.metrocali.gov.co/fotos_paradas/501855_210205_1.jpg,http://geoportal.metrocali.gov.co/fotos_paradas/501855_210205_2.jpg,Metro Cali S.A. 22 de agosto de 2023,3.4152947327,-76.5482834351
1058375.436,869430.6704,1868,517014,Kr 52 entre Cl 3 y 2,Colegio Eustaquio Palacios, ,PARADA EXTERNA, ,El Lido,Comuna 19,Zona 7 - CAÑAVERALEJO, , ,Metro Cali S.A. 22 de agosto de 2023,3.4153541164,-76.5522768022
1058161.2337,869692.5811,1869,517058,Cl 1 entre Kr 52 y 50,Centro de Salud Siloe, ,PARADA EXTERNA, ,El Lido,Comuna 19,Zona 7 - CAÑAVERALEJO, , ,Metro Cali S.A. 22 de agosto de 2023,3.4177222309,-76.5542041953
1058287.1367,870030.2405,1870,517060,Cl 1 entre Kr 46 y 45, , ,PARADA EXTERNA, ,El Lido,Comuna 19,Zona 7 - CAÑAVERALEJO, , ,Metro Cali S.A. 22 de agosto de 2023,3.4207753665,-76.5530714681
1058321.2195,870313.9656,1871,517062,Cl 1 entre Kr 44 y 42,Puente peatonal, ,PARADA EXTERNA, ,El Lido,Comuna 19,Zona 7 - CAÑAVERALEJO, , ,Metro Cali S.A. 22 de agosto de 2023,3.4233408024,-76.552764888
1059016.015,867583.927,1872,502000,REFUGIO A1, , ,ESTACIÓN,CALLE 5,El Refugio,Comuna 19,Zona 7 - CAÑAVERALEJO,http://geoportal.metrocali.gov.co/fotos_paradas/502000_201211_1.jpg,http://geoportal.metrocali.gov.co/fotos_paradas/502000_201211_2.jpg,Metro Cali S.A. 22 de agosto de 2023,3.3986561479,-76.5465126694
1059020.9759,867601.5678,1873,502001,REFUGIO B1, , ,ESTACIÓN,CALLE 5,El Refugio,Comuna 19,Zona 7 - CAÑAVERALEJO,http://geoportal.metrocali.gov.co/fotos_paradas/502001_201211_1.jpg,http://geoportal.metrocali.gov.co/fotos_paradas/502001_201211_2.jpg,Metro Cali S.A. 22 de agosto de 2023,3.3988156561,-76.5464680382
1058365.6468,867559.4746,1874,517043,Cl 2A entre Kr 65A y 66,Unidad residencial Puente del Palmar, ,PARADA EXTERNA, ,El Refugio,Comuna 19,Zona 7 - CAÑAVERALEJO, , ,Metro Cali S.A. 22 de agosto de 2023,3.3984348728,-76.5523643264
1058656.0594,867668.0701,1875,517045,Cl 3 entre Kr 65A y 65, , ,PARADA EXTERNA, ,El Refugio,Comuna 19,Zona 7 - CAÑAVERALEJO, , ,Metro Cali S.A. 22 de agosto de 2023,3.3994168707,-76.5497513797
1058661.8506,867875.88,1876,517046,Cl 3 entre Kr 64 y 63A, , ,PARADA EXTERNA, ,El Refugio,Comuna 19,Zona 7 - CAÑAVERALEJO, , ,Metro Cali S.A. 22 de agosto de 2023,3.401295877,-76.5496993299
1058244.7066,867221.2007,1877,517126,Kr 67 entre Cl 2 y 1C, , ,PARADA EXTERNA, ,El Refugio,Comuna 19,Zona 7 - CAÑAVERALEJO, , ,Metro Cali S.A. 22 de agosto de 2023,3.3953761833,-76.5534523776
1058272.0306,867400.0911,1878,517156,Cl 2 entre Kr 66A y 66B, , ,PARADA EXTERNA, ,El Refugio,Comuna 19,Zona 7 - CAÑAVERALEJO, , ,Metro Cali S.A. 22 de agosto de 2023,3.3969937081,-76.5532065861
1058656.315,867366.1036,1879,517162,Cl 3 entre Kr 67 y 66B,Colegio Parroquial Divino Nino, ,PARADA EXTERNA, ,El Refugio,Comuna 19,Zona 7 - CAÑAVERALEJO, , ,Metro Cali S.A. 22 de agosto de 2023,3.3966865077,-76.5497489979
1059383.3045,870263.055,1880,517012,Kr 39 entre Cl 6 y 5F,Clinica Viva, ,PARADA EXTERNA, ,Eucarístico,Comuna 19,Zona 7 - CAÑAVERALEJO, , ,Metro Cali S.A. 22 de agosto de 2023,3.4228807477,-76.5432085624
1059701.2406,870154.5016,1881,517119,Kr 39 entre Cl 7A y 7, , ,PARADA EXTERNA, ,Eucarístico,Comuna 19,Zona 7 - CAÑAVERALEJO, , ,Metro Cali S.A. 22 de agosto de 2023,3.4218992783,-76.5403478522
1059719.3914,870604.8505,1882,517190,Cl 6 entre Cl 5E y Kr 36B, , ,PARADA EXTERNA, ,Eucarístico,Comuna 19,Zona 7 - CAÑAVERALEJO, , ,Metro Cali S.A. 22 de agosto de 2023,3.4259713095,-76.54018462
1059616.3502,870369.8992,1883,517208,Cl 6 entre Kr 37A y 38,FISCALÍA, ,PARADA EXTERNA, ,Eucarístico,Comuna 19,Zona 7 - CAÑAVERALEJO, , ,Metro Cali S.A. 22 de agosto de 2023,3.4238468743,-76.5411117103
1057879.2548,867768.2656,1884,517026,Cl 1 entre Kr 65A y 64A,Unidad residencial, ,PARADA EXTERNA, ,La Cascada,Comuna 19,Zona 7 - CAÑAVERALEJO, , ,Metro Cali S.A. 22 de agosto de 2023,3.4003225919,-76.55674069
1058373.6657,867831.9988,1885,517042,Cl 2A entre Kr 64 y 64A, , ,PARADA EXTERNA, ,La Cascada,Comuna 19,Zona 7 - CAÑAVERALEJO, , ,Metro Cali S.A. 22 de agosto de 2023,3.4008990227,-76.5522922572
1060127.162,869698.5133,1886,516035,Cl 10 entre Kr 42 y 44, , ,PARADA EXTERNA, ,Los Cámbulos,Comuna 19,Zona 7 - CAÑAVERALEJO, , ,Metro Cali S.A. 22 de agosto de 2023,3.4177763314,-76.5365154798
1060220.525,869986.0729,1887,516037,Cl 10 entre Kr 39 y 41,Hipercentro Corona, ,PARADA EXTERNA, ,Los Cámbulos,Comuna 19,Zona 7 - CAÑAVERALEJO, , ,Metro Cali S.A. 22 de agosto de 2023,3.4203764419,-76.5356754737
1059798.0164,869713.4638,1888,517106,Cl 9 entre Kr 43 y 42, , ,PARADA EXTERNA, ,Los Cámbulos,Comuna 19,Zona 7 - CAÑAVERALEJO, , ,Metro Cali S.A. 22 de agosto de 2023,3.4179114586,-76.5394770164
1059881.6246,869999.4592,1889,517280,Cl 9 entre Kr 41 y 40, , ,PARADA EXTERNA, ,Los Cámbulos,Comuna 19,Zona 7 - CAÑAVERALEJO, , ,Metro Cali S.A. 22 de agosto de 2023,3.4204974266,-76.5387247884
1058910.4235,868813.6284,1890,501901,GUADALUPE B1, , ,ESTACIÓN,CALLE 5,Nueva Tequendama,Comuna 19,Zona 7 - CAÑAVERALEJO,http://geoportal.metrocali.gov.co/fotos_paradas/501901_201211_1.jpg,http://geoportal.metrocali.gov.co/fotos_paradas/501901_201211_2.jpg,Metro Cali S.A. 22 de agosto de 2023,3.4097750084,-76.5474630337
1059309.7671,869217.804,1891,516023,Kr 50 entre Cl 8A y 8, , ,PARADA EXTERNA, ,Nueva Tequendama,Comuna 19,Zona 7 - CAÑAVERALEJO, , ,Metro Cali S.A. 22 de agosto de 2023,3.4134296348,-76.5438700006
1059306.8763,869169.2526,1892,517210,Kr 50 entre Kr 53 y 53A, , ,PARADA EXTERNA, ,Nueva Tequendama,Comuna 19,Zona 7 - CAÑAVERALEJO, , ,Metro Cali S.A. 22 de agosto de 2023,3.412990635,-76.5438960006
1058979.9316,868142.152,1893,501950,PAMPALINDA A1, , ,ESTACIÓN,CALLE 5,Pampa Linda,Comuna 19,Zona 7 - CAÑAVERALEJO,http://geoportal.metrocali.gov.co/fotos_paradas/501950_201211_1.jpg,http://geoportal.metrocali.gov.co/fotos_paradas/501950_201211_2.jpg,Metro Cali S.A. 22 de agosto de 2023,3.4037035762,-76.5468374649
1058982.8559,868158.8902,1894,501951,PAMPALINDA B1, , ,ESTACIÓN,CALLE 5,Pampa Linda,Comuna 19,Zona 7 - CAÑAVERALEJO,http://geoportal.metrocali.gov.co/fotos_paradas/501951_201211_1.jpg,http://geoportal.metrocali.gov.co/fotos_paradas/501951_201211_2.jpg,Metro Cali S.A. 22 de agosto de 2023,3.403854923,-76.5468111574
1057998.3254,868568.7346,1895,517021,Cl 1 entre Kr 60 y 59, , ,PARADA EXTERNA, ,Pampa Linda,Comuna 19,Zona 7 - CAÑAVERALEJO, , ,Metro Cali S.A. 22 de agosto de 2023,3.407560425,-76.5556696168
1057987.9653,868348.0786,1896,517023,Cl 1 entre Kr 62 y 60, , ,PARADA EXTERNA, ,Pampa Linda,Comuna 19,Zona 7 - CAÑAVERALEJO, , ,Metro Cali S.A. 22 de agosto de 2023,3.4055652632,-76.5557627598
1058406.4352,868126.4218,1897,517041,Cl 2A con Kr 62B,Institución Educativa Politécnico Municipal, ,PARADA EXTERNA, ,Pampa Linda,Comuna 19,Zona 7 - CAÑAVERALEJO, , ,Metro Cali S.A. 22 de agosto de 2023,3.4035611877,-76.5519975003
1058661.4742,868254.9372,1898,517167,Cl 3 entre Kr 62 y 61A, , ,PARADA EXTERNA, ,Pampa Linda,Comuna 19,Zona 7 - CAÑAVERALEJO, , ,Metro Cali S.A. 22 de agosto de 2023,3.4047232895,-76.5497028196
1059393.7366,871268.2676,1899,501700,ESTADIO A1, , ,ESTACIÓN,CALLE 5,San Fernando Nuevo,Comuna 19,Zona 7 - CAÑAVERALEJO,http://geoportal.metrocali.gov.co/fotos_paradas/501700_210205_1.jpg,http://geoportal.metrocali.gov.co/fotos_paradas/501700_210205_2.jpg,Metro Cali S.A. 22 de agosto de 2023,3.4319698221,-76.5431149105
1059378.9068,871231.6659,1900,501701,ESTADIO B1, , ,ESTACIÓN,CALLE 5,San Fernando Nuevo,Comuna 19,Zona 7 - CAÑAVERALEJO,http://geoportal.metrocali.gov.co/fotos_paradas/501701_210205_1.jpg,http://geoportal.metrocali.gov.co/fotos_paradas/501701_210205_2.jpg,Metro Cali S.A. 22 de agosto de 2023,3.4316388688,-76.5432483381
1059367.7034,871222.4987,1901,501702,ESTADIO A2, , ,ESTACIÓN,CALLE 5,San Fernando Nuevo,Comuna 19,Zona 7 - CAÑAVERALEJO,http://geoportal.metrocali.gov.co/fotos_paradas/501702_210205_1.jpg,http://geoportal.metrocali.gov.co/fotos_paradas/501702_210205_2.jpg,Metro Cali S.A. 22 de agosto de 2023,3.4315559766,-76.5433491412
1059406.0914,871278.7103,1902,501703,ESTADIO B2, , ,ESTACIÓN,CALLE 5,San Fernando Nuevo,Comuna 19,Zona 7 - CAÑAVERALEJO,http://geoportal.metrocali.gov.co/fotos_paradas/501703_210205_1.jpg,http://geoportal.metrocali.gov.co/fotos_paradas/501703_210205_2.jpg,Metro Cali S.A. 22 de agosto de 2023,3.4320642469,-76.5430037471
1059167.5835,870370.0356,1903,517013,Kr 39 entre Cl 5B y 5A,Telepacífico, ,PARADA EXTERNA, ,San Fernando Nuevo,Comuna 19,Zona 7 - CAÑAVERALEJO, , ,Metro Cali S.A. 22 de agosto de 2023,3.4238480117,-76.5451495775
1059800.94,870791.6724,1904,517113,Cl 6 entre Kr 34 y 36,Coliseo Evangelista Mora, ,PARADA EXTERNA, ,San Fernando Nuevo,Comuna 19,Zona 7 - CAÑAVERALEJO, , ,Metro Cali S.A. 22 de agosto de 2023,3.4276605569,-76.5394509018
1058672.2774,870762.5982,1905,517065,Kr 37A entre Kr 38B y 38,Frente a la Universidad Libre, ,PARADA EXTERNA, ,Santa Isabel,Comuna 19,Zona 7 - CAÑAVERALEJO, , ,Metro Cali S.A. 22 de agosto de 2023,3.4273974134,-76.5496062991
1058908.5914,870890.064,1906,517066,Kr 37A entre Cl 4 y 4B,UES Valle, ,PARADA EXTERNA, ,Santa Isabel,Comuna 19,Zona 7 - CAÑAVERALEJO, , ,Metro Cali S.A. 22 de agosto de 2023,3.4285500142,-76.5474800415
1059087.5295,870704.7187,1907,517072,Cl 5 entre Kr 38A y 38C,Clinica San Fernando, ,PARADA EXTERNA, ,Santa Isabel,Comuna 19,Zona 7 - CAÑAVERALEJO, , ,Metro Cali S.A. 22 de agosto de 2023,3.4268741773,-76.5458699586
1058485.4494,871138.0946,1908,517133,Cl 9 Oe entre Kr 38B y 37, , ,PARADA EXTERNA, ,Santa Isabel,Comuna 19,Zona 7 - CAÑAVERALEJO, , ,Metro Cali S.A. 22 de agosto de 2023,3.4307925765,-76.5512874355
1058679.6277,871515.6722,1909,517134,Cl 11 Oe entre Kr 36A y 36,Los Cristales, ,PARADA EXTERNA, ,Santa Isabel,Comuna 19,Zona 7 - CAÑAVERALEJO, , ,Metro Cali S.A. 22 de agosto de 2023,3.4342066655,-76.5495403681
1058438.8819,870616.366,1910,517152,Cl 1 entre Kr 38D y 38C, , ,PARADA EXTERNA, ,Santa Isabel,Comuna 19,Zona 7 - CAÑAVERALEJO, , ,Metro Cali S.A. 22 de agosto de 2023,3.426075124,-76.5517062862
1058867.125,870462.4096,1911,517171,Kr 39 entre Cl 5 y 4,Conexión con la estación Tequendama, ,PARADA EXTERNA, ,Santa Isabel,Comuna 19,Zona 7 - CAÑAVERALEJO, , ,Metro Cali S.A. 22 de agosto de 2023,3.424683178,-76.5478530359
1058532.1279,870521.9194,1912,517172,Kr 39 entre Cl 2A y 2,Barrio Nueva Granada, ,PARADA EXTERNA, ,Santa Isabel,Comuna 19,Zona 7 - CAÑAVERALEJO, , ,Metro Cali S.A. 22 de agosto de 2023,3.4252211707,-76.5508672581
1057993.3444,869000.1958,1913,517018,Cl 1 entre Kr 55B y 56,Colegio El Amparo, ,PARADA EXTERNA, ,Sector Cañaveralejo Guadalupe,Comuna 19,Zona 7 - CAÑAVERALEJO, , ,Metro Cali S.A. 22 de agosto de 2023,3.4114616697,-76.5557145752
1057985.7336,868573.0748,1914,517020,Cl 1 entre Kr 59 y 60, , ,PARADA EXTERNA, ,Sector Cañaveralejo Guadalupe,Comuna 19,Zona 7 - CAÑAVERALEJO, , ,Metro Cali S.A. 22 de agosto de 2023,3.4075996646,-76.5557829135
1057864.9696,867744.7057,1915,517025,Cl 1 entre Kr 64 y 64A, , ,PARADA EXTERNA, ,Sector Cañaveralejo Guadalupe,Comuna 19,Zona 7 - CAÑAVERALEJO, , ,Metro Cali S.A. 22 de agosto de 2023,3.4001095598,-76.5568692128
1057840.9537,867190.2741,1916,517027,Cl 1 entre Kr 66B y 67, , ,PARADA EXTERNA, ,Sector Cañaveralejo Guadalupe,Comuna 19,Zona 7 - CAÑAVERALEJO, , ,Metro Cali S.A. 22 de agosto de 2023,3.3950964141,-76.5570851069
1057869.7885,868973.0333,1917,517143,Kr 56 entre Cl 1A Oe y 2 Oe, , ,PARADA EXTERNA, ,Sector Cañaveralejo Guadalupe,Comuna 19,Zona 7 - CAÑAVERALEJO, , ,Metro Cali S.A. 22 de agosto de 2023,3.4112160262,-76.5568262704
1057617.6475,869087.671,1918,517144,Kr 56 entre Cl 7 Oe y 8 Oe,Ciudadela Guadalupe, ,PARADA EXTERNA, ,Sector Cañaveralejo Guadalupe,Comuna 19,Zona 7 - CAÑAVERALEJO, , ,Metro Cali S.A. 22 de agosto de 2023,3.4122524841,-76.5590949705
1057382.9856,868940.0611,1919,517173,Kr 56 entre Cl 7 Oe y 8 Oe,Colegio Tecnico Multiproposito, ,PARADA EXTERNA, ,Sector Cañaveralejo Guadalupe,Comuna 19,Zona 7 - CAÑAVERALEJO, , ,Metro Cali S.A. 22 de agosto de 2023,3.4109177162,-76.561206306
1057905.1237,868913.2538,1920,517176,Kr 56 entre Cl 2 Oe y 1A Oe, , ,PARADA EXTERNA, ,Sector Cañaveralejo Guadalupe,Comuna 19,Zona 7 - CAÑAVERALEJO, , ,Metro Cali S.A. 22 de agosto de 2023,3.4106755156,-76.556508319
1057218.5828,868822.6484,1921,517179,Kr 56 entre Cl 7 Oe y 8 Oe, , ,PARADA EXTERNA, ,Sector Cañaveralejo Guadalupe,Comuna 19,Zona 7 - CAÑAVERALEJO, , ,Metro Cali S.A. 22 de agosto de 2023,3.4098560131,-76.5626854867
1057241.9359,868829.3799,1922,517187,Kr 56 entre Cl 8 Oe y 7 Oe, , ,PARADA EXTERNA, ,Sector Cañaveralejo Guadalupe,Comuna 19,Zona 7 - CAÑAVERALEJO, , ,Metro Cali S.A. 22 de agosto de 2023,3.4099168882,-76.5624753682
1057481.9237,869000.6478,1923,517188,Kr 56 entre Cl 8 Oe y 7 Oe, , ,PARADA EXTERNA, ,Sector Cañaveralejo Guadalupe,Comuna 19,Zona 7 - CAÑAVERALEJO, , ,Metro Cali S.A. 22 de agosto de 2023,3.4114655752,-76.5603161253
1057734.5097,869043.3911,1924,517189,Kr 56 entre Cl 5 Oe y 3 Oe,Unidad residencial, ,PARADA EXTERNA, ,Sector Cañaveralejo Guadalupe,Comuna 19,Zona 7 - CAÑAVERALEJO, , ,Metro Cali S.A. 22 de agosto de 2023,3.41185215,-76.5580434769
1057993.695,868728.0405,1925,517231,Cl 1 entre Kr 56 y 59, , ,PARADA EXTERNA, ,Sector Cañaveralejo Guadalupe,Comuna 19,Zona 7 - CAÑAVERALEJO, , ,Metro Cali S.A. 22 de agosto de 2023,3.4090008579,-76.5557113313
1058906.8707,868796.9512,1926,501900,GUADALUPE A1, , ,ESTACIÓN,CALLE 5,U. D. A. Galindo Plaza de Toros,Comuna 19,Zona 7 - CAÑAVERALEJO,http://geoportal.metrocali.gov.co/fotos_paradas/501900_201211_1.jpg,http://geoportal.metrocali.gov.co/fotos_paradas/501900_201211_2.jpg,Metro Cali S.A. 22 de agosto de 2023,3.4096242125,-76.547494996
1058357.0804,869420.595,1927,517015,Kr 52 entre Cl 2 y 3,Unidad Deportiva, ,PARADA EXTERNA, ,U. D. A. Galindo Plaza de Toros,Comuna 19,Zona 7 - CAÑAVERALEJO, , ,Metro Cali S.A. 22 de agosto de 2023,3.4152630097,-76.5524419559
1058248.2604,869176.3616,1928,517052,Cl 2 entre Kr 54 y 53, , ,PARADA EXTERNA, ,U. D. A. Galindo Plaza de Toros,Comuna 19,Zona 7 - CAÑAVERALEJO, , ,Metro Cali S.A. 22 de agosto de 2023,3.4130546326,-76.5534210018
1058564.7679,868906.8867,1929,517166,Kr 55B entre Cl 3 y 1A,Unidad Deportiva, ,PARADA EXTERNA, ,U. D. A. Galindo Plaza de Toros,Comuna 19,Zona 7 - CAÑAVERALEJO, , ,Metro Cali S.A. 22 de agosto de 2023,3.4106181508,-76.550573119
1058673.2081,868787.0809,1930,517182,Cl 3 entre Kr 56 y 55, , ,PARADA EXTERNA, ,U. D. A. Galindo Plaza de Toros,Comuna 19,Zona 7 - CAÑAVERALEJO, , ,Metro Cali S.A. 22 de agosto de 2023,3.4095349043,-76.5495973878
1058806.5806,868745.0063,1931,517214,Kr 56 entre Cl 5 y 3, , ,PARADA EXTERNA, ,U. D. A. Galindo Plaza de Toros,Comuna 19,Zona 7 - CAÑAVERALEJO, , ,Metro Cali S.A. 22 de agosto de 2023,3.4091545042,-76.5483973492
1058084.0646,869401.2157,1932,517017,Cl 1 entre Kr 53 y 52,Unidad residencial del Coliseo, ,PARADA EXTERNA, ,Unidad Residencial El Coliseo,Comuna 19,Zona 7 - CAÑAVERALEJO, , ,Metro Cali S.A. 22 de agosto de 2023,3.4150876976,-76.5548984415
1058016.7106,869155.9378,1933,517228,Cl 1 entre Kr 55 y 54,Riveras del Río, ,PARADA EXTERNA, ,Unidad Residencial El Coliseo,Comuna 19,Zona 7 - CAÑAVERALEJO, , ,Metro Cali S.A. 22 de agosto de 2023,3.4128698873,-76.5555043868
1059039.2652,869248.2164,1934,517117,Cl 6 entre Kr 50 y Cl 5,Cosmocentro, ,PARADA EXTERNA, ,Unidad Residencial Santiago de Cali,Comuna 19,Zona 7 - CAÑAVERALEJO, , ,Metro Cali S.A. 22 de agosto de 2023,3.4137045589,-76.5463038763
1058975.017,869430.1564,1935,517207,Kr 50 entre Cl 6 y 5, , ,PARADA EXTERNA, ,Unidad Residencial Santiago de Cali,Comuna 19,Zona 7 - CAÑAVERALEJO, , ,Metro Cali S.A. 22 de agosto de 2023,3.4153496333,-76.5468820009
1059061.2599,869348.7556,1936,517209,Kr 50 con Cl 6,Centro Comercial Cosmocentro, ,PARADA EXTERNA, ,Unidad Residencial Santiago de Cali,Comuna 19,Zona 7 - CAÑAVERALEJO, , ,Metro Cali S.A. 22 de agosto de 2023,3.4146136338,-76.5461060008
1059656.5208,868959.5553,1937,516029,Kr 50 entre Cl 9B y 9,Centro Comercial Palmetto Plaza, ,PARADA EXTERNA, ,Urbanización Militar,Comuna 19,Zona 7 - CAÑAVERALEJO, , ,Metro Cali S.A. 22 de agosto de 2023,3.4110946367,-76.5407500004
1059910.7289,869037.9525,1938,516031,Cl 10 entre Kr 49 y 50, , ,PARADA EXTERNA, ,Urbanización Militar,Comuna 19,Zona 7 - CAÑAVERALEJO, , ,Metro Cali S.A. 22 de agosto de 2023,3.4118035454,-76.5384627565
1060022.25,869375.8613,1939,516033,Cl 10 entre Kr 44A y 46,Clinica Santillana, ,PARADA EXTERNA, ,Urbanización Militar,Comuna 19,Zona 7 - CAÑAVERALEJO, , ,Metro Cali S.A. 22 de agosto de 2023,3.414858915,-76.5374593893
1059636.6575,869175.0207,1940,517008,Cl 9 entre Kr 50 y 48 P2,Centro Comercial Palmetto Plaza, ,PARADA EXTERNA, ,Urbanización Militar,Comuna 19,Zona 7 - CAÑAVERALEJO, , ,Metro Cali S.A. 22 de agosto de 2023,3.4130428582,-76.5409287635
1059724.7986,869473.3543,1941,517009,Cl 9 entre Kr 46 y 44,Clinica Santillana, ,PARADA EXTERNA, ,Urbanización Militar,Comuna 19,Zona 7 - CAÑAVERALEJO, , ,Metro Cali S.A. 22 de agosto de 2023,3.4157403895,-76.54013576
1059624.5822,869132.3001,1942,517010,Cl 9 entre Kr 50 y 48 P1,Centro Comercial Palmetto Plaza, ,PARADA EXTERNA, ,Urbanización Militar,Comuna 19,Zona 7 - CAÑAVERALEJO, , ,Metro Cali S.A. 22 de agosto de 2023,3.4126565788,-76.541037404
1058962.674,870349.151,1943,501750,TEQUENDAMA A1,Telepacífico, ,ESTACIÓN,CALLE 5,Urbanización Nueva Granada,Comuna 19,Zona 7 - CAÑAVERALEJO,http://geoportal.metrocali.gov.co/fotos_paradas/501750_210205_1.jpg,http://geoportal.metrocali.gov.co/fotos_paradas/501750_210205_2.jpg,Metro Cali S.A. 22 de agosto de 2023,3.4236591248,-76.5469932861
1058954.7797,870311.7021,1944,501751,TEQUENDAMA B1,Telepacífico, ,ESTACIÓN,CALLE 5,Urbanización Nueva Granada,Comuna 19,Zona 7 - CAÑAVERALEJO,http://geoportal.metrocali.gov.co/fotos_paradas/501751_210205_1.jpg,http://geoportal.metrocali.gov.co/fotos_paradas/501751_210205_2.jpg,Metro Cali S.A. 22 de agosto de 2023,3.4233205121,-76.5470643073
1058944.3286,870299.406,1945,501752,TEQUENDAMA A2,Telepacífico, ,ESTACIÓN,CALLE 5,Urbanización Nueva Granada,Comuna 19,Zona 7 - CAÑAVERALEJO,http://geoportal.metrocali.gov.co/fotos_paradas/501752_210205_1.jpg,http://geoportal.metrocali.gov.co/fotos_paradas/501752_210205_2.jpg,Metro Cali S.A. 22 de agosto de 2023,3.4232093288,-76.5471583399
1058972.3612,870359.8267,1946,501753,TEQUENDAMA B2,Telepacífico, ,ESTACIÓN,CALLE 5,Urbanización Nueva Granada,Comuna 19,Zona 7 - CAÑAVERALEJO,http://geoportal.metrocali.gov.co/fotos_paradas/501753_210205_1.jpg,http://geoportal.metrocali.gov.co/fotos_paradas/501753_210205_2.jpg,Metro Cali S.A. 22 de agosto de 2023,3.4237556559,-76.546906126
1058348.6186,870425.9055,1947,517064,Cl 1 entre Kr 42 y 40, , ,PARADA EXTERNA, ,Urbanización Nueva Granada,Comuna 19,Zona 7 - CAÑAVERALEJO, , ,Metro Cali S.A. 22 de agosto de 2023,3.4243529646,-76.5525183929
1058775.8149,870242.0251,1948,517195,Kr 42 entre Cl 5 y 3A, , ,PARADA EXTERNA, ,Urbanización Nueva Granada,Comuna 19,Zona 7 - CAÑAVERALEJO, , ,Metro Cali S.A. 22 de agosto de 2023,3.4226904506,-76.5486745592
1058497.1402,870330.2397,1949,517196,Kr 42 entre Cl 2A y 2, , ,PARADA EXTERNA, ,Urbanización Nueva Granada,Comuna 19,Zona 7 - CAÑAVERALEJO, , ,Metro Cali S.A. 22 de agosto de 2023,3.4234880042,-76.5511820122
1058965.392,870392.8103,1950,517257,Cl 5 entre Kr 39 y 40,Conexión con la estación Tequendama, ,PARADA EXTERNA, ,Urbanización Nueva Granada,Comuna 19,Zona 7 - CAÑAVERALEJO, , ,Metro Cali S.A. 22 de agosto de 2023,3.4240538903,-76.5469688411
1059405.9386,869894.9476,1951,517115,Cl 6 entre Kr 42 y 43, , ,PARADA EXTERNA, ,Urbanización Tequendama,Comuna 19,Zona 7 - CAÑAVERALEJO, , ,Metro Cali S.A. 22 de agosto de 2023,3.4195523475,-76.5430048304
1059508.7258,870124.2588,1952,517211,Cl 6 entre Kr 39 y 39A, , ,PARADA EXTERNA, ,Urbanización Tequendama,Comuna 19,Zona 7 - CAÑAVERALEJO, , ,Metro Cali S.A. 22 de agosto de 2023,3.421625787,-76.5420800326
1059297.0056,869637.4341,1953,517215,Cl 6 entre Kr 44 y 45A, , ,PARADA EXTERNA, ,Urbanización Tequendama,Comuna 19,Zona 7 - CAÑAVERALEJO, , ,Metro Cali S.A. 22 de agosto de 2023,3.4172239021,-76.5439849158
1058336.9362,870452.7238,1954,517063,Cl 1 entre Kr 39 y 40, , ,PARADA EXTERNA, ,Belén,Comuna 20,Zona 7 - CAÑAVERALEJO, , ,Metro Cali S.A. 22 de agosto de 2023,3.4245954505,-76.5526235157
1058512.749,870744.5287,1955,517132,Cl 1 entre Kr 37A y 37,Puente peatonal, ,PARADA EXTERNA, ,Belén,Comuna 20,Zona 7 - CAÑAVERALEJO, , ,Metro Cali S.A. 22 de agosto de 2023,3.4272339851,-76.5510416875
1058061.6105,869413.8892,1956,517016,Cl 1 entre Kr 52 y 53,Frente a Unidad residencial el Coliseo, ,PARADA EXTERNA, ,Belisario Caicedo,Comuna 20,Zona 7 - CAÑAVERALEJO, , ,Metro Cali S.A. 22 de agosto de 2023,3.4152022833,-76.555100479
1057887.6569,869519.2272,1957,517039,Dg 51 entre Cl 5 y 4, , ,PARADA EXTERNA, ,Belisario Caicedo,Comuna 20,Zona 7 - CAÑAVERALEJO, , ,Metro Cali S.A. 22 de agosto de 2023,3.4161546849,-76.5566656824
1058004.8794,869227.6985,1958,517151,Cl 1 entre Kr 52 y 54, , ,PARADA EXTERNA, ,Belisario Caicedo,Comuna 20,Zona 7 - CAÑAVERALEJO, , ,Metro Cali S.A. 22 de agosto de 2023,3.4135187394,-76.5556108626
1058046.1832,869554.6849,1959,517248,Kr 52 con Cl 1, , ,PARADA EXTERNA, ,Belisario Caicedo,Comuna 20,Zona 7 - CAÑAVERALEJO, , ,Metro Cali S.A. 22 de agosto de 2023,3.4164753445,-76.5552393336
1057563.9627,869466.249,1960,517037,Kr 52 entre Dg 50 y 51, , ,PARADA EXTERNA, ,El Cortijo,Comuna 20,Zona 7 - CAÑAVERALEJO, , ,Metro Cali S.A. 22 de agosto de 2023,3.415675544,-76.5595781425
1057494.1557,869620.8763,1961,517223,Cl 7 Oe entre Kr 51A y 52, , ,PARADA EXTERNA, ,Lleras Camargo,Comuna 20,Zona 7 - CAÑAVERALEJO, , ,Metro Cali S.A. 22 de agosto de 2023,3.4170736488,-76.5602062968
1057942.1565,869601.4954,1962,517034,Cl 3 Oe entre Dg 51 y 50, , ,PARADA EXTERNA, ,Siloé,Comuna 20,Zona 7 - CAÑAVERALEJO, , ,Metro Cali S.A. 22 de agosto de 2023,3.4168985676,-76.5561753428
1057735.2432,869529.0028,1963,517035,Dg 50 entre Cl 6 y 7, , ,PARADA EXTERNA, ,Siloé,Comuna 20,Zona 7 - CAÑAVERALEJO, , ,Metro Cali S.A. 22 de agosto de 2023,3.4162430222,-76.5580370473
1058134.5572,869704.855,1964,517059,Cl 1 entre Kr 50 y Dg 51,Frente al Centro de Salud, ,PARADA EXTERNA, ,Siloé,Comuna 20,Zona 7 - CAÑAVERALEJO, , ,Metro Cali S.A. 22 de agosto de 2023,3.4178332023,-76.5544442247
1058270.2367,870089.1049,1965,517061,Cl 1 entre Kr 44 y 45, , ,PARADA EXTERNA, ,Siloé,Comuna 20,Zona 7 - CAÑAVERALEJO, , ,Metro Cali S.A. 22 de agosto de 2023,3.4213076097,-76.5532235468
1057599.2408,869626.18,1966,517222,Cl 7 Oe entre Kr 52 y 51A, , ,PARADA EXTERNA, ,Siloé,Comuna 20,Zona 7 - CAÑAVERALEJO, , ,Metro Cali S.A. 22 de agosto de 2023,3.4171216436,-76.5592607814
1058291.2356,870276.6199,1967,517269,Cl 1 entre Kr 42A y 43A, , ,PARADA EXTERNA, ,Siloé,Comuna 20,Zona 7 - CAÑAVERALEJO, , ,Metro Cali S.A. 22 de agosto de 2023,3.4230031156,-76.5530346626
1057689.3598,869446.3239,1968,517038,Dg 51 entre Cl 8 y 7,Cementerio de Siloe, ,PARADA EXTERNA, ,Venezuela - Urbanización Cañaveralejo,Comuna 20,Zona 7 - CAÑAVERALEJO, , ,Metro Cali S.A. 22 de agosto de 2023,3.4154954282,-76.5584498597
1057377.5848,869371.3043,1969,517150,Dg 51 con Cl 10 Oe,Colegio Juan Pablo II, ,PARADA EXTERNA, ,Venezuela - Urbanización Cañaveralejo,Comuna 20,Zona 7 - CAÑAVERALEJO, , ,Metro Cali S.A. 22 de agosto de 2023,3.4148169894,-76.5612550641
1057194.4658,869221.345,1970,517203,Dg 51 entre Cl 13A Oe y 14 Oe, , ,PARADA EXTERNA, ,Venezuela - Urbanización Cañaveralejo,Comuna 20,Zona 7 - CAÑAVERALEJO, , ,Metro Cali S.A. 22 de agosto de 2023,3.4134609943,-76.5629026388
1057140.9173,869162.1623,1971,517204,Dg 51 entre Cl 14 Oe y 13A Oe, , ,PARADA EXTERNA, ,Venezuela - Urbanización Cañaveralejo,Comuna 20,Zona 7 - CAÑAVERALEJO, , ,Metro Cali S.A. 22 de agosto de 2023,3.4129258463,-76.5633844231
1057346.3474,869353.7009,1972,517205,Dg 51 entre Cl 11 Oe y 10 Oe,Colegio Juan Pablo II, ,PARADA EXTERNA, ,Venezuela - Urbanización Cañaveralejo,Comuna 20,Zona 7 - CAÑAVERALEJO, , ,Metro Cali S.A. 22 de agosto de 2023,3.4146578084,-76.5615361194
1056857.0779,869095.4209,1973,517225,Dg 51 con Cl 17 Oe Inicio,Escuela de Carabineros, ,PARADA EXTERNA, ,Venezuela - Urbanización Cañaveralejo,Comuna 20,Zona 7 - CAÑAVERALEJO, , ,Metro Cali S.A. 22 de agosto de 2023,3.4123222559,-76.565938267
1057470.412,869379.4543,1974,517278,Dg 51 entre Cl 10 Oe y 9 Oe,Colegio Juan Pablo II, ,PARADA EXTERNA, ,Venezuela - Urbanización Cañaveralejo,Comuna 20,Zona 7 - CAÑAVERALEJO, , ,Metro Cali S.A. 22 de agosto de 2023,3.4148907166,-76.5604198439
1056230.5906,868851.4536,1975,517217,Vía La Sirena - Colegio Ideas_1, , ,PARADA EXTERNA, ,Los Andes,Corregimientos,Zona 7 - CAÑAVERALEJO, , ,Metro Cali S.A. 22 de agosto de 2023,3.4101160321,-76.5715750269
1056110.8677,868802.178,1976,517218,Vía La Sirena_1,Quebrada las Pilas, ,PARADA EXTERNA, ,Los Andes,Corregimientos,Zona 7 - CAÑAVERALEJO, , ,Metro Cali S.A. 22 de agosto de 2023,3.4096704266,-76.572652218
1055843.871,868598.8794,1977,517219,La Sirena Fin de ruta, , ,PARADA EXTERNA, ,Los Andes,Corregimientos,Zona 7 - CAÑAVERALEJO, , ,Metro Cali S.A. 22 de agosto de 2023,3.407832078,-76.575054435
1055852.5508,868599.6678,1978,517220,La Sirena Inicio de ruta, , ,PARADA EXTERNA, ,Los Andes,Corregimientos,Zona 7 - CAÑAVERALEJO, , ,Metro Cali S.A. 22 de agosto de 2023,3.4078392111,-76.5749763384
1056113.3853,868797.3001,1979,517221,Vía La Sirena_2,Quebrada las Pilas, ,PARADA EXTERNA, ,Los Andes,Corregimientos,Zona 7 - CAÑAVERALEJO, , ,Metro Cali S.A. 22 de agosto de 2023,3.4096263221,-76.5726295634
1056854.8072,869103.4892,1980,517224,Dg 51 con Cl 17 Oe,Cementerio Jardines de la Aurora, ,PARADA EXTERNA, ,Los Andes,Corregimientos,Zona 7 - CAÑAVERALEJO, , ,Metro Cali S.A. 22 de agosto de 2023,3.412395208,-76.5659587013
1055899.7984,868723.2751,1981,517229,Vía a La Sirena - Los Monos_1,Puente Rojo, ,PARADA EXTERNA, ,Los Andes,Corregimientos,Zona 7 - CAÑAVERALEJO, , ,Metro Cali S.A. 22 de agosto de 2023,3.4089568852,-76.5745512882
1055899.1161,868707.5693,1982,517230,Vía a La Sirena - Los Monos_2,Puente Rojo, ,PARADA EXTERNA, ,Los Andes,Corregimientos,Zona 7 - CAÑAVERALEJO, , ,Metro Cali S.A. 22 de agosto de 2023,3.4088148739,-76.5745574193
1057907.7236,873046.1828,1983,519075,Kr 1 entre Kr 2A y 2B,Zoológico de Cali,Parada ubicada sobre carrera 1  Oeste entre carrera 2B y 2A. frente a la entrada principal Zoologico de Cali. En sentido Sur - Norte.,PARADA EXTERNA, ,Los Andes,Corregimientos,Zona 7 - CAÑAVERALEJO,http://geoportal.metrocali.gov.co/fotos_paradas/519127_20191219125224.jpg,http://geoportal.metrocali.gov.co/fotos_paradas/519127_20191219125302.jpg,Metro Cali S.A. 22 de agosto de 2023,3.4480452136,-76.5564863209
1057667.0211,872948.5247,1984,519122,Kr 1 con Kr 4_1, ,Parada ubicada sobre carrera 1  Oeste con carrera 3 Oeste. En sentido  Oriente - Occidente.,PARADA EXTERNA, ,Los Andes,Corregimientos,Zona 7 - CAÑAVERALEJO,http://geoportal.metrocali.gov.co/fotos_paradas/519122_20191219123954.jpg,http://geoportal.metrocali.gov.co/fotos_paradas/519122_20191219124013.jpg,Metro Cali S.A. 22 de agosto de 2023,3.4471621105,-76.5586521087
1057349.9524,873006.057,1985,519123,Kr 1 Zoo Entrada 2_1, ,Parada ubicada sobre carrera 1 entre calle 20. entrada 2 al Zoologico de Cali. En sentido Oriente - Occidente.,PARADA EXTERNA, ,Los Andes,Corregimientos,Zona 7 - CAÑAVERALEJO,http://geoportal.metrocali.gov.co/fotos_paradas/519123_20191219115953.jpg,http://geoportal.metrocali.gov.co/fotos_paradas/519123_20191219120011.jpg,Metro Cali S.A. 22 de agosto de 2023,3.4476821954,-76.5615050885
1057119.7155,873034.1687,1986,519124,Kr 1 Sector Atenas,Sector Atenas,Parada ubicada sobre carrera 1  Oeste entre calle 20 y avenida 2 Oeste. a 20m del cruce con la avenida 2 Oeste. sector Atenas. En sentido  Oriente - Occidente.,PARADA EXTERNA, ,Los Andes,Corregimientos,Zona 7 - CAÑAVERALEJO,http://geoportal.metrocali.gov.co/fotos_paradas/519124_20191219121213.jpg,http://geoportal.metrocali.gov.co/fotos_paradas/519124_20191219121238.jpg,Metro Cali S.A. 22 de agosto de 2023,3.4479362882,-76.5635767534
1057328.2225,873005.1343,1987,519125,Kr 1 Zoo Entrada 2_2, ,Parada ubicada sobre carrera 1 entre calle 20. entrada 2 al Zoologico de Cali. En sentido Occidente - Oriente.,PARADA EXTERNA, ,Los Andes,Corregimientos,Zona 7 - CAÑAVERALEJO,http://geoportal.metrocali.gov.co/fotos_paradas/519125_20191219120441.jpg,http://geoportal.metrocali.gov.co/fotos_paradas/519125_20191219120459.jpg,Metro Cali S.A. 22 de agosto de 2023,3.447673844,-76.5617006121
1057655.3794,872937.8558,1988,519126,Kr 1 con Kr 4_2,A Bellavista,Parada ubicada sobre carrera 1  Oeste con carrera 3 Oeste. En sentido  Occidente - Oriente.,PARADA EXTERNA, ,Los Andes,Corregimientos,Zona 7 - CAÑAVERALEJO,http://geoportal.metrocali.gov.co/fotos_paradas/519126_20191219123620.jpg,http://geoportal.metrocali.gov.co/fotos_paradas/519126_20191219123637.jpg,Metro Cali S.A. 22 de agosto de 2023,3.4470656387,-76.5587568559
1062222.1625,871859.683,1989,502900,PRIMITIVO B1, , ,ESTACIÓN,AGUABLANCA,Primitivo Crespo,Comuna 08,Zona 8 - CALIPSO, , ,Metro Cali S.A. 22 de agosto de 2023,3.4373176283,-76.5176653582
1062215.5768,871879.378,1990,502901,PRIMITIVO A1, , ,ESTACIÓN,AGUABLANCA,Primitivo Crespo,Comuna 08,Zona 8 - CALIPSO, , ,Metro Cali S.A. 22 de agosto de 2023,3.4374957095,-76.5177246147
1062556.2439,871773.9611,1991,518075,Kr 23 entre Cl 28A y 28, , ,PARADA EXTERNA, ,Primitivo Crespo,Comuna 08,Zona 8 - CALIPSO, , ,Metro Cali S.A. 22 de agosto de 2023,3.4365425221,-76.5146593574
1062303.2206,871743.6208,1992,518082,Kr 23 entre Kr 18 y Cl 25,Talleres de EMCALI, ,PARADA EXTERNA, ,Primitivo Crespo,Comuna 08,Zona 8 - CALIPSO, , ,Metro Cali S.A. 22 de agosto de 2023,3.4362681983,-76.5169360157
1062541.9998,871932.6447,1993,518152,Cl 33A entre Kr 17F4 y 17F5, , ,PARADA EXTERNA, ,Primitivo Crespo,Comuna 08,Zona 8 - CALIPSO, , ,Metro Cali S.A. 22 de agosto de 2023,3.4379773305,-76.5147875146
1062368.219,872482.0995,1994,518097,Kr 17 Bis con Cl 29,Estación de servicio, ,PARADA EXTERNA, ,Saavedra Galindo,Comuna 08,Zona 8 - CALIPSO, , ,Metro Cali S.A. 22 de agosto de 2023,3.4429454762,-76.5163511429
1062597.4591,872105.5588,1995,518098,Cl 30 entre Kr 17F y Cl 33A, , ,PARADA EXTERNA, ,Saavedra Galindo,Comuna 08,Zona 8 - CALIPSO, , ,Metro Cali S.A. 22 de agosto de 2023,3.4395408063,-76.514288491
1062519.8956,872271.9907,1996,518105,Cl 30 entre Kr 17D y 17F, , ,PARADA EXTERNA, ,Saavedra Galindo,Comuna 08,Zona 8 - CALIPSO, , ,Metro Cali S.A. 22 de agosto de 2023,3.4410456779,-76.5149863866
1063443.5768,872003.897,1997,518022,Kr 23 entre Cl 36 y 34, , ,PARADA EXTERNA, ,Santa Fé,Comuna 08,Zona 8 - CALIPSO, , ,Metro Cali S.A. 22 de agosto de 2023,3.4386215056,-76.5066752688
1063648.5059,872078.721,1998,518024,Kr 23 entre Cl 41 y 39, , ,PARADA EXTERNA, ,Santa Fé,Comuna 08,Zona 8 - CALIPSO, , ,Metro Cali S.A. 22 de agosto de 2023,3.4392980309,-76.5048313393
1063963.1746,872278.0163,1999,518157,Cl 44 entre Kr 20 y 22, , ,PARADA EXTERNA, ,Santa Fé,Comuna 08,Zona 8 - CALIPSO, , ,Metro Cali S.A. 22 de agosto de 2023,3.441099996,-76.5019999651
1062844.2373,871834.3105,2000,518018,Kr 23 con Cl 33E, , ,PARADA EXTERNA, ,Santa Mónica Popular,Comuna 08,Zona 8 - CALIPSO, , ,Metro Cali S.A. 22 de agosto de 2023,3.4370881781,-76.5120680408
1062870.287,871786.3823,2001,518019,Kr 23 entre Tv 29 y Cl 33B, , ,PARADA EXTERNA, ,Santa Mónica Popular,Comuna 08,Zona 8 - CALIPSO, , ,Metro Cali S.A. 22 de agosto de 2023,3.4366548121,-76.5118336542
1063207.2288,871928.1216,2002,518020,Kr 23 entre Cl 33F y 33C, , ,PARADA EXTERNA, ,Santa Mónica Popular,Comuna 08,Zona 8 - CALIPSO, , ,Metro Cali S.A. 22 de agosto de 2023,3.4379363776,-76.5088018977
1063209.5188,871876.428,2003,518021,Kr 23 entre Cl 33C y 33F, , ,PARADA EXTERNA, ,Santa Mónica Popular,Comuna 08,Zona 8 - CALIPSO, , ,Metro Cali S.A. 22 de agosto de 2023,3.4374689669,-76.5087812984
1062632.6845,871572.9709,2004,502851,SANTA MÓNICA A1, , ,ESTACIÓN,AGUABLANCA,20 de Julio,Comuna 11,Zona 8 - CALIPSO, , ,Metro Cali S.A. 22 de agosto de 2023,3.4347251762,-76.5139715714
1062376.1531,871326.4979,2005,518046,Cl 28 con Cl 27, , ,PARADA EXTERNA, ,Aguablanca,Comuna 11,Zona 8 - CALIPSO, , ,Metro Cali S.A. 22 de agosto de 2023,3.4324965953,-76.5162797994
1062333.2043,871070.623,2006,518194,Cl 27 entre Kr 26 y 27, , ,PARADA EXTERNA, ,Aguablanca,Comuna 11,Zona 8 - CALIPSO, , ,Metro Cali S.A. 22 de agosto de 2023,3.4301829914,-76.5166662526
1062255.6091,870012.613,2007,516266,Cl 27 entre Kr 36 y 37,Escuela Jose Maria Vivas, ,PARADA EXTERNA, ,El Jardín,Comuna 11,Zona 8 - CALIPSO, , ,Metro Cali S.A. 22 de agosto de 2023,3.4206165308,-76.5173644671
1062285.7784,870439.5238,2008,518011,Cl 27 entre Kr 32A y 32B, , ,PARADA EXTERNA, ,El Jardín,Comuna 11,Zona 8 - CALIPSO, , ,Metro Cali S.A. 22 de agosto de 2023,3.4244766318,-76.517093
1062280.2829,870067.0809,2009,518033,Cl 27 entre Kr 36 y 35, , ,PARADA EXTERNA, ,El Jardín,Comuna 11,Zona 8 - CALIPSO, , ,Metro Cali S.A. 22 de agosto de 2023,3.4211090255,-76.5171424587
1062274.042,870265.1778,2010,518034,Cl 27 entre Kr 33 y 33B, , ,PARADA EXTERNA, ,El Jardín,Comuna 11,Zona 8 - CALIPSO, , ,Metro Cali S.A. 22 de agosto de 2023,3.422900206,-76.517198606
1062292.2302,870241.2825,2011,518035,Cl 27 entre Kr 33A y 33, , ,PARADA EXTERNA, ,El Jardín,Comuna 11,Zona 8 - CALIPSO, , ,Metro Cali S.A. 22 de agosto de 2023,3.4226841456,-76.517034955
1062297.5502,870591.8772,2012,518036,Cl 27 entre Kr 31 y 31B, , ,PARADA EXTERNA, ,El Jardín,Comuna 11,Zona 8 - CALIPSO, , ,Metro Cali S.A. 22 de agosto de 2023,3.4258542017,-76.5169870756
1062318.4554,870617.2713,2013,518037,Cl 27 entre Kr 31A y 31, , ,PARADA EXTERNA, ,El Jardín,Comuna 11,Zona 8 - CALIPSO, , ,Metro Cali S.A. 22 de agosto de 2023,3.4260838129,-76.5167989756
1062226.7631,870518.4889,2014,518081,Kr 32 entre Cl 26B y 27, , ,PARADA EXTERNA, ,El Jardín,Comuna 11,Zona 8 - CALIPSO, , ,Metro Cali S.A. 22 de agosto de 2023,3.4251906315,-76.517624
1062141.9529,869891.2704,2015,518165,Kr 39 entre Cl 26C y 26B,Polideportivo, ,PARADA EXTERNA, ,El Jardín,Comuna 11,Zona 8 - CALIPSO, , ,Metro Cali S.A. 22 de agosto de 2023,3.4195193611,-76.5183871103
1062375.7351,871696.3009,2016,518016,Kr 23 entre Cl 26B y Tv 25,Comfandi El Prado, ,PARADA EXTERNA, ,El Prado,Comuna 11,Zona 8 - CALIPSO, , ,Metro Cali S.A. 22 de agosto de 2023,3.4358403319,-76.5162835456
1062551.5562,871571.0883,2017,518045,Cl 28 entre Tv 25 y Kr 24A,Conexión con la estación Santa Mónica, ,PARADA EXTERNA, ,El Prado,Comuna 11,Zona 8 - CALIPSO, , ,Metro Cali S.A. 22 de agosto de 2023,3.4347081586,-76.5147015477
1062118.1394,871655.8731,2018,518154,Kr 23 entre Cl 25 y Kr 23A Bis, , ,PARADA EXTERNA, ,El Prado,Comuna 11,Zona 8 - CALIPSO, , ,Metro Cali S.A. 22 de agosto de 2023,3.4354747938,-76.5186013435
1062346.0599,870994.6686,2019,518083,Cl 27 entre Kr 28 y 27, , ,PARADA EXTERNA, ,El Recuerdo,Comuna 11,Zona 8 - CALIPSO, , ,Metro Cali S.A. 22 de agosto de 2023,3.4294962157,-76.5165505839
1062372.293,871230.4433,2020,518084,Cl 27 entre Kr 25B y Cl 28, , ,PARADA EXTERNA, ,El Recuerdo,Comuna 11,Zona 8 - CALIPSO, , ,Metro Cali S.A. 22 de agosto de 2023,3.4316280755,-76.5163145356
1061866.449,869918.0645,2021,516014,Cl 25 entre Kr 39 y 37, , ,PARADA EXTERNA, ,La Esperanza,Comuna 11,Zona 8 - CALIPSO, , ,Metro Cali S.A. 22 de agosto de 2023,3.4197616338,-76.520866
1061962.2385,869881.8501,2022,518009,Kr 39 entre Cl 26A y 26, , ,PARADA EXTERNA, ,La Esperanza,Comuna 11,Zona 8 - CALIPSO, , ,Metro Cali S.A. 22 de agosto de 2023,3.4194341857,-76.5200041189
1062813.1348,870485.203,2023,518070,Kr 32 entre Cl 32 y 31A, , ,PARADA EXTERNA, ,La Fortaleza,Comuna 11,Zona 8 - CALIPSO, , ,Metro Cali S.A. 22 de agosto de 2023,3.4248896315,-76.512348
1062522.1716,870512.4075,2024,518072,Kr 32 entre Cl 30A y 29, , ,PARADA EXTERNA, ,La Fortaleza,Comuna 11,Zona 8 - CALIPSO, , ,Metro Cali S.A. 22 de agosto de 2023,3.4251356315,-76.514966
1063541.4338,870327.6129,2025,518125,Kr 32 entre Dg 30 y Cl 35H, , ,PARADA EXTERNA, ,La Gran Colombia,Comuna 11,Zona 8 - CALIPSO, , ,Metro Cali S.A. 22 de agosto de 2023,3.4234646316,-76.5057949998
1063129.2157,870452.0275,2026,518038,Kr 32 entre Cl 35 y 34, , ,PARADA EXTERNA, ,León XIII,Comuna 11,Zona 8 - CALIPSO, , ,Metro Cali S.A. 22 de agosto de 2023,3.4245896314,-76.5095039999
1063579.9402,870736.5091,2027,502750,CONQUISTADORES B1, , ,ESTACIÓN,AGUABLANCA,Los Conquistadores,Comuna 11,Zona 8 - CALIPSO, , ,Metro Cali S.A. 22 de agosto de 2023,3.4271618412,-76.5054484734
1063575.3963,870756.6288,2028,502751,CONQUISTADORES A1, , ,ESTACIÓN,AGUABLANCA,Los Conquistadores,Comuna 11,Zona 8 - CALIPSO, , ,Metro Cali S.A. 22 de agosto de 2023,3.4273437629,-76.5054893553
1063423.4024,870410.5579,2029,518128,Kr 32 entre Dg 30 y Cl 35E, , ,PARADA EXTERNA, ,Los Conquistadores,Comuna 11,Zona 8 - CALIPSO, , ,Metro Cali S.A. 22 de agosto de 2023,3.4242146314,-76.5068569999
1063035.5223,871285.2942,2030,502800,VILLANUEVA B1, , ,ESTACIÓN,AGUABLANCA,Prados de Oriente,Comuna 11,Zona 8 - CALIPSO, , ,Metro Cali S.A. 22 de agosto de 2023,3.4321239886,-76.5103469453
1062638.5805,871553.1655,2031,502850,SANTA MÓNICA B1, , ,ESTACIÓN,AGUABLANCA,Prados de Oriente,Comuna 11,Zona 8 - CALIPSO, , ,Metro Cali S.A. 22 de agosto de 2023,3.4345460966,-76.5139185216
1062546.6514,871525.6998,2032,518085,Cl 28 entre Kr 23C y 23B,Conexión con la estación Santa Mónica, ,PARADA EXTERNA, ,Prados de Oriente,Comuna 11,Zona 8 - CALIPSO, , ,Metro Cali S.A. 22 de agosto de 2023,3.4342977588,-76.5147456826
1063195.363,869954.3873,2033,518003,Kr 39 entre Dg 30 y Cl 34C, , ,PARADA EXTERNA, ,Primavera,Comuna 11,Zona 8 - CALIPSO, , ,Metro Cali S.A. 22 de agosto de 2023,3.4200899913,-76.5089088802
1063229.8965,870423.8582,2034,518069,Kr 32 entre Cl 34 y 35, , ,PARADA EXTERNA, ,Primavera,Comuna 11,Zona 8 - CALIPSO, , ,Metro Cali S.A. 22 de agosto de 2023,3.4243349153,-76.5085981067
1062562.0318,869917.2434,2035,518004,Kr 39 entre Cl 31 y 29, , ,PARADA EXTERNA, ,San Carlos,Comuna 11,Zona 8 - CALIPSO, , ,Metro Cali S.A. 22 de agosto de 2023,3.4197541912,-76.5146073828
1062904.3413,869937.9787,2036,518006,Kr 39 entre Cl 32A y 32, , ,PARADA EXTERNA, ,San Carlos,Comuna 11,Zona 8 - CALIPSO, , ,Metro Cali S.A. 22 de agosto de 2023,3.4199416543,-76.5115273967
1062921.4648,870456.7813,2037,518071,Kr 32 entre Cl 32 y 32A, , ,PARADA EXTERNA, ,San Carlos,Comuna 11,Zona 8 - CALIPSO, , ,Metro Cali S.A. 22 de agosto de 2023,3.4246326349,-76.5113732805
1062601.3928,870488.716,2038,518073,Kr 32 entre Cl 30 y 31, , ,PARADA EXTERNA, ,San Carlos,Comuna 11,Zona 8 - CALIPSO, , ,Metro Cali S.A. 22 de agosto de 2023,3.4249214101,-76.5142531921
1063689.1201,870269.3885,2039,505100,EL DIAMANTE A1, , ,ESTACIÓN,ORIENTAL,San Pedro Claver,Comuna 11,Zona 8 - CALIPSO, , ,Metro Cali S.A. 22 de agosto de 2023,3.422938148,-76.5044661724
1063827.0595,870433.5757,2040,518058,Cl 36 entre Kr 29 y 29C, , ,PARADA EXTERNA, ,San Pedro Claver,Comuna 11,Zona 8 - CALIPSO, , ,Metro Cali S.A. 22 de agosto de 2023,3.4244226975,-76.5032250103
1063677.6206,870640.3166,2041,518131,Kr 29 entre Cl 35F Bis y 35G,Conexión con la estación Conquistadores, ,PARADA EXTERNA, ,San Pedro Claver,Comuna 11,Zona 8 - CALIPSO, , ,Metro Cali S.A. 22 de agosto de 2023,3.4262920599,-76.5045695861
1061899.1242,870237.5754,2042,516016,Cl 25 entre Kr 33B y 33A,Institución Educativa Boyacá, ,PARADA EXTERNA, ,Urbanización Boyacá,Comuna 11,Zona 8 - CALIPSO, , ,Metro Cali S.A. 22 de agosto de 2023,3.4226506325,-76.520572
1061923.9083,870471.817,2043,518040,Cl 25 entre Kr 32B y 32A, , ,PARADA EXTERNA, ,Urbanización Boyacá,Comuna 11,Zona 8 - CALIPSO, , ,Metro Cali S.A. 22 de agosto de 2023,3.4247686317,-76.520349
1063677.1793,872027.0482,2044,518025,Kr 23 entre Cl 39 y 41, , ,PARADA EXTERNA, ,Asturias,Comuna 12,Zona 8 - CALIPSO, , ,Metro Cali S.A. 22 de agosto de 2023,3.4388308043,-76.5045733483
1063962.9198,872126.5292,2045,518027,Kr 23 entre Cl 43 y 44, , ,PARADA EXTERNA, ,Asturias,Comuna 12,Zona 8 - CALIPSO, , ,Metro Cali S.A. 22 de agosto de 2023,3.4397302588,-76.5020022842
1064036.4882,872077.8691,2046,518158,Cl 44 entre Kr 24 y 24A, , ,PARADA EXTERNA, ,Asturias,Comuna 12,Zona 8 - CALIPSO, , ,Metro Cali S.A. 22 de agosto de 2023,3.4392902639,-76.5013403359
1063702.5808,870648.0112,2047,515034,Kr 29 entre Cl 48 y 46,Conexión con la estación Conquistadores, ,PARADA EXTERNA, ,Doce de Octubre,Comuna 12,Zona 8 - CALIPSO, , ,Metro Cali S.A. 22 de agosto de 2023,3.4263616305,-76.5043449998
1063678.7253,870762.8155,2048,518132,Cl 44 entre Tv 29 y Kr 28F,Conexión con la estación Conquistadores, ,PARADA EXTERNA, ,Doce de Octubre,Comuna 12,Zona 8 - CALIPSO, , ,Metro Cali S.A. 22 de agosto de 2023,3.4273996875,-76.5045596279
1063809.493,871016.4888,2049,518133,Cl 44 entre Kr 28E y 28D, , ,PARADA EXTERNA, ,Doce de Octubre,Comuna 12,Zona 8 - CALIPSO, , ,Metro Cali S.A. 22 de agosto de 2023,3.4296933658,-76.5033829744
1063793.6831,871045.8708,2050,518143,Cl 44 entre Kr 28D y 28D1, , ,PARADA EXTERNA, ,Eduardo Santos,Comuna 12,Zona 8 - CALIPSO, , ,Metro Cali S.A. 22 de agosto de 2023,3.4299590386,-76.5035252233
1063662.1206,870788.5864,2051,518162,Cl 44 entre Kr 28E1 y Tv 29,Conexión con la estación Conquistadores, ,PARADA EXTERNA, ,Eduardo Santos,Comuna 12,Zona 8 - CALIPSO, , ,Metro Cali S.A. 22 de agosto de 2023,3.4276327089,-76.5047090287
1063514.8419,871972.8827,2052,518023,Kr 23 entre Cl 36 y 38, , ,PARADA EXTERNA, ,El Rodeo,Comuna 12,Zona 8 - CALIPSO, , ,Metro Cali S.A. 22 de agosto de 2023,3.4383410665,-76.5060340413
1064122.1205,871846.3963,2053,518159,Cl 44 entre Kr 25 y 25A, , ,PARADA EXTERNA, ,El Rodeo,Comuna 12,Zona 8 - CALIPSO, , ,Metro Cali S.A. 22 de agosto de 2023,3.4371972847,-76.5005698735
1064117.733,871661.8422,2054,518160,Cl 44 entre Cl 43 y 42A, , ,PARADA EXTERNA, ,El Rodeo,Comuna 12,Zona 8 - CALIPSO, , ,Metro Cali S.A. 22 de agosto de 2023,3.4355285584,-76.5006093861
1064133.2195,871886.0278,2055,518102,Cl 44 entre Kr 26 y 24C,Unidad Recreativa La Tortuga, ,PARADA EXTERNA, ,Fenalco Kennedy,Comuna 12,Zona 8 - CALIPSO, , ,Metro Cali S.A. 22 de agosto de 2023,3.4375556285,-76.5004699996
1064405.8399,871925.7378,2056,518137,Cl 52 entre Kr 25 y 25A, , ,PARADA EXTERNA, ,Fenalco Kennedy,Comuna 12,Zona 8 - CALIPSO, , ,Metro Cali S.A. 22 de agosto de 2023,3.4379146284,-76.4980169994
1064155.9029,870731.3913,2057,503004,CALIPSO A4, , ,TERMINAL,ORIENTAL,Julio Rincón,Comuna 12,Zona 8 - CALIPSO, , ,Metro Cali S.A. 22 de agosto de 2023,3.4271154697,-76.5002661182
1064124.7457,870701.8053,2058,503005,CALIPSO A5, , ,TERMINAL,ORIENTAL,Julio Rincón,Comuna 12,Zona 8 - CALIPSO, , ,Metro Cali S.A. 22 de agosto de 2023,3.4268479608,-76.5005464678
1064091.3931,870670.0925,2059,503006,CALIPSO A6, , ,TERMINAL,ORIENTAL,Julio Rincón,Comuna 12,Zona 8 - CALIPSO, , ,Metro Cali S.A. 22 de agosto de 2023,3.4265612218,-76.5008465712
1064217.4864,870769.1235,2060,503008,CALIPSO B5, , ,TERMINAL,ORIENTAL,Julio Rincón,Comuna 12,Zona 8 - CALIPSO, , ,Metro Cali S.A. 22 de agosto de 2023,3.4274566298,-76.4997119995
1064246.7153,870798.432,2061,503009,CALIPSO B6, , ,TERMINAL, ,Julio Rincón,Comuna 12,Zona 8 - CALIPSO, , ,Metro Cali S.A. 22 de agosto de 2023,3.4277216297,-76.4994489995
1064238.9354,870806.7265,2062,503010,CALIPSO A1, , ,TERMINAL,ORIENTAL,Julio Rincón,Comuna 12,Zona 8 - CALIPSO, , ,Metro Cali S.A. 22 de agosto de 2023,3.4277966297,-76.4995189995
1064208.4839,870779.1875,2063,503011,CALIPSO A2, , ,TERMINAL,ORIENTAL,Julio Rincón,Comuna 12,Zona 8 - CALIPSO, , ,Metro Cali S.A. 22 de agosto de 2023,3.4275476298,-76.4997929995
1064184.9244,870758.9221,2064,503012,CALIPSO A3, , ,TERMINAL,ORIENTAL,Julio Rincón,Comuna 12,Zona 8 - CALIPSO, , ,Metro Cali S.A. 22 de agosto de 2023,3.4273643959,-76.5000049854
1064416.1673,872283.294,2065,518028,Kr 23 entre Cl 53 y 55, , ,PARADA EXTERNA, ,Nueva Floresta,Comuna 12,Zona 8 - CALIPSO, , ,Metro Cali S.A. 22 de agosto de 2023,3.4411476285,-76.4979239994
1064245.4239,872387.5533,2066,518031,Cl 52 entre Kr 20 y 22, , ,PARADA EXTERNA, ,Nueva Floresta,Comuna 12,Zona 8 - CALIPSO, , ,Metro Cali S.A. 22 de agosto de 2023,3.44209037,-76.4994603038
1064582.1452,871482.9459,2067,518050,Cl 70 entre Kr 26J y 26K, , ,PARADA EXTERNA, ,Nueva Floresta,Comuna 12,Zona 8 - CALIPSO, , ,Metro Cali S.A. 22 de agosto de 2023,3.4339108918,-76.4964307354
1064402.3849,872340.4717,2068,518076,Kr 23 entre Cl 54 y 53, , ,PARADA EXTERNA, ,Nueva Floresta,Comuna 12,Zona 8 - CALIPSO, , ,Metro Cali S.A. 22 de agosto de 2023,3.4416646285,-76.4980479994
1064080.2294,872229.7797,2069,518077,Kr 23 entre Cl 49 y 48, , ,PARADA EXTERNA, ,Nueva Floresta,Comuna 12,Zona 8 - CALIPSO, , ,Metro Cali S.A. 22 de agosto de 2023,3.4406638224,-76.5009467314
1064056.8635,872093.6144,2070,518103,Cl 44 entre Kr 24B y 23, , ,PARADA EXTERNA, ,Nueva Floresta,Comuna 12,Zona 8 - CALIPSO, , ,Metro Cali S.A. 22 de agosto de 2023,3.4394326284,-76.5011569996
1064134.8942,871651.2478,2071,518135,Cl 44 entre Kr 26L y 26K,El popalito, ,PARADA EXTERNA, ,Nueva Floresta,Comuna 12,Zona 8 - CALIPSO, , ,Metro Cali S.A. 22 de agosto de 2023,3.4354327612,-76.500454975
1064921.1223,872113.5037,2072,518147,Cl 70 entre Kr 25 y 25A, , ,PARADA EXTERNA, ,Nueva Floresta,Comuna 12,Zona 8 - CALIPSO, , ,Metro Cali S.A. 22 de agosto de 2023,3.4396122753,-76.4933805287
1064735.3179,871780.9592,2073,518148,Cl 70 entre Kr 26E y 26F, , ,PARADA EXTERNA, ,Nueva Floresta,Comuna 12,Zona 8 - CALIPSO, , ,Metro Cali S.A. 22 de agosto de 2023,3.4366054742,-76.4950524478
1064260.6651,872394.1881,2074,518153,Cl 52 entre Kr 22 y 20, , ,PARADA EXTERNA, ,Nueva Floresta,Comuna 12,Zona 8 - CALIPSO, , ,Metro Cali S.A. 22 de agosto de 2023,3.4421503584,-76.4993231642
1063973.385,872316.2261,2075,518156,Cl 44 entre Kr 21 y 19, , ,PARADA EXTERNA, ,Nueva Floresta,Comuna 12,Zona 8 - CALIPSO, , ,Metro Cali S.A. 22 de agosto de 2023,3.441445485,-76.5019080866
1064409.2302,871145.1419,2076,518164,Cl 70 entre Kr 27 y 27A, , ,PARADA EXTERNA, ,Nueva Floresta,Comuna 12,Zona 8 - CALIPSO, , ,Metro Cali S.A. 22 de agosto de 2023,3.4308565265,-76.4979866603
1063936.8112,871268.4804,2077,518134,Cl 44 entre Kr 28A y 28, , ,PARADA EXTERNA, ,Sindical,Comuna 12,Zona 8 - CALIPSO, , ,Metro Cali S.A. 22 de agosto de 2023,3.4319718373,-76.5022373534
1063920.2301,871286.9693,2078,518161,Cl 44 entre Kr 28 y 28A, , ,PARADA EXTERNA, ,Sindical,Comuna 12,Zona 8 - CALIPSO, , ,Metro Cali S.A. 22 de agosto de 2023,3.4321390157,-76.5023865432
1063023.5691,871302.1722,2079,502801,VILLANUEVA A1, , ,ESTACIÓN,AGUABLANCA,Villanueva,Comuna 12,Zona 8 - CALIPSO, , ,Metro Cali S.A. 22 de agosto de 2023,3.4322765996,-76.5104544959
1064109.6592,870661.1571,2080,503001,CALIPSO B1, , ,TERMINAL,ORIENTAL,Calipso,Comuna 13,Zona 8 - CALIPSO, , ,Metro Cali S.A. 22 de agosto de 2023,3.4264804251,-76.5006822196
1064142.8596,870692.7635,2081,503002,CALIPSO B2, , ,TERMINAL,ORIENTAL,Calipso,Comuna 13,Zona 8 - CALIPSO, , ,Metro Cali S.A. 22 de agosto de 2023,3.4267662019,-76.5003834856
1064174.1499,870722.5141,2082,503003,CALIPSO B3, , ,TERMINAL,ORIENTAL,Calipso,Comuna 13,Zona 8 - CALIPSO, , ,Metro Cali S.A. 22 de agosto de 2023,3.4270351991,-76.5001019384
1064203.1256,870749.9924,2083,503007,CALIPSO B4, , ,TERMINAL,ORIENTAL,Calipso,Comuna 13,Zona 8 - CALIPSO, , ,Metro Cali S.A. 22 de agosto de 2023,3.4272836506,-76.4998412176
1064601.9024,870361.3259,2084,515180,Cl 72I entre Kr 28E y 28E1, , ,PARADA EXTERNA, ,Calipso,Comuna 13,Zona 8 - CALIPSO, , ,Metro Cali S.A. 22 de agosto de 2023,3.4237692662,-76.4962532203
1064579.6579,871136.6857,2085,518185,Kr 27 entre Cl 70B y 70C, , ,PARADA EXTERNA, ,El Pondaje,Comuna 13,Zona 8 - CALIPSO, , ,Metro Cali S.A. 22 de agosto de 2023,3.4307800283,-76.4964531941
1064664.4981,871133.6797,2086,518188,Kr 27 entre Cl 70E y 70D, , ,PARADA EXTERNA, ,El Pondaje,Comuna 13,Zona 8 - CALIPSO, , ,Metro Cali S.A. 22 de agosto de 2023,3.4307528286,-76.4956898228
1064525.7944,871181.4931,2087,518189,Cl 70 entre Kr 27 y 26M, , ,PARADA EXTERNA, ,El Pondaje,Comuna 13,Zona 8 - CALIPSO, , ,Metro Cali S.A. 22 de agosto de 2023,3.4311851863,-76.4969378351
1064545.1421,870695.3975,2088,515178,Kr 28D con Cl 72F, , ,PARADA EXTERNA, ,Yira Castro,Comuna 13,Zona 8 - CALIPSO, , ,Metro Cali S.A. 22 de agosto de 2023,3.4267899346,-76.4967638577
